,avgprice,avgprice_slope,avgprice_acceleration,avgprice_gt_close,avgprice_lt_close,avgprice_direction,avgprice_signal_2,avgprice_signal_2_slope,avgprice_hist_2,avgprice_hist_2_slope,avgprice_hist_2_acceleration,avgprice_hist_2_gt_0,avgprice_hist_2_lt_0,avgprice_hist_2_abs,avgprice_2_strength,avgprice_signal_5,avgprice_signal_5_slope,avgprice_hist_5,avgprice_hist_5_slope,avgprice_hist_5_acceleration,avgprice_hist_5_gt_0,avgprice_hist_5_lt_0,avgprice_hist_5_abs,avgprice_5_strength,avgprice_signal_8,avgprice_signal_8_slope,avgprice_hist_8,avgprice_hist_8_slope,avgprice_hist_8_acceleration,avgprice_hist_8_gt_0,avgprice_hist_8_lt_0,avgprice_hist_8_abs,avgprice_8_strength,avgprice_signal_11,avgprice_signal_11_slope,avgprice_hist_11,avgprice_hist_11_slope,avgprice_hist_11_acceleration,avgprice_hist_11_gt_0,avgprice_hist_11_lt_0,avgprice_hist_11_abs,avgprice_11_strength,avgprice_signal_14,avgprice_signal_14_slope,avgprice_hist_14,avgprice_hist_14_slope,avgprice_hist_14_acceleration,avgprice_hist_14_gt_0,avgprice_hist_14_lt_0,avgprice_hist_14_abs,avgprice_14_strength,avgprice_signal_17,avgprice_signal_17_slope,avgprice_hist_17,avgprice_hist_17_slope,avgprice_hist_17_acceleration,avgprice_hist_17_gt_0,avgprice_hist_17_lt_0,avgprice_hist_17_abs,avgprice_17_strength,avgprice_signal_20,avgprice_signal_20_slope,avgprice_hist_20,avgprice_hist_20_slope,avgprice_hist_20_acceleration,avgprice_hist_20_gt_0,avgprice_hist_20_lt_0,avgprice_hist_20_abs,avgprice_20_strength
avgprice,1.0,0.04488141895643445,0.006116238663229678,0.012603171678036694,0.05116544909604626,0.04692608897048462,0.9999538848573447,0.060768617556822384,0.06076861755682193,0.006860123300320122,0.004171249496340753,0.0771216545980393,0.07712165459804207,0.29653199318167417,0.2084024129830604,0.9996429212859267,0.09206267260068764,0.09206267260068085,0.007396718674953915,0.005071641708418084,0.1105421505979756,0.11054215059797674,0.3062219474306105,0.2050053448192275,0.999269538227043,0.1145237713715193,0.11452377137151983,0.007519373151654603,0.005399894747554852,0.11869436353946214,0.11869436353946236,0.31040616902616314,0.2069202570845219,0.9988797773057847,0.13340201597965895,0.13340201597965406,0.00768574480129893,0.005551962781045041,0.13648560413913216,0.1364856041391306,0.31072801745405076,0.20915589684426628,0.9984838274573281,0.15014762027384507,0.15014762027384132,0.007879417610491194,0.0056401028470948154,0.1364576186826375,0.13645761868263945,0.3104163970485188,0.21210330044106554,0.9980844156842817,0.1653101378837065,0.16531013788371468,0.008057149462105126,0.005701004699268702,0.14480359701644635,0.14480359701644813,0.30823640054383455,0.21479502151986446,0.9976824392837774,0.17918010757722627,0.1791801075772255,0.008195800742613116,0.005748174965896187,0.1588758840883554,0.15887588408835612,0.305266561101893,0.21755824650434602
avgprice_slope,0.04488141895643445,1.0,0.5883178572441723,0.25168194648599174,0.2616076204408442,0.6629792220060375,0.03579184361031781,0.9472438901282991,0.9472438901283006,0.7233645354273442,0.3155552930442361,0.6293404965156133,0.6293404965156123,0.1902157116299956,0.28935081918252636,0.024600222965470767,0.7593002150592219,0.7593002150592227,0.8572958634221719,0.43346783538224226,0.511926715202179,0.5119267152021789,0.19445191150127283,0.33876333358744537,0.020238559484200686,0.6448919757244103,0.64489197572441,0.9032211855320187,0.47954485681811954,0.4241560276286537,0.42415602762865356,0.1637657796081315,0.32228297566813585,0.0179286730406264,0.5694269695512282,0.5694269695512306,0.926767453947168,0.5043434174911181,0.376396555700119,0.3763965557001192,0.13795744242968586,0.30014584944885186,0.01650311423133595,0.5152116257807405,0.5152116257807399,0.9410917871669765,0.5199035174806172,0.33787549907345527,0.33787549907345515,0.11385377866248257,0.27345959940566955,0.015529729845510468,0.473955091716044,0.47395509171604355,0.9507028754750232,0.5305939766482035,0.31504007481352037,0.3150400748135201,0.09343230326017161,0.24989367840901763,0.014816037532194834,0.4412502206843578,0.4412502206843574,0.9575885831491805,0.5383949589069973,0.29305637761751663,0.2930563776175168,0.07683666135036873,0.22924492480456898
avgprice_acceleration,0.006116238663229678,0.5883178572441723,1.0,0.20099949764729455,0.20202610731028284,0.3658535990298585,0.0091299270228928,0.3128875316882014,0.3128875316882012,0.9520516284394829,0.9108118617613363,0.190729109277376,0.19072910927737563,0.0405946638538195,0.10049464616942884,0.007587969874294777,0.05436140925831845,0.0543614092583188,0.8147633548650676,0.976349306278953,0.03429779748382672,0.03429779748382671,0.02459349493617909,0.12962646194789745,0.005784332248081232,0.009212398688743214,0.009212398688742452,0.7496059688782489,0.9891880527212347,0.018043930358279364,0.018043930358279354,0.003270616268754581,0.09994440868902714,0.004591860022715589,0.03259868966394928,0.032598689663948854,0.7132114902281183,0.9938169111863588,0.028797200342971778,0.02879720034297187,0.014092089885784661,0.08040401571018403,0.003776069556168967,0.04278292198624798,0.04278292198624718,0.6901312412311176,0.9960005241537335,0.033448824823418245,0.03344882482341826,0.019409198908877125,0.06316007457291965,0.0031894563740276554,0.04748123851871973,0.04748123851872027,0.6742348286816897,0.9972022871073916,0.02846761768786285,0.028467617687862806,0.021944587610535124,0.04960052679515267,0.0027494223522313557,0.04957141374450052,0.04957141374450034,0.6626361326073053,0.9979337109457709,0.02962070183423174,0.02962070183423176,0.02217961417965599,0.03957771989705041
avgprice_gt_close,0.012603171678036694,0.25168194648599174,0.20099949764729455,1.0,0.9593880892655751,0.26422957870538,0.010469494423534694,0.22247076769189175,0.22247076769189156,0.21638234857849908,0.1493109695936658,0.23606024119749952,0.23606024119749933,0.010971776105536377,0.02320231145462463,0.008144873003693917,0.16712816721371151,0.1671281672137119,0.2347325707645917,0.1697834018655958,0.1647150032551163,0.1647150032551163,0.026698862870630582,0.02524003203412079,0.007435171059921088,0.13554896689818605,0.13554896689818627,0.24235072508963607,0.1785128463316531,0.12662984979308642,0.1266298497930863,0.028929809095659346,0.024242558120239736,0.007205414777978773,0.11443509199238763,0.11443509199238809,0.24644720041298943,0.18342677493177867,0.10616754371581971,0.1061675437158198,0.030775908084571535,0.02227313590572717,0.00717017956068294,0.09912961940312909,0.0991296194031289,0.2489052024770726,0.18659144710847,0.096116270625568,0.09611627062556792,0.03284962078442643,0.019700429166074576,0.007222157963865724,0.08747932610790406,0.08747932610790381,0.2504760973742964,0.1888017714702694,0.08387110595403836,0.08387110595403846,0.03417862341102804,0.017786724921258212,0.007314265105103531,0.07830767886917549,0.0783076788691759,0.25152243026066257,0.19043235960171978,0.07136828936259812,0.07136828936259801,0.03517442846524613,0.01603171210534969
avgprice_lt_close,0.05116544909604626,0.2616076204408442,0.20202610731028284,0.9593880892655751,1.0,0.27687629099040834,0.04893524088293009,0.234662329965985,0.2346623299659862,0.21755288998681327,0.14998537960201305,0.2484913661611542,0.2484913661611545,0.0035818531401157747,0.02336707453593249,0.04633167184162741,0.1841571560715012,0.18415715607150143,0.23573201541172806,0.17072495021704714,0.18105073689158674,0.18105073689158693,0.011777131238622703,0.028926037748522954,0.04532153636791447,0.1568037097075545,0.15680370970755428,0.24297472743379817,0.17956060570753027,0.14808963626405916,0.14808963626405916,0.009953332234548022,0.029488843846432296,0.04476494558016096,0.13967595666459934,0.13967595666459942,0.24669475195394747,0.184523804356231,0.13208520921538033,0.1320852092153804,0.008375324209277404,0.028505157638525975,0.04438160975081947,0.1281317406137595,0.1281317406137597,0.24882112769572765,0.18771180304586085,0.1230125598086021,0.12301255980860222,0.00773050785033276,0.02650270259440103,0.0440712827116338,0.11998649260736008,0.11998649260735998,0.2501211265794176,0.189931497695266,0.11350614116489521,0.11350614116489537,0.006876699009209159,0.0250053054024931,0.04379351370841098,0.11404337714265853,0.11404337714265873,0.250959117490725,0.19156353521555983,0.1034779989422296,0.10347799894222962,0.005776699352970705,0.02360297367048956
avgprice_direction,0.04692608897048462,0.6629792220060375,0.3658535990298585,0.26422957870538,0.27687629099040834,1.0,0.040793716954090724,0.6399992625897135,0.6399992625897126,0.4537327547875932,0.1909719051415426,0.8033512071351285,0.8033512071351282,0.03928023246978753,0.07121716498758146,0.03276292286565739,0.5314768594577063,0.5314768594577068,0.5461569482376831,0.2646971097030849,0.5615913261536838,0.5615913261536839,0.022334740975179474,0.07991549012048672,0.02936072101638769,0.461104160097489,0.46110416009749006,0.5799746413974461,0.2941582207173589,0.44963906353467165,0.44963906353467165,0.010508608690983946,0.07575575606771116,0.02743491562408511,0.41337814053371036,0.4133781405337117,0.598041234778725,0.3101927589202067,0.38903980200041355,0.3890398020004138,0.0031818660565019765,0.07052759749708135,0.026161126140641772,0.3787217946370299,0.3787217946370291,0.6092680057253499,0.3203415358946724,0.3545496524379255,0.3545496524379262,0.0025786846792044973,0.06451774555661796,0.025219843716239858,0.35235177033718446,0.352351770337184,0.616868210342487,0.32735993726747725,0.33092123545520113,0.3309212354552015,0.008283999318543846,0.05891295012908945,0.024467196835527377,0.3315666093506925,0.3315666093506927,0.6223302806353472,0.33250569331234536,0.30966871016656056,0.30966871016656056,0.012726350532790183,0.05407188205302391
avgprice_signal_2,0.9999538848573447,0.03579184361031781,0.0091299270228928,0.010469494423534694,0.04893524088293009,0.040793716954090724,1.0,0.05118001444053593,0.05118001444053548,0.01132714105415197,0.004760093146830926,0.0706698938415876,0.07066989384159025,0.29876281638092195,0.21147050948832977,0.9998297393153948,0.08337893827144595,0.0833789382714392,0.013779356058838723,0.00654964400869926,0.10466244216226674,0.10466244216226799,0.30855243274882976,0.20852793842256231,0.99951951623081,0.10682226706462415,0.10682226706462478,0.014696187112396819,0.007291384684611067,0.1135570307335406,0.1135570307335407,0.3125164016663611,0.21038510509425523,0.9991651346034107,0.12645465636705622,0.12645465636705122,0.01530016820177747,0.007681349428489244,0.13184871539085735,0.13184871539085594,0.3125975665043452,0.21245772630891321,0.9987916745369056,0.14378453320615847,0.14378453320615517,0.015770691473066183,0.007924247761492876,0.13224484750240942,0.1322448475024118,0.3120347462740821,0.21517838401632725,0.9984078510783021,0.15941277910170237,0.15941277910171062,0.01613892759314387,0.008093916451559867,0.1408866395955168,0.14088663959551886,0.3096284539645813,0.21766064920511624,0.9980173688067617,0.17366390363921136,0.17366390363921042,0.016416500223638403,0.00822170131246772,0.15521869489963133,0.1552186948996322,0.3064629418134467,0.220230656601573
avgprice_signal_2_slope,0.060768617556822384,0.9472438901282991,0.3128875316882014,0.22247076769189175,0.234662329965985,0.6399992625897135,0.05118001444053593,1.0,1.0000000000000007,0.463898740048059,0.06096840492516899,0.6748853787196125,0.674885378719612,0.21526367373117467,0.30721939055242964,0.03653855117616253,0.9077035081210583,0.9077035081210598,0.6629700234927217,0.15333335597650344,0.6172994371833708,0.617299437183371,0.22507972749441382,0.35464802999834744,0.029953072960360868,0.806871989891492,0.8068719898914898,0.7455064780440657,0.19629112011802058,0.5405964111527197,0.54059641115272,0.2019533908474112,0.34853901134666493,0.026254083214158355,0.729546133710127,0.7295461337101278,0.7909804207318604,0.221008575660942,0.48957826947739647,0.4895782694773966,0.17691975119336062,0.3314704189894879,0.023894427834670256,0.669756687106035,0.6697566871060345,0.8197442339415102,0.23708855501630763,0.44549573503096246,0.44549573503096196,0.1508285578251032,0.3077384373338844,0.022251887717513148,0.6221996100785057,0.6221996100785036,0.8395344850113634,0.24838990641302364,0.41521728797983254,0.41521728797983276,0.12743036536775776,0.28581781632445774,0.021034736190068442,0.5833603840794886,0.5833603840794879,0.8539656154858781,0.25676600252537085,0.3890057926127939,0.3890057926127938,0.1072592185674807,0.26558093256924886
avgprice_hist_2,0.06076861755682193,0.9472438901283006,0.3128875316882012,0.22247076769189156,0.2346623299659862,0.6399992625897126,0.05118001444053548,1.0000000000000007,1.0,0.46389874004805887,0.06096840492516917,0.6748853787196122,0.6748853787196119,0.21526367373117458,0.30721939055242936,0.0365385511761621,0.9077035081210597,0.907703508121061,0.6629700234927223,0.1533333559765036,0.6172994371833725,0.6172994371833725,0.2250797274944143,0.3546480299983479,0.029953072960360424,0.8068719898914917,0.8068719898914912,0.7455064780440673,0.1962911201180209,0.5405964111527197,0.54059641115272,0.2019533908474113,0.3485390113466647,0.026254083214157904,0.7295461337101276,0.7295461337101298,0.7909804207318614,0.22100857566094212,0.4895782694773973,0.4895782694773971,0.17691975119336117,0.331470418989488,0.0238944278346698,0.6697566871060352,0.669756687106036,0.8197442339415099,0.23708855501630807,0.445495735030963,0.4454957350309626,0.15082855782510388,0.3077384373338845,0.0222518877175127,0.6221996100785075,0.6221996100785059,0.8395344850113647,0.24838990641302447,0.4152172879798336,0.41521728797983376,0.1274303653677583,0.28581781632445763,0.02103473619006795,0.5833603840794889,0.5833603840794876,0.853965615485879,0.25676600252537113,0.38900579261279566,0.38900579261279566,0.10725921856748082,0.26558093256924903
avgprice_hist_2_slope,0.006860123300320122,0.7233645354273442,0.9520516284394829,0.21638234857849908,0.21755288998681327,0.4537327547875932,0.01132714105415197,0.463898740048059,0.46389874004805887,1.0,0.7408423171892334,0.2856031410879769,0.2856031410879771,0.062017767445712066,0.13792809937713563,0.0107190161606025,0.14325884277054676,0.14325884277054748,0.9413322040256149,0.8677712095604609,0.08513015169424014,0.08513015169424018,0.052580244932434385,0.1723293981781644,0.008587735433506351,0.04425481343366514,0.04425481343366561,0.8904640453012428,0.9025847057021904,0.007772569572194356,0.007772569572194341,0.017584775325738516,0.13993863161412515,0.0070036324921252165,0.002251422550797644,0.002251422550798132,0.8575828764539785,0.9178794739992604,0.01432709698460571,0.014327096984605684,0.0001801605406480755,0.11552241458370338,0.005860539872898342,0.018796464191331356,0.018796464191330468,0.8352103946918588,0.9262467463809352,0.02583314316297838,0.02583314316297836,0.010234564100062089,0.09288718453972038,0.005012498447339044,0.030378240730665182,0.030378240730666046,0.8191419632126122,0.9314488626510486,0.02372211148770135,0.023722111487701373,0.016273247957268453,0.07497430923668533,0.004363070535706455,0.03710395274614434,0.03710395274614398,0.8070855593139064,0.9349662978366952,0.028018164445633754,0.028018164445633736,0.018689326559498377,0.061497189778493715
avgprice_hist_2_acceleration,0.004171249496340753,0.3155552930442361,0.9108118617613363,0.1493109695936658,0.14998537960201305,0.1909719051415426,0.004760093146830926,0.06096840492516899,0.06096840492516917,0.7408423171892334,1.0,0.033358332792522885,0.03335833279252295,0.0054400106693729446,0.03451827071398143,0.0021953428150605493,0.07395938394343025,0.07395938394343016,0.5185932297224669,0.972612449193094,0.039571701469053866,0.039571701469053755,0.016955534062614037,0.05205658370561985,0.001111374127570565,0.07994158677760922,0.07994158677760838,0.44418138288142633,0.9538234741045432,0.05010310565384024,0.050103105653840255,0.03090887477231702,0.03059729127639065,0.0006308625254661361,0.07460771523144669,0.07460771523144645,0.4086468375121274,0.9433477847913085,0.043891127988208004,0.043891127988207976,0.0311819824134783,0.020643205342934148,0.00038226304482071564,0.0685656641098938,0.06856566410989333,0.38816332597668585,0.9368513427575315,0.038577795776540066,0.038577795776540094,0.028802299933719803,0.013327725740024372,0.00023868515142280868,0.06325265527861067,0.0632526552786109,0.3749452981938513,0.9324702258751659,0.03049021828118544,0.030490218281185408,0.026220293356528156,0.007729064984828487,0.00014891621994175117,0.058766139305161766,0.058766139305161544,0.3657491186414995,0.9293297418592305,0.027224839630296534,0.02722483963029653,0.023476113535419556,0.003909782195146284
avgprice_hist_2_gt_0,0.0771216545980393,0.6293404965156133,0.190729109277376,0.23606024119749952,0.2484913661611542,0.8033512071351285,0.0706698938415876,0.6748853787196125,0.6748853787196122,0.2856031410879769,0.033358332792522885,1.0,0.9999999999999998,0.06911177643731994,0.08284855528225397,0.060424092174984165,0.6282975754313977,0.628297575431398,0.420513177487219,0.08735993117830508,0.7292145451699255,0.7292145451699253,0.04989944619801878,0.09444966448915655,0.05563070393183602,0.5660365031383044,0.5660365031383051,0.47848520048862786,0.11432777102424597,0.594853300494579,0.5948533004945794,0.031889605766358735,0.09061335094275165,0.052860237348784166,0.5166048442693404,0.5166048442693413,0.5109432079342355,0.1301630674971597,0.5191286189558681,0.5191286189558678,0.019427686194138927,0.08514413946246417,0.051038556779321786,0.47795088427311183,0.477950884273112,0.5316224753386412,0.14058225236573546,0.47222837062002526,0.47222837062002565,0.009712973188184088,0.07878738272974947,0.049721342949344154,0.4471925679200576,0.44719256792005685,0.5458729194179671,0.14796014063669546,0.43709158335927195,0.43709158335927234,0.0008344309312720897,0.07279990916403722,0.04869881234842769,0.4221973714623234,0.4221973714623247,0.5562518584684677,0.15345651538902924,0.4096782450822524,0.4096782450822521,0.00612238632784845,0.06759320351082708
avgprice_hist_2_lt_0,0.07712165459804207,0.6293404965156123,0.19072910927737563,0.23606024119749933,0.2484913661611545,0.8033512071351282,0.07066989384159025,0.674885378719612,0.6748853787196119,0.2856031410879771,0.03335833279252295,0.9999999999999998,1.0,0.06911177643731915,0.0828485552822534,0.06042409217498719,0.6282975754313985,0.6282975754313976,0.4205131774872181,0.08735993117830518,0.7292145451699255,0.729214545169925,0.04989944619801796,0.09444966448915595,0.055630703931838804,0.5660365031383046,0.5660365031383056,0.47848520048862797,0.11432777102424589,0.5948533004945797,0.5948533004945795,0.031889605766357965,0.09061335094275097,0.05286023734878687,0.5166048442693406,0.516604844269341,0.5109432079342355,0.13016306749715956,0.5191286189558685,0.5191286189558683,0.019427686194138108,0.08514413946246367,0.05103855677932457,0.47795088427311244,0.4779508842731121,0.531622475338641,0.1405822523657353,0.47222837062002554,0.472228370620026,0.009712973188183352,0.07878738272974867,0.04972134294934699,0.44719256792005785,0.4471925679200573,0.5458729194179673,0.14796014063669527,0.43709158335927223,0.4370915833592724,0.0008344309312712996,0.07279990916403661,0.04869881234843056,0.42219737146232406,0.4221973714623253,0.5562518584684673,0.15345651538902888,0.40967824508225287,0.40967824508225276,0.006122386327849146,0.06759320351082647
avgprice_hist_2_abs,0.29653199318167417,0.1902157116299956,0.0405946638538195,0.010971776105536377,0.0035818531401157747,0.03928023246978753,0.29876281638092195,0.21526367373117467,0.21526367373117458,0.062017767445712066,0.0054400106693729446,0.06911177643731994,0.06911177643731915,1.0,0.8357475998940966,0.30361507902197415,0.24059278331305742,0.2405927833130596,0.08699398639504018,0.019528755982766013,0.10090733093837406,0.10090733093837397,0.8589357125601248,0.8308622422923567,0.307022070530617,0.24436594279032783,0.24436594279032844,0.10346811668165767,0.02397282031382681,0.12415512041647353,0.12415512041647364,0.74167081654791,0.8094443684468742,0.3095345896474179,0.23972285234131802,0.23972285234131963,0.11623787317809332,0.026517550868487005,0.13094449386961438,0.13094449386961451,0.6653925015054276,0.7885038925620915,0.31145806780979135,0.23163460470843306,0.23163460470843414,0.12628590716024488,0.028299678948161197,0.14239799007527115,0.14239799007527046,0.6140127766694855,0.7755362072921093,0.3129731845092232,0.22213066410315405,0.2221306641031502,0.13436024887779055,0.029651927884025805,0.14021597294484792,0.14021597294484733,0.5756322524640431,0.7650330483064798,0.3141891151158639,0.2121065092606031,0.21210650926060293,0.1409933626737182,0.030722636117324398,0.13139073378634242,0.13139073378634228,0.5462828094003841,0.7569924854916932
avgprice_2_strength,0.2084024129830604,0.28935081918252636,0.10049464616942884,0.02320231145462463,0.02336707453593249,0.07121716498758146,0.21147050948832977,0.30721939055242964,0.30721939055242936,0.13792809937713563,0.03451827071398143,0.08284855528225397,0.0828485552822534,0.8357475998940966,1.0,0.217118967143202,0.30840367861351586,0.3084036786135172,0.17788588570639005,0.06231803549622096,0.09813263902317633,0.09813263902317616,0.6671605654598651,0.9511040571805601,0.22059270536612124,0.2969833981895404,0.29698339818954095,0.1993623736905355,0.07192675932599615,0.11546338111787395,0.11546338111787387,0.5692374704305933,0.919722229300527,0.22298152023775655,0.2824299586683273,0.2824299586683296,0.21439303165272883,0.07726637426996778,0.1201425935195711,0.1201425935195713,0.5059754742220178,0.8879587060996513,0.2247257480381016,0.26756295824223625,0.2675629582422385,0.22555742023454764,0.0808076193065397,0.12940297510604273,0.12940297510604232,0.46407898889875654,0.8657248909772027,0.22605192172932811,0.25327040107710913,0.2532704010771055,0.23418872033226631,0.08336782386080949,0.12852326734293978,0.12852326734293937,0.4319764199758875,0.8456569739486105,0.22708662552271947,0.23979500893101152,0.23979500893101077,0.24107903773215086,0.08531764706686187,0.12116556899819081,0.1211655689981904,0.4066592270647927,0.8278127078602404
avgprice_signal_5,0.9996429212859267,0.024600222965470767,0.007587969874294777,0.008144873003693917,0.04633167184162741,0.03276292286565739,0.9998297393153948,0.03653855117616253,0.0365385511761621,0.0107190161606025,0.0021953428150605493,0.060424092174984165,0.06042409217498719,0.30361507902197415,0.217118967143202,1.0,0.06542194042568472,0.06542194042567796,0.01589037673946933,0.0037885048988566625,0.09219143519785696,0.09219143519785836,0.31335538505440763,0.21468624017945565,0.9999068846249664,0.08863904858803977,0.08863904858804031,0.018646869601410623,0.004634650721164476,0.10086836249462346,0.10086836249462357,0.3172032074373454,0.21684697231829206,0.9996967663191807,0.10877332886607799,0.10877332886607298,0.02050472277963939,0.0051503170009887045,0.11955651512449463,0.11955651512449302,0.317008445551006,0.2189351896223989,0.9994250310780246,0.12678563522281752,0.1267856352228143,0.021871153902681247,0.00550390103670549,0.12045829023498933,0.12045829023499126,0.31608054642031796,0.22152286381802552,0.9991166701530125,0.14311413195806624,0.14311413195807454,0.022906959179323838,0.005766006536745249,0.1296413094224273,0.1296413094224292,0.3132867261834077,0.22382001532478368,0.9987844564150496,0.15803117229046534,0.15803117229046484,0.02369961919211335,0.0059704525367089804,0.14443594424407535,0.14443594424407627,0.30974173841795066,0.2261732536721105
avgprice_signal_5_slope,0.09206267260068764,0.7593002150592219,0.05436140925831845,0.16712816721371151,0.1841571560715012,0.5314768594577063,0.08337893827144595,0.9077035081210583,0.9077035081210597,0.14325884277054676,0.07395938394343025,0.6282975754313977,0.6282975754313985,0.24059278331305742,0.30840367861351586,0.06542194042568472,1.0,1.0000000000000002,0.3159280795986178,0.04821467892722972,0.6925333178743716,0.6925333178743713,0.24170596402777167,0.3446067641146818,0.054948542011403416,0.973596758528906,0.9735967585289088,0.414066686339078,0.028941594753711865,0.6736222189355493,0.6736222189355494,0.2288407330677795,0.3536162695571603,0.048223581164159646,0.9282781919155156,0.9282781919155191,0.4770855375158723,0.015404319993309863,0.6416005516284423,0.6416005516284423,0.20956423963144508,0.3479465972020792,0.043563621408995834,0.8823941901443355,0.8823941901443338,0.5207723568723187,0.005519665487583843,0.6069514275420794,0.60695142754208,0.186623557686187,0.3343093893016711,0.04013921482612471,0.840138884660681,0.8401388846606817,0.5527339049036539,0.0019732605815495356,0.5764169459647269,0.5764169459647271,0.16392150596343175,0.31939402182371884,0.03750789658606778,0.8022128298569252,0.8022128298569224,0.5770941933328337,0.007830323066607175,0.5506074112432356,0.5506074112432358,0.14272287323776062,0.3038985160993667
avgprice_hist_5,0.09206267260068085,0.7593002150592227,0.0543614092583188,0.1671281672137119,0.18415715607150143,0.5314768594577068,0.0833789382714392,0.9077035081210598,0.907703508121061,0.14325884277054748,0.07395938394343016,0.628297575431398,0.6282975754313976,0.2405927833130596,0.3084036786135172,0.06542194042567796,1.0000000000000002,1.0,0.31592807959861885,0.048214678927229596,0.6925333178743707,0.6925333178743706,0.24170596402777417,0.3446067641146834,0.05494854201139661,0.9735967585289056,0.9735967585289096,0.4140666863390794,0.02894159475371161,0.6736222189355506,0.6736222189355506,0.2288407330677822,0.35361626955716197,0.048223581164152804,0.9282781919155161,0.9282781919155201,0.47708553751587224,0.015404319993309606,0.6416005516284423,0.6416005516284425,0.20956423963144727,0.3479465972020809,0.043563621408989034,0.8823941901443365,0.8823941901443344,0.5207723568723189,0.0055196654875835525,0.6069514275420798,0.60695142754208,0.18662355768618932,0.33430938930167226,0.04013921482611789,0.8401388846606798,0.8401388846606805,0.5527339049036555,0.001973260581549855,0.5764169459647276,0.5764169459647277,0.16392150596343427,0.3193940218237201,0.037507896586061025,0.8022128298569231,0.802212829856922,0.5770941933328345,0.007830323066607536,0.5506074112432353,0.5506074112432354,0.14272287323776314,0.303898516099368
avgprice_hist_5_slope,0.007396718674953915,0.8572958634221719,0.8147633548650676,0.2347325707645917,0.23573201541172806,0.5461569482376831,0.013779356058838723,0.6629700234927217,0.6629700234927223,0.9413322040256149,0.5185932297224669,0.420513177487219,0.4205131774872181,0.08699398639504018,0.17788588570639005,0.01589037673946933,0.3159280795986178,0.31592807959861885,1.0,0.6701427962676596,0.19850406040332957,0.1985040604033296,0.09228971161300788,0.2212880437289403,0.013963825933777808,0.1700087974441835,0.17000879744418346,0.9893184091725944,0.7220757164815723,0.08549517070489218,0.08549517070489214,0.05772730972025114,0.19013185137719532,0.012011296027633426,0.09583354873914902,0.09583354873914976,0.9737925307782961,0.7475223299295362,0.04119508819896298,0.04119508819896296,0.035348937627876456,0.16234128235651007,0.010403107804787108,0.05308775834621561,0.05308775834621626,0.9601152822133247,0.7623889362731795,0.01244333994650876,0.012443339946508748,0.018354859003687714,0.13422146830624868,0.009113137092878107,0.026365191096632195,0.026365191096631036,0.9488423782193417,0.772047761860113,0.0033060875618356965,0.003306087561835702,0.006540641974325565,0.11166230853781726,0.00807197446246329,0.008685969769872895,0.008685969769873188,0.9396094826151249,0.7787879046619693,0.008327416441615845,0.00832741644161583,0.0008848976775220414,0.09381536264986007
avgprice_hist_5_acceleration,0.005071641708418084,0.43346783538224226,0.976349306278953,0.1697834018655958,0.17072495021704714,0.2646971097030849,0.00654964400869926,0.15333335597650344,0.1533333559765036,0.8677712095604609,0.972612449193094,0.08735993117830508,0.08735993117830518,0.019528755982766013,0.06231803549622096,0.0037885048988566625,0.04821467892722972,0.048214678927229596,0.6701427962676596,1.0,0.03011323270093278,0.03011323270093283,0.002930119789460558,0.08342738360573791,0.002197939961912739,0.0751879235242019,0.07518792352420096,0.5907135719439859,0.9970704794689141,0.054979493758003505,0.054979493758003525,0.025712849090796432,0.05704724613065149,0.0013994556129927082,0.07746707801962507,0.07746707801962482,0.5499120323297658,0.9935074082894003,0.052226423145198896,0.05222642314519886,0.03122146960241668,0.04239511257617244,0.0009547850427975093,0.07456512411855691,0.07456512411855606,0.5254655837050879,0.9907591918802602,0.04746004565389765,0.047460045653897734,0.031691336317815295,0.030805590970994595,0.0006848394519220745,0.0706151808254595,0.07061518082545981,0.5093190840024502,0.9886959719282389,0.037676086023531126,0.03767608602353116,0.03053165570516685,0.021859194494095936,0.00050976157753908,0.06669855353872102,0.06669855353872088,0.49791367736132963,0.9871189863996086,0.03481421194739627,0.03481421194739619,0.028063621803687013,0.01568327809363147
avgprice_hist_5_gt_0,0.1105421505979756,0.511926715202179,0.03429779748382672,0.1647150032551163,0.18105073689158674,0.5615913261536838,0.10466244216226674,0.6172994371833708,0.6172994371833725,0.08513015169424014,0.039571701469053866,0.7292145451699255,0.7292145451699255,0.10090733093837406,0.09813263902317633,0.09219143519785696,0.6925333178743716,0.6925333178743707,0.19850406040332957,0.03011323270093278,1.0,1.0,0.07976689669031131,0.10881477917269768,0.08483254876176223,0.6788954103069166,0.678895410306919,0.26653917693725854,0.01943319427808125,0.8504338762103918,0.8504338762103913,0.06275472846114934,0.11046489997837836,0.08013176880595818,0.6490617355475929,0.6490617355475969,0.31104988185938703,0.01131025671712526,0.7568650961983356,0.7568650961983351,0.047547268506217204,0.10744739519511096,0.07690423293044389,0.6177488553815953,0.6177488553815929,0.34210124652255974,0.005153486385354021,0.6887116927572424,0.6887116927572423,0.032618339782820874,0.10156363871069449,0.07454957946349258,0.5886691823442051,0.5886691823442052,0.36482554787873944,0.000383976247414081,0.6288408842024751,0.6288408842024745,0.01918834564343327,0.09555698346645367,0.07274608555475945,0.5625922406585422,0.5625922406585425,0.38210350146457706,0.0033959071527857785,0.5863592252687102,0.5863592252687106,0.007826041714717673,0.08999566430892812
avgprice_hist_5_lt_0,0.11054215059797674,0.5119267152021789,0.03429779748382671,0.1647150032551163,0.18105073689158693,0.5615913261536839,0.10466244216226799,0.617299437183371,0.6172994371833725,0.08513015169424018,0.039571701469053755,0.7292145451699253,0.729214545169925,0.10090733093837397,0.09813263902317616,0.09219143519785836,0.6925333178743713,0.6925333178743706,0.1985040604033296,0.03011323270093283,1.0,1.0,0.07976689669031119,0.10881477917269748,0.0848325487617634,0.6788954103069166,0.6788954103069188,0.26653917693725837,0.019433194278081312,0.8504338762103922,0.850433876210392,0.06275472846114911,0.11046489997837833,0.08013176880595932,0.6490617355475934,0.6490617355475965,0.31104988185938703,0.011310256717125287,0.756865096198336,0.7568650961983353,0.04754726850621709,0.10744739519511085,0.07690423293044518,0.6177488553815953,0.6177488553815927,0.3421012465225598,0.0051534863853539715,0.6887116927572428,0.6887116927572429,0.03261833978282076,0.1015636387106943,0.07454957946349389,0.5886691823442055,0.5886691823442055,0.3648255478787393,0.00038397624741407177,0.6288408842024752,0.6288408842024751,0.019188345643433188,0.09555698346645351,0.07274608555476071,0.5625922406585426,0.562592240658543,0.38210350146457733,0.0033959071527857646,0.586359225268711,0.5863592252687114,0.007826041714717614,0.08999566430892798
avgprice_hist_5_abs,0.3062219474306105,0.19445191150127283,0.02459349493617909,0.026698862870630582,0.011777131238622703,0.022334740975179474,0.30855243274882976,0.22507972749441382,0.2250797274944143,0.052580244932434385,0.016955534062614037,0.04989944619801878,0.04989944619801796,0.8589357125601248,0.6671605654598651,0.31335538505440763,0.24170596402777167,0.24170596402777417,0.09228971161300788,0.002930119789460558,0.07976689669031131,0.07976689669031119,1.0,0.7696462933749664,0.31648768972500707,0.23760850376401152,0.23760850376401166,0.11262304388077198,0.0034585951204338114,0.09723101155413637,0.09723101155413638,0.9549024004681307,0.7766841812384635,0.3187470728623701,0.22865748199671407,0.22865748199671557,0.12632248175847366,0.0072101912367970025,0.10298353495727473,0.10298353495727502,0.8859454727565971,0.760584566222011,0.32046505425957234,0.2181769556524808,0.21817695565248166,0.13644334196690958,0.009745073113362259,0.11213307201851591,0.11213307201851512,0.8236682723375307,0.7428052152168384,0.3218150361182658,0.20730479677235977,0.20730479677235578,0.14431592411514005,0.011595864501806306,0.11507014587302943,0.11507014587302895,0.7704472589510295,0.7256325403710511,0.32289683808484065,0.19649298372683943,0.1964929837268399,0.15066339592766642,0.013015304702291213,0.1099989227692642,0.10999892276926385,0.7260483772885546,0.710796937756934
avgprice_5_strength,0.2050053448192275,0.33876333358744537,0.12962646194789745,0.02524003203412079,0.028926037748522954,0.07991549012048672,0.20852793842256231,0.35464802999834744,0.3546480299983479,0.1723293981781644,0.05205658370561985,0.09444966448915655,0.09444966448915595,0.8308622422923567,0.9511040571805601,0.21468624017945565,0.3446067641146818,0.3446067641146834,0.2212880437289403,0.08342738360573791,0.10881477917269768,0.10881477917269748,0.7696462933749664,1.0,0.21827630589576946,0.3254004941880652,0.32540049418806577,0.24592937469664344,0.0952643022162048,0.11632498844233238,0.11632498844233237,0.687077137853859,0.9801436458938754,0.22069265905066426,0.30601348931467115,0.3060134893146731,0.2622675861214416,0.1019257979516494,0.11988656098407405,0.11988656098407424,0.6194800580450295,0.9468581448279291,0.22244246755259495,0.28798494869413815,0.28798494869413915,0.2740460330414049,0.10631860232696151,0.12561177291302486,0.12561177291302425,0.5679323330700364,0.9174440940318798,0.2237695930492376,0.27149871463349357,0.27149871463349007,0.28299345600933445,0.10946634999535836,0.12627812452623724,0.12627812452623685,0.5262933761765642,0.890275478361327,0.22480520815360977,0.2564209444265515,0.25642094442655194,0.29005828017655433,0.11184340245876115,0.12190317893043,0.12190317893042989,0.49258258822560924,0.8662614262431313
avgprice_signal_8,0.999269538227043,0.020238559484200686,0.005784332248081232,0.007435171059921088,0.04532153636791447,0.02936072101638769,0.99951951623081,0.029953072960360868,0.029953072960360424,0.008587735433506351,0.001111374127570565,0.05563070393183602,0.055630703931838804,0.307022070530617,0.22059270536612124,0.9999068846249664,0.054948542011403416,0.05494854201139661,0.013963825933777808,0.002197939961912739,0.08483254876176223,0.0848325487617634,0.31648768972500707,0.21827630589576946,1.0,0.07647650272344875,0.07647650272344902,0.01733609892259013,0.0028413749320951665,0.09217311693289412,0.0921731169328942,0.32021468434918215,0.22072862871869983,0.9999360355980171,0.0959010161536315,0.09590101615362627,0.019799826102624995,0.0032657244331207747,0.11037878481574942,0.11037878481574795,0.31987103564654706,0.22295313281381685,0.9997790217720599,0.1136755791804254,0.11367557918042219,0.02168996956434493,0.0035761676501636797,0.11107587654202984,0.11107587654203159,0.3187927269481661,0.22561458674675638,0.9995623177023286,0.13000733587411764,0.13000733587412566,0.023165797988843703,0.003818129060673943,0.12027924985524358,0.1202792498552453,0.31582769819500817,0.22791838769283482,0.9993047878456591,0.14505465382376967,0.14505465382376875,0.02432765796998873,0.004014129367196692,0.13518148981051628,0.13518148981051714,0.31210177313368537,0.23023742258919114
avgprice_signal_8_slope,0.1145237713715193,0.6448919757244103,0.009212398688743214,0.13554896689818605,0.1568037097075545,0.461104160097489,0.10682226706462415,0.806871989891492,0.8068719898914917,0.04425481343366514,0.07994158677760922,0.5660365031383044,0.5660365031383046,0.24436594279032783,0.2969833981895404,0.08863904858803977,0.973596758528906,0.9735967585289056,0.1700087974441835,0.0751879235242019,0.6788954103069166,0.6788954103069166,0.23760850376401152,0.3254004941880652,0.07647650272344875,1.0,1.0000000000000024,0.25447263982672974,0.06702596139187358,0.70077336935124,0.7007733693512399,0.22532290592381063,0.3391878260327303,0.06797001324435727,0.9876029853183975,0.9876029853183991,0.31417772341267586,0.05996238776758633,0.6916997985774878,0.6916997985774873,0.20799220654874562,0.3386847666027223,0.06172091728020455,0.9624544480385424,0.962454448038539,0.3582598770505707,0.05419191968176698,0.6728483582888586,0.6728483582888585,0.18809150759612034,0.3309697728379323,0.056933175619886575,0.9335080082459402,0.93350800824594,0.39198760769828983,0.049490998501762515,0.6513572534354092,0.6513572534354095,0.1678924431340423,0.32062842918136114,0.05313980812181346,0.904227282606675,0.9042272826066765,0.41857321558554705,0.04562658893408282,0.6311265835258323,0.6311265835258318,0.14852131934666313,0.30881748700252215
avgprice_hist_8,0.11452377137151983,0.64489197572441,0.009212398688742452,0.13554896689818627,0.15680370970755428,0.46110416009749006,0.10682226706462478,0.8068719898914898,0.8068719898914912,0.04425481343366561,0.07994158677760838,0.5660365031383051,0.5660365031383056,0.24436594279032844,0.29698339818954095,0.08863904858804031,0.9735967585289088,0.9735967585289096,0.17000879744418346,0.07518792352420096,0.678895410306919,0.6788954103069188,0.23760850376401166,0.32540049418806577,0.07647650272344902,1.0000000000000024,1.0,0.2544726398267301,0.06702596139187277,0.7007733693512423,0.7007733693512422,0.2253229059238113,0.33918782603273084,0.06797001324435763,0.9876029853183997,0.9876029853183996,0.3141777234126751,0.059962387767585314,0.6916997985774881,0.6916997985774878,0.20799220654874587,0.33868476660272134,0.061720917280205,0.9624544480385425,0.9624544480385419,0.35825987705057044,0.05419191968176604,0.6728483582888624,0.6728483582888621,0.18809150759612045,0.3309697728379329,0.05693317561988703,0.9335080082459405,0.9335080082459397,0.3919876076982887,0.04949099850176176,0.6513572534354061,0.6513572534354061,0.16789244313404167,0.320628429181361,0.053139808121813896,0.9042272826066755,0.9042272826066722,0.4185732155855485,0.04562658893408195,0.6311265835258295,0.6311265835258295,0.14852131934666335,0.30881748700252026
avgprice_hist_8_slope,0.007519373151654603,0.9032211855320187,0.7496059688782489,0.24235072508963607,0.24297472743379817,0.5799746413974461,0.014696187112396819,0.7455064780440657,0.7455064780440673,0.8904640453012428,0.44418138288142633,0.47848520048862786,0.47848520048862797,0.10346811668165767,0.1993623736905355,0.018646869601410623,0.414066686339078,0.4140666863390794,0.9893184091725944,0.5907135719439859,0.26653917693725854,0.26653917693725837,0.11262304388077198,0.24592937469664344,0.01733609892259013,0.25447263982672974,0.2544726398267301,1.0,0.6444341825608305,0.1431923300360015,0.14319233003600146,0.0806930341531986,0.21733358988701085,0.015482141753761851,0.16594388372635785,0.16594388372635852,0.9962672717865321,0.6718467164879389,0.08785472781408409,0.08785472781408415,0.057768241474095164,0.18960468883666975,0.013776825216060693,0.11146413536528026,0.11146413536528098,0.9896384970939242,0.6882954282755076,0.04969775934418576,0.049697759344185716,0.03844364580862422,0.16016935464147103,0.01231996472519075,0.07551462153889972,0.07551462153889855,0.9828602713061109,0.6991829010027042,0.032871027953688264,0.032871027953688334,0.02394588324071908,0.1361571721422544,0.01109288824905827,0.050573741061703925,0.05057374106170427,0.9766440981695755,0.7068838909637009,0.01641424328893695,0.016414243288936946,0.013824242825821419,0.11666149922514596
avgprice_hist_8_acceleration,0.005399894747554852,0.47954485681811954,0.9891880527212347,0.1785128463316531,0.17956060570753027,0.2941582207173589,0.007291384684611067,0.19629112011802058,0.1962911201180209,0.9025847057021904,0.9538234741045432,0.11432777102424597,0.11432777102424589,0.02397282031382681,0.07192675932599615,0.004634650721164476,0.028941594753711865,0.02894159475371161,0.7220757164815723,0.9970704794689141,0.01943319427808125,0.019433194278081312,0.0034585951204338114,0.0952643022162048,0.0028413749320951665,0.06702596139187358,0.06702596139187277,0.6444341825608305,1.0,0.052572629846085094,0.052572629846085094,0.02165749214332533,0.06730922946899212,0.0018745174376837068,0.07442843365398412,0.07442843365398381,0.6032155319572153,0.9992738633034258,0.05273457313448625,0.052734573134486214,0.02907988300083657,0.0508785098422414,0.0013098976631844754,0.07412305408744217,0.07412305408744146,0.5780201773209213,0.998152026891017,0.04965411061042177,0.04965411061042182,0.030940897685948734,0.03747891988917675,0.0009549911385453339,0.07158563595261658,0.07158563595261692,0.561157257539618,0.9971280764043458,0.040171164936731556,0.04017116493673149,0.030657728342965422,0.02713422604692002,0.0007185112802788805,0.06847425706278602,0.06847425706278581,0.5491348577821293,0.9962667777451081,0.0378569935567214,0.03785699355672146,0.028686613738892516,0.01987473201562614
avgprice_hist_8_gt_0,0.11869436353946214,0.4241560276286537,0.018043930358279364,0.12662984979308642,0.14808963626405916,0.44963906353467165,0.1135570307335406,0.5405964111527197,0.5405964111527197,0.007772569572194356,0.05010310565384024,0.594853300494579,0.5948533004945797,0.12415512041647353,0.11546338111787395,0.10086836249462346,0.6736222189355493,0.6736222189355506,0.08549517070489218,0.054979493758003505,0.8504338762103918,0.8504338762103922,0.09723101155413637,0.11632498844233238,0.09217311693289412,0.70077336935124,0.7007733693512423,0.1431923300360015,0.052572629846085094,1.0,1.0000000000000002,0.08354229513459437,0.12133895413584299,0.08608473874227132,0.6960184794355009,0.6960184794355023,0.18541166362440056,0.04934031988176774,0.900901131612218,0.9009011316122173,0.0711484638543977,0.1221631716500479,0.08164193153974261,0.6800780523960049,0.6800780523960047,0.2170676232936956,0.04630876361798167,0.8264048575549071,0.8264048575549071,0.05763560793373314,0.11861241035259719,0.07826614153602345,0.6604782553248063,0.6604782553248049,0.24144261096916778,0.04366285469417107,0.7602133777943819,0.7602133777943817,0.04489434896339338,0.11400363506345589,0.07561046837605788,0.6402359807916889,0.6402359807916898,0.26068948558888055,0.04139703233490342,0.7114233678633664,0.7114233678633666,0.03392330499291019,0.10939054537217839
avgprice_hist_8_lt_0,0.11869436353946236,0.42415602762865356,0.018043930358279354,0.1266298497930863,0.14808963626405916,0.44963906353467165,0.1135570307335407,0.54059641115272,0.54059641115272,0.007772569572194341,0.050103105653840255,0.5948533004945794,0.5948533004945795,0.12415512041647364,0.11546338111787387,0.10086836249462357,0.6736222189355494,0.6736222189355506,0.08549517070489214,0.054979493758003525,0.8504338762103913,0.850433876210392,0.09723101155413638,0.11632498844233237,0.0921731169328942,0.7007733693512399,0.7007733693512422,0.14319233003600146,0.052572629846085094,1.0000000000000002,1.0,0.08354229513459434,0.12133895413584296,0.08608473874227135,0.6960184794355011,0.6960184794355023,0.18541166362440056,0.04934031988176774,0.900901131612218,0.9009011316122176,0.07114846385439774,0.12216317165004784,0.08164193153974264,0.6800780523960048,0.6800780523960047,0.21706762329369564,0.04630876361798165,0.826404857554907,0.8264048575549076,0.057635607933733124,0.11861241035259713,0.07826614153602356,0.6604782553248063,0.6604782553248048,0.2414426109691679,0.04366285469417108,0.7602133777943817,0.7602133777943819,0.04489434896339341,0.11400363506345587,0.07561046837605799,0.6402359807916891,0.6402359807916898,0.26068948558888055,0.04139703233490343,0.7114233678633664,0.7114233678633665,0.0339233049929102,0.10939054537217834
avgprice_hist_8_abs,0.31040616902616314,0.1637657796081315,0.003270616268754581,0.028929809095659346,0.009953332234548022,0.010508608690983946,0.3125164016663611,0.2019533908474112,0.2019533908474113,0.017584775325738516,0.03090887477231702,0.031889605766358735,0.031889605766357965,0.74167081654791,0.5692374704305933,0.3172032074373454,0.2288407330677795,0.2288407330677822,0.05772730972025114,0.025712849090796432,0.06275472846114934,0.06275472846114911,0.9549024004681307,0.687077137853859,0.32021468434918215,0.22532290592381063,0.2253229059238113,0.0806930341531986,0.02165749214332533,0.08354229513459437,0.08354229513459434,1.0,0.734565687028153,0.3223334979159529,0.21567734122170074,0.21567734122170207,0.0958303086319224,0.01879954247556123,0.08684523095646512,0.08684523095646551,0.9775023684915385,0.7430853606174631,0.32392553939279256,0.2046638147366478,0.20466381473664935,0.10665871594097336,0.016704489546691587,0.09251955932167306,0.09251955932167243,0.9355835734859382,0.7374877340429506,0.3251723682436206,0.19355912113726292,0.19355912113725934,0.11486143746572301,0.015110558705809407,0.0958771943829059,0.09587719438290544,0.8904230411851826,0.7268138194492605,0.3261725741783629,0.18274776504578763,0.18274776504578688,0.1213445152929635,0.013859967734202503,0.09274658825350343,0.09274658825350322,0.8476359707125786,0.7149715252062395
avgprice_8_strength,0.2069202570845219,0.32228297566813585,0.09994440868902714,0.024242558120239736,0.029488843846432296,0.07575575606771116,0.21038510509425523,0.34853901134666493,0.3485390113466647,0.13993863161412515,0.03059729127639065,0.09061335094275165,0.09061335094275097,0.8094443684468742,0.919722229300527,0.21684697231829206,0.3536162695571603,0.35361626955716197,0.19013185137719532,0.05704724613065149,0.11046489997837836,0.11046489997837833,0.7766841812384635,0.9801436458938754,0.22072862871869983,0.3391878260327303,0.33918782603273084,0.21733358988701085,0.06730922946899212,0.12133895413584299,0.12133895413584296,0.734565687028153,1.0,0.22336415787713387,0.321648754515876,0.3216487545158784,0.23556130181470783,0.07330429295298076,0.1232201924203511,0.12322019242035129,0.6863098225619493,0.9898506142995661,0.22528501793476036,0.3044106300239861,0.30441063002398777,0.24870576420808288,0.077354762376302,0.12628027880431802,0.12628027880431758,0.6417079661317165,0.9711043888081364,0.22675057327171763,0.2882352251153426,0.2882352251153392,0.2586806441479815,0.08030258426807471,0.12701543507009844,0.1270154350700981,0.6020333952308028,0.9495868236070721,0.22790120295637928,0.2732191508036101,0.2732191508036094,0.2665482416999238,0.08255225613345346,0.12421126467897185,0.12421126467897152,0.567690018133843,0.928197624532827
avgprice_signal_11,0.9988797773057847,0.0179286730406264,0.004591860022715589,0.007205414777978773,0.04476494558016096,0.02743491562408511,0.9991651346034107,0.026254083214158355,0.026254083214157904,0.0070036324921252165,0.0006308625254661361,0.052860237348784166,0.05286023734878687,0.3095345896474179,0.22298152023775655,0.9996967663191807,0.048223581164159646,0.048223581164152804,0.012011296027633426,0.0013994556129927082,0.08013176880595818,0.08013176880595932,0.3187470728623701,0.22069265905066426,0.9999360355980171,0.06797001324435727,0.06797001324435763,0.015482141753761851,0.0018745174376837068,0.08608473874227132,0.08608473874227135,0.3223334979159529,0.22336415787713387,1.0,0.08635543711986278,0.08635543711985774,0.018179697763352196,0.002202537969241306,0.10354037952919895,0.10354037952919735,0.32186381253101737,0.225721011406664,0.9999513878533137,0.1035314617767994,0.10353146177679615,0.020331000587637958,0.0024546410559431932,0.10376323946122028,0.10376323946122243,0.32069701883136764,0.22849124299641688,0.9998263085573242,0.11953310434145945,0.11953310434146774,0.022058649571164313,0.002659676068291314,0.11272226574167589,0.11272226574167792,0.3176394257102793,0.2308521548306153,0.9996467170212497,0.13441844390074065,0.13441844390073948,0.023451687021307833,0.0028314815785225587,0.1275259380414138,0.12752593804141488,0.31381259026802444,0.23319449170593626
avgprice_signal_11_slope,0.13340201597965895,0.5694269695512282,0.03259868966394928,0.11443509199238763,0.13967595666459934,0.41337814053371036,0.12645465636705622,0.729546133710127,0.7295461337101276,0.002251422550797644,0.07460771523144669,0.5166048442693404,0.5166048442693406,0.23972285234131802,0.2824299586683273,0.10877332886607799,0.9282781919155156,0.9282781919155161,0.09583354873914902,0.07746707801962507,0.6490617355475929,0.6490617355475934,0.22865748199671407,0.30601348931467115,0.0959010161536315,0.9876029853183975,0.9876029853183997,0.16594388372635785,0.07442843365398412,0.6960184794355009,0.6960184794355011,0.21567734122170074,0.321648754515876,0.08635543711986278,1.0,1.0000000000000018,0.21893819043129295,0.0707600396146282,0.705003186388143,0.7050031863881432,0.19906423791248196,0.3239416435275838,0.0790373378429839,0.9928263824855024,0.9928263824855016,0.259917092986898,0.06733572243100658,0.6997464561256389,0.6997464561256392,0.18118792632846986,0.319906951488861,0.0732478641708956,0.9769188961487836,0.9769188961487819,0.29235869445131385,0.06432372313450498,0.6878244671164393,0.6878244671164401,0.1630473951951355,0.3126826229838223,0.06854608851422662,0.9571780700193244,0.9571780700193266,0.3186150535698303,0.06171857448395715,0.6740535988867147,0.6740535988867145,0.14542515464508451,0.3035638403535294
avgprice_hist_11,0.13340201597965406,0.5694269695512306,0.032598689663948854,0.11443509199238809,0.13967595666459942,0.4133781405337117,0.12645465636705122,0.7295461337101278,0.7295461337101298,0.002251422550798132,0.07460771523144645,0.5166048442693413,0.516604844269341,0.23972285234131963,0.2824299586683296,0.10877332886607298,0.9282781919155191,0.9282781919155201,0.09583354873914976,0.07746707801962482,0.6490617355475969,0.6490617355475965,0.22865748199671557,0.3060134893146731,0.09590101615362627,0.9876029853183991,0.9876029853183996,0.16594388372635852,0.07442843365398381,0.6960184794355023,0.6960184794355023,0.21567734122170207,0.3216487545158784,0.08635543711985774,1.0000000000000018,1.0,0.21893819043129428,0.07076003961462812,0.7050031863881433,0.705003186388143,0.19906423791248398,0.32394164352758575,0.07903733784297866,0.9928263824855085,0.992826382485505,0.2599170929868984,0.06733572243100636,0.6997464561256422,0.6997464561256419,0.18118792632847075,0.319906951488863,0.07324786417089046,0.9769188961487882,0.9769188961487852,0.2923586944513144,0.06432372313450434,0.6878244671164394,0.6878244671164399,0.1630473951951373,0.31268262298382415,0.06854608851422143,0.9571780700193285,0.9571780700193265,0.3186150535698316,0.061718574483956755,0.6740535988867175,0.6740535988867178,0.14542515464508599,0.30356384035353134
avgprice_hist_11_slope,0.00768574480129893,0.926767453947168,0.7132114902281183,0.24644720041298943,0.24669475195394747,0.598041234778725,0.01530016820177747,0.7909804207318604,0.7909804207318614,0.8575828764539785,0.4086468375121274,0.5109432079342355,0.5109432079342355,0.11623787317809332,0.21439303165272883,0.02050472277963939,0.4770855375158723,0.47708553751587224,0.9737925307782961,0.5499120323297658,0.31104988185938703,0.31104988185938703,0.12632248175847366,0.2622675861214416,0.019799826102624995,0.31417772341267586,0.3141777234126751,0.9962672717865321,0.6032155319572153,0.18541166362440056,0.18541166362440056,0.0958303086319224,0.23556130181470783,0.018179697763352196,0.21893819043129295,0.21893819043129428,1.0,0.6309743798813703,0.12461702464836168,0.12461702464836161,0.07278802706083139,0.20823746172535929,0.016527755864156706,0.1578642437243795,0.15786424372437982,0.9982770623484858,0.6478789882937692,0.0812957889794081,0.08129578897940791,0.05234636934189194,0.1784053654468061,0.015037608708795044,0.11616298822506338,0.11616298822506183,0.9948608028063805,0.6591918917780234,0.0596386397427466,0.05963863974274668,0.03639609332584073,0.1537345227544348,0.013736243236423631,0.08636395733413069,0.0863639573341309,0.991035972419528,0.6672609863142469,0.03983731786599137,0.039837317865991394,0.024750130049736196,0.13339194783685163
avgprice_hist_11_acceleration,0.005551962781045041,0.5043434174911181,0.9938169111863588,0.18342677493177867,0.184523804356231,0.3101927589202067,0.007681349428489244,0.221008575660942,0.22100857566094212,0.9178794739992604,0.9433477847913085,0.1301630674971597,0.13016306749715956,0.026517550868487005,0.07726637426996778,0.0051503170009887045,0.015404319993309863,0.015404319993309606,0.7475223299295362,0.9935074082894003,0.01131025671712526,0.011310256717125287,0.0072101912367970025,0.1019257979516494,0.0032657244331207747,0.05996238776758633,0.059962387767585314,0.6718467164879389,0.9992738633034258,0.04934031988176774,0.04934031988176774,0.01879954247556123,0.07330429295298076,0.002202537969241306,0.0707600396146282,0.07076003961462812,0.6309743798813703,1.0,0.0516119821705793,0.05161198217057926,0.02712671819028122,0.05600530402403039,0.001561298651469451,0.07235765362615605,0.0723576536261554,0.6057022927495271,0.9997390886805514,0.049898212064857374,0.049898212064857395,0.029773657318234233,0.04164531772315185,0.0011480820861068425,0.07095216897287573,0.07095216897287601,0.5886494329014286,0.9992772088773255,0.04095453600975204,0.040954536009752115,0.030053255666503756,0.030545633599997683,0.0008671946760726433,0.06854534705884242,0.06854534705884255,0.5764179634868383,0.9988085860381514,0.039094201598095575,0.039094201598095686,0.02846864397293581,0.02267477739547126
avgprice_hist_11_gt_0,0.13648560413913216,0.376396555700119,0.028797200342971778,0.10616754371581971,0.13208520921538033,0.38903980200041355,0.13184871539085735,0.48957826947739647,0.4895782694773973,0.01432709698460571,0.043891127988208004,0.5191286189558681,0.5191286189558685,0.13094449386961438,0.1201425935195711,0.11955651512449463,0.6416005516284423,0.6416005516284423,0.04119508819896298,0.052226423145198896,0.7568650961983356,0.756865096198336,0.10298353495727473,0.11988656098407405,0.11037878481574942,0.6916997985774878,0.6916997985774881,0.08785472781408409,0.05273457313448625,0.900901131612218,0.900901131612218,0.08684523095646512,0.1232201924203511,0.10354037952919895,0.705003186388143,0.7050031863881433,0.12461702464836168,0.0516119821705793,1.0,1.0000000000000002,0.07418476907596364,0.12320212954547131,0.0983127999013136,0.7023875812817504,0.7023875812817485,0.1536111251698284,0.05010080100751053,0.9246272427786265,0.9246272427786263,0.06179744054736961,0.12052209247829203,0.09419890733730575,0.6925026795586922,0.6925026795586912,0.1767878162106294,0.04857574056673382,0.8558050435225498,0.8558050435225498,0.049626035215903835,0.11645810432404065,0.09087611993413365,0.679344880534759,0.679344880534761,0.19563160844260818,0.04715804741342923,0.806068863465712,0.8060688634657116,0.03889470521181238,0.11216903612432365
avgprice_hist_11_lt_0,0.1364856041391306,0.3763965557001192,0.02879720034297187,0.1061675437158198,0.1320852092153804,0.3890398020004138,0.13184871539085594,0.4895782694773966,0.4895782694773971,0.014327096984605684,0.043891127988207976,0.5191286189558678,0.5191286189558683,0.13094449386961451,0.1201425935195713,0.11955651512449302,0.6416005516284423,0.6416005516284425,0.04119508819896296,0.05222642314519886,0.7568650961983351,0.7568650961983353,0.10298353495727502,0.11988656098407424,0.11037878481574795,0.6916997985774873,0.6916997985774878,0.08785472781408415,0.052734573134486214,0.9009011316122173,0.9009011316122176,0.08684523095646551,0.12322019242035129,0.10354037952919735,0.7050031863881432,0.705003186388143,0.12461702464836161,0.05161198217057926,1.0000000000000002,1.0,0.07418476907596387,0.12320212954547165,0.09831279990131218,0.7023875812817499,0.7023875812817477,0.1536111251698284,0.050100801007510506,0.9246272427786263,0.9246272427786261,0.06179744054736982,0.12052209247829214,0.09419890733730422,0.6925026795586919,0.6925026795586913,0.17678781621062942,0.04857574056673384,0.8558050435225495,0.8558050435225497,0.049626035215904106,0.11645810432404083,0.09087611993413222,0.6793448805347588,0.6793448805347605,0.19563160844260813,0.047158047413429306,0.8060688634657122,0.8060688634657116,0.03889470521181258,0.11216903612432372
avgprice_hist_11_abs,0.31072801745405076,0.13795744242968586,0.014092089885784661,0.030775908084571535,0.008375324209277404,0.0031818660565019765,0.3125975665043452,0.17691975119336062,0.17691975119336117,0.0001801605406480755,0.0311819824134783,0.019427686194138927,0.019427686194138108,0.6653925015054276,0.5059754742220178,0.317008445551006,0.20956423963144508,0.20956423963144727,0.035348937627876456,0.03122146960241668,0.047547268506217204,0.04754726850621709,0.8859454727565971,0.6194800580450295,0.31987103564654706,0.20799220654874562,0.20799220654874587,0.057768241474095164,0.02907988300083657,0.0711484638543977,0.07114846385439774,0.9775023684915385,0.6863098225619493,0.32186381253101737,0.19906423791248196,0.19906423791248398,0.07278802706083139,0.02712671819028122,0.07418476907596364,0.07418476907596387,1.0,0.7157029612330117,0.32334814199876605,0.1884731458498382,0.18847314584983854,0.0835124852875786,0.02554704896191056,0.07687920955063769,0.07687920955063694,0.9865212597355257,0.7242622615737584,0.3245040325122092,0.17773084758709443,0.17773084758709165,0.09159188063339864,0.024284988257590498,0.07953366613669798,0.07953366613669753,0.9581602512986507,0.7229055422411256,0.3254277376538792,0.1672777912244093,0.16727779122440936,0.09794143905911039,0.0232665005894264,0.07700845619321063,0.07700845619321035,0.9250731812958929,0.7170911688629721
avgprice_11_strength,0.20915589684426628,0.30014584944885186,0.08040401571018403,0.02227313590572717,0.028505157638525975,0.07052759749708135,0.21245772630891321,0.3314704189894879,0.331470418989488,0.11552241458370338,0.020643205342934148,0.08514413946246417,0.08514413946246367,0.7885038925620915,0.8879587060996513,0.2189351896223989,0.3479465972020792,0.3479465972020809,0.16234128235651007,0.04239511257617244,0.10744739519511096,0.10744739519511085,0.760584566222011,0.9468581448279291,0.22295313281381685,0.3386847666027223,0.33868476660272134,0.18960468883666975,0.0508785098422414,0.1221631716500479,0.12216317165004784,0.7430853606174631,0.9898506142995661,0.225721011406664,0.3239416435275838,0.32394164352758575,0.20823746172535929,0.05600530402403039,0.12320212954547131,0.12320212954547165,0.7157029612330117,1.0,0.227760465262871,0.3084429522178476,0.30844295221784856,0.22178183456522094,0.059551661953550106,0.12429112105102294,0.12429112105102236,0.6831611105656051,0.9939237773382359,0.22933073933739861,0.2934261440914954,0.29342614409149237,0.2321117538446784,0.06217256368347303,0.1249307465277938,0.12493074652779355,0.6501535649380101,0.9805777968330921,0.23057361729775686,0.2792087630593834,0.27920876305938425,0.24029040242417635,0.0641940797321713,0.12290915374568309,0.12290915374568279,0.6192527808524798,0.9644045227392605
avgprice_signal_14,0.9984838274573281,0.01650311423133595,0.003776069556168967,0.00717017956068294,0.04438160975081947,0.026161126140641772,0.9987916745369056,0.023894427834670256,0.0238944278346698,0.005860539872898342,0.00038226304482071564,0.051038556779321786,0.05103855677932457,0.31145806780979135,0.2247257480381016,0.9994250310780246,0.043563621408995834,0.043563621408989034,0.010403107804787108,0.0009547850427975093,0.07690423293044389,0.07690423293044518,0.32046505425957234,0.22244246755259495,0.9997790217720599,0.06172091728020455,0.061720917280205,0.013776825216060693,0.0013098976631844754,0.08164193153974261,0.08164193153974264,0.32392553939279256,0.22528501793476036,0.9999513878533137,0.0790373378429839,0.07903733784297866,0.016527755864156706,0.001561298651469451,0.0983127999013136,0.09831279990131218,0.32334814199876605,0.227760465262871,1.0,0.0954981366348792,0.09549813663487608,0.018792842215285537,0.0017625078658793575,0.0979848743596557,0.09798487435965766,0.32211796057216663,0.23064208868462815,0.9999607648151162,0.11102433829316335,0.11102433829317161,0.020655341317551933,0.0019325335013934623,0.1065862582841922,0.10658625828419417,0.31900032108998133,0.23307639355571683,0.9998567590367421,0.12559879047829736,0.12559879047829656,0.022186876479988012,0.0020795093917509652,0.12118181723344935,0.12118181723345041,0.3151059502778537,0.23546438869098765
avgprice_signal_14_slope,0.15014762027384507,0.5152116257807405,0.04278292198624798,0.09912961940312909,0.1281317406137595,0.3787217946370299,0.14378453320615847,0.669756687106035,0.6697566871060352,0.018796464191331356,0.0685656641098938,0.47795088427311183,0.47795088427311244,0.23163460470843306,0.26756295824223625,0.12678563522281752,0.8823941901443355,0.8823941901443365,0.05308775834621561,0.07456512411855691,0.6177488553815953,0.6177488553815953,0.2181769556524808,0.28798494869413815,0.1136755791804254,0.9624544480385424,0.9624544480385425,0.11146413536528026,0.07412305408744217,0.6800780523960049,0.6800780523960048,0.2046638147366478,0.3044106300239861,0.1035314617767994,0.9928263824855024,0.9928263824855085,0.1578642437243795,0.07235765362615605,0.7023875812817504,0.7023875812817499,0.1884731458498382,0.3084429522178476,0.0954981366348792,1.0,1.0000000000000004,0.19504453097205296,0.07033768337092954,0.7077712833500003,0.7077712833500001,0.17201342544044287,0.30689920922843583,0.0889800092087656,0.9953316870752236,0.9953316870752231,0.2252823292078935,0.06838522672509248,0.7042098680769829,0.7042098680769835,0.15544063265211452,0.30194497129609676,0.08357883091084164,0.984383511517039,0.9843835115170387,0.25028249362623317,0.06659844316604162,0.6965412349123916,0.6965412349123914,0.13920041824229826,0.2948659257554232
avgprice_hist_14,0.15014762027384132,0.5152116257807399,0.04278292198624718,0.0991296194031289,0.1281317406137597,0.3787217946370291,0.14378453320615517,0.6697566871060345,0.669756687106036,0.018796464191330468,0.06856566410989333,0.477950884273112,0.4779508842731121,0.23163460470843414,0.2675629582422385,0.1267856352228143,0.8823941901443338,0.8823941901443344,0.05308775834621626,0.07456512411855606,0.6177488553815929,0.6177488553815927,0.21817695565248166,0.28798494869413915,0.11367557918042219,0.962454448038539,0.9624544480385419,0.11146413536528098,0.07412305408744146,0.6800780523960047,0.6800780523960047,0.20466381473664935,0.30441063002398777,0.10353146177679615,0.9928263824855016,0.992826382485505,0.15786424372437982,0.0723576536261554,0.7023875812817485,0.7023875812817477,0.18847314584983854,0.30844295221784856,0.09549813663487608,1.0000000000000004,1.0,0.19504453097205396,0.07033768337092879,0.7077712833500008,0.7077712833500011,0.17201342544044365,0.3068992092284373,0.08898000920876221,0.9953316870752231,0.9953316870752205,0.22528232920789398,0.06838522672509167,0.7042098680769813,0.7042098680769815,0.15544063265211489,0.30194497129609665,0.0835788309108386,0.984383511517041,0.9843835115170376,0.25028249362623356,0.06659844316604077,0.6965412349123895,0.6965412349123896,0.1392004182422989,0.29486592575542425
avgprice_hist_14_slope,0.007879417610491194,0.9410917871669765,0.6901312412311176,0.2489052024770726,0.24882112769572765,0.6092680057253499,0.015770691473066183,0.8197442339415102,0.8197442339415099,0.8352103946918588,0.38816332597668585,0.5316224753386412,0.531622475338641,0.12628590716024488,0.22555742023454764,0.021871153902681247,0.5207723568723187,0.5207723568723189,0.9601152822133247,0.5254655837050879,0.34210124652255974,0.3421012465225598,0.13644334196690958,0.2740460330414049,0.02168996956434493,0.3582598770505707,0.35825987705057044,0.9896384970939242,0.5780201773209213,0.2170676232936956,0.21706762329369564,0.10665871594097336,0.24870576420808288,0.020331000587637958,0.259917092986898,0.2599170929868984,0.9982770623484858,0.6057022927495271,0.1536111251698284,0.1536111251698284,0.0835124852875786,0.22178183456522094,0.018792842215285537,0.19504453097205296,0.19504453097205396,1.0,0.6227117814179248,0.10740478827571633,0.10740478827571648,0.06242317952977682,0.1918520560223867,0.017335046454321046,0.1496737921904023,0.14967379219040058,0.9990683918004052,0.6341752523537048,0.08267783225373734,0.08267783225373734,0.045592259980332304,0.16683867716114684,0.01602075611181884,0.11656699008803828,0.11656699008803881,0.9970844388328727,0.6423974677586594,0.060546052871409545,0.06054605287140949,0.03300827939122395,0.14600194308086134
avgprice_hist_14_acceleration,0.0056401028470948154,0.5199035174806172,0.9960005241537335,0.18659144710847,0.18771180304586085,0.3203415358946724,0.007924247761492876,0.23708855501630763,0.23708855501630807,0.9262467463809352,0.9368513427575315,0.14058225236573546,0.1405822523657353,0.028299678948161197,0.0808076193065397,0.00550390103670549,0.005519665487583843,0.0055196654875835525,0.7623889362731795,0.9907591918802602,0.005153486385354021,0.0051534863853539715,0.009745073113362259,0.10631860232696151,0.0035761676501636797,0.05419191968176698,0.05419191968176604,0.6882954282755076,0.998152026891017,0.04630876361798167,0.04630876361798165,0.016704489546691587,0.077354762376302,0.0024546410559431932,0.06733572243100658,0.06733572243100636,0.6478789882937692,0.9997390886805514,0.05010080100751053,0.050100801007510506,0.02554704896191056,0.059551661953550106,0.0017625078658793575,0.07033768337092954,0.07033768337092879,0.6227117814179248,1.0,0.04942544302426628,0.04942544302426612,0.028692211399044605,0.04460260530299412,0.0013082406769118233,0.06981597356889546,0.06981597356889621,0.605639512414173,0.999884051351242,0.040986899429416725,0.04098689942941678,0.029355511013959473,0.0330301468809361,0.0009947382240869031,0.06798845552318245,0.06798845552318208,0.5933438820892473,0.9996597408914011,0.03950118997514037,0.0395011899751404,0.02805598158087071,0.024765975532018147
avgprice_hist_14_gt_0,0.1364576186826375,0.33787549907345527,0.033448824823418245,0.096116270625568,0.1230125598086021,0.3545496524379255,0.13224484750240942,0.44549573503096246,0.445495735030963,0.02583314316297838,0.038577795776540066,0.47222837062002526,0.47222837062002554,0.14239799007527115,0.12940297510604273,0.12045829023498933,0.6069514275420794,0.6069514275420798,0.01244333994650876,0.04746004565389765,0.6887116927572424,0.6887116927572428,0.11213307201851591,0.12561177291302486,0.11107587654202984,0.6728483582888586,0.6728483582888624,0.04969775934418576,0.04965411061042177,0.8264048575549071,0.826404857554907,0.09251955932167306,0.12628027880431802,0.10376323946122028,0.6997464561256389,0.6997464561256422,0.0812957889794081,0.049898212064857374,0.9246272427786265,0.9246272427786263,0.07687920955063769,0.12429112105102294,0.0979848743596557,0.7077712833500003,0.7077712833500008,0.10740478827571633,0.04942544302426628,1.0,1.0,0.06570113011653092,0.12257250471924558,0.09332292582119003,0.7060171310919913,0.7060171310919913,0.12897668454719144,0.04869251170332284,0.931180886924853,0.9311808869248526,0.055135206690928425,0.1196729337557648,0.089485606732841,0.6990414548357093,0.6990414548357079,0.1469622910922175,0.04788913937328282,0.8796268931049572,0.8796268931049573,0.045563133070707015,0.11630431875795989
avgprice_hist_14_lt_0,0.13645761868263945,0.33787549907345515,0.03344882482341826,0.09611627062556792,0.12301255980860222,0.3545496524379262,0.1322448475024118,0.44549573503096196,0.4454957350309626,0.02583314316297836,0.038577795776540094,0.47222837062002565,0.472228370620026,0.14239799007527046,0.12940297510604232,0.12045829023499126,0.60695142754208,0.60695142754208,0.012443339946508748,0.047460045653897734,0.6887116927572423,0.6887116927572429,0.11213307201851512,0.12561177291302425,0.11107587654203159,0.6728483582888585,0.6728483582888621,0.049697759344185716,0.04965411061042182,0.8264048575549071,0.8264048575549076,0.09251955932167243,0.12628027880431758,0.10376323946122243,0.6997464561256392,0.6997464561256419,0.08129578897940791,0.049898212064857395,0.9246272427786263,0.9246272427786261,0.07687920955063694,0.12429112105102236,0.09798487435965766,0.7077712833500001,0.7077712833500011,0.10740478827571648,0.04942544302426612,1.0,1.0,0.06570113011653014,0.122572504719245,0.09332292582119199,0.7060171310919916,0.7060171310919915,0.12897668454719138,0.048692511703322804,0.9311808869248525,0.9311808869248526,0.05513520669092778,0.11967293375576421,0.08948560673284306,0.6990414548357095,0.6990414548357076,0.14696229109221728,0.04788913937328284,0.8796268931049573,0.8796268931049568,0.04556313307070636,0.11630431875795934
avgprice_hist_14_abs,0.3104163970485188,0.11385377866248257,0.019409198908877125,0.03284962078442643,0.00773050785033276,0.0025786846792044973,0.3120347462740821,0.1508285578251032,0.15082855782510388,0.010234564100062089,0.028802299933719803,0.009712973188184088,0.009712973188183352,0.6140127766694855,0.46407898889875654,0.31608054642031796,0.186623557686187,0.18662355768618932,0.018354859003687714,0.031691336317815295,0.032618339782820874,0.03261833978282076,0.8236682723375307,0.5679323330700364,0.3187927269481661,0.18809150759612034,0.18809150759612045,0.03844364580862422,0.030940897685948734,0.05763560793373314,0.057635607933733124,0.9355835734859382,0.6417079661317165,0.32069701883136764,0.18118792632846986,0.18118792632847075,0.05234636934189194,0.029773657318234233,0.06179744054736961,0.06179744054736982,0.9865212597355257,0.6831611105656051,0.32211796057216663,0.17201342544044287,0.17201342544044365,0.06242317952977682,0.028692211399044605,0.06570113011653092,0.06570113011653014,1.0,0.7043328607184608,0.3232236677727714,0.16232972888633462,0.16232972888633135,0.07007706248617043,0.02777242285466149,0.06794494091954557,0.06794494091954517,0.9909669419459054,0.7127163168268036,0.3241056867638013,0.15271347293641563,0.1527134729364161,0.07612146192354882,0.027002946249748912,0.06529730560728239,0.06529730560728217,0.9709032805598469,0.7139332243085752
avgprice_14_strength,0.21210330044106554,0.27345959940566955,0.06316007457291965,0.019700429166074576,0.02650270259440103,0.06451774555661796,0.21517838401632725,0.3077384373338844,0.3077384373338845,0.09288718453972038,0.013327725740024372,0.07878738272974947,0.07878738272974867,0.7755362072921093,0.8657248909772027,0.22152286381802552,0.3343093893016711,0.33430938930167226,0.13422146830624868,0.030805590970994595,0.10156363871069449,0.1015636387106943,0.7428052152168384,0.9174440940318798,0.22561458674675638,0.3309697728379323,0.3309697728379329,0.16016935464147103,0.03747891988917675,0.11861241035259719,0.11861241035259713,0.7374877340429506,0.9711043888081364,0.22849124299641688,0.319906951488861,0.319906951488863,0.1784053654468061,0.04164531772315185,0.12052209247829203,0.12052209247829214,0.7242622615737584,0.9939237773382359,0.23064208868462815,0.30689920922843583,0.3068992092284373,0.1918520560223867,0.04460260530299412,0.12257250471924558,0.122572504719245,0.7043328607184608,1.0,0.23231735686391547,0.2936540373620818,0.2936540373620786,0.20220652142159332,0.04682698222561194,0.1233030656873339,0.12330306568733349,0.6799386380999737,0.995725329557696,0.23365635324713535,0.28073616943075885,0.280736169430759,0.21046461369251165,0.04856425361744271,0.12169847600454495,0.12169847600454486,0.6545186075081455,0.9860029816405439
avgprice_signal_17,0.9980844156842817,0.015529729845510468,0.0031894563740276554,0.007222157963865724,0.0440712827116338,0.025219843716239858,0.9984078510783021,0.022251887717513148,0.0222518877175127,0.005012498447339044,0.00023868515142280868,0.049721342949344154,0.04972134294934699,0.3129731845092232,0.22605192172932811,0.9991166701530125,0.04013921482612471,0.04013921482611789,0.009113137092878107,0.0006848394519220745,0.07454957946349258,0.07454957946349389,0.3218150361182658,0.2237695930492376,0.9995623177023286,0.056933175619886575,0.05693317561988703,0.01231996472519075,0.0009549911385453339,0.07826614153602345,0.07826614153602356,0.3251723682436206,0.22675057327171763,0.9998263085573242,0.0732478641708956,0.07324786417089046,0.015037608708795044,0.0011480820861068425,0.09419890733730575,0.09419890733730422,0.3245040325122092,0.22933073933739861,0.9999607648151162,0.0889800092087656,0.08898000920876221,0.017335046454321046,0.0013082406769118233,0.09332292582119003,0.09332292582119199,0.3232236677727714,0.23231735686391547,1.0,0.10397787266744414,0.10397787266745223,0.01926165466373046,0.001448593111534772,0.10152777516865762,0.10152777516865955,0.3200613981165912,0.23482851475643554,0.999967060102816,0.11817072144477972,0.11817072144477889,0.020871825473927286,0.0015735793008966239,0.11586332759192576,0.1158633275919268,0.31611474701705244,0.23727027349721658
avgprice_signal_17_slope,0.1653101378837065,0.473955091716044,0.04748123851871973,0.08747932610790406,0.11998649260736008,0.35235177033718446,0.15941277910170237,0.6221996100785057,0.6221996100785075,0.030378240730665182,0.06325265527861067,0.4471925679200576,0.44719256792005785,0.22213066410315405,0.25327040107710913,0.14311413195806624,0.840138884660681,0.8401388846606798,0.026365191096632195,0.0706151808254595,0.5886691823442051,0.5886691823442055,0.20730479677235977,0.27149871463349357,0.13000733587411764,0.9335080082459402,0.9335080082459405,0.07551462153889972,0.07158563595261658,0.6604782553248063,0.6604782553248063,0.19355912113726292,0.2882352251153426,0.11953310434145945,0.9769188961487836,0.9769188961487882,0.11616298822506338,0.07095216897287573,0.6925026795586922,0.6925026795586919,0.17773084758709443,0.2934261440914954,0.11102433829316335,0.9953316870752236,0.9953316870752231,0.1496737921904023,0.06981597356889546,0.7060171310919913,0.7060171310919916,0.16232972888633462,0.2936540373620818,0.10397787266744414,1.0,1.000000000000001,0.17752933263959467,0.06855762996764411,0.7093917344805611,0.7093917344805615,0.14696474905048393,0.29041284032411285,0.09804074776263638,0.996722162104188,0.9967221621041891,0.2009686908810719,0.06732349444175592,0.7070914883896612,0.7070914883896612,0.1317932825103367,0.2849158180010403
avgprice_hist_17,0.16531013788371468,0.47395509171604355,0.04748123851872027,0.08747932610790381,0.11998649260735998,0.352351770337184,0.15941277910171062,0.6221996100785036,0.6221996100785059,0.030378240730666046,0.0632526552786109,0.44719256792005685,0.4471925679200573,0.2221306641031502,0.2532704010771055,0.14311413195807454,0.8401388846606817,0.8401388846606805,0.026365191096631036,0.07061518082545981,0.5886691823442052,0.5886691823442055,0.20730479677235578,0.27149871463349007,0.13000733587412566,0.93350800824594,0.9335080082459397,0.07551462153889855,0.07158563595261692,0.6604782553248049,0.6604782553248048,0.19355912113725934,0.2882352251153392,0.11953310434146774,0.9769188961487819,0.9769188961487852,0.11616298822506183,0.07095216897287601,0.6925026795586912,0.6925026795586913,0.17773084758709165,0.29342614409149237,0.11102433829317161,0.9953316870752231,0.9953316870752205,0.14967379219040058,0.06981597356889621,0.7060171310919913,0.7060171310919915,0.16232972888633135,0.2936540373620786,0.10397787266745223,1.000000000000001,1.0,0.17752933263959333,0.06855762996764449,0.7093917344805599,0.7093917344805606,0.14696474905048063,0.2904128403241105,0.09804074776264436,0.9967221621041865,0.9967221621041884,0.20096869088107022,0.0673234944417564,0.7070914883896614,0.7070914883896607,0.13179328251033365,0.2849158180010373
avgprice_hist_17_slope,0.008057149462105126,0.9507028754750232,0.6742348286816897,0.2504760973742964,0.2501211265794176,0.616868210342487,0.01613892759314387,0.8395344850113634,0.8395344850113647,0.8191419632126122,0.3749452981938513,0.5458729194179671,0.5458729194179673,0.13436024887779055,0.23418872033226631,0.022906959179323838,0.5527339049036539,0.5527339049036555,0.9488423782193417,0.5093190840024502,0.36482554787873944,0.3648255478787393,0.14431592411514005,0.28299345600933445,0.023165797988843703,0.39198760769828983,0.3919876076982887,0.9828602713061109,0.561157257539618,0.24144261096916778,0.2414426109691679,0.11486143746572301,0.2586806441479815,0.022058649571164313,0.29235869445131385,0.2923586944513144,0.9948608028063805,0.5886494329014286,0.1767878162106294,0.17678781621062942,0.09159188063339864,0.2321117538446784,0.020655341317551933,0.2252823292078935,0.22528232920789398,0.9990683918004052,0.605639512414173,0.12897668454719144,0.12897668454719138,0.07007706248617043,0.20220652142159332,0.01926165466373046,0.17752933263959467,0.17752933263959333,1.0,0.617144187341198,0.10226701784932346,0.10226701784932356,0.05266478926186706,0.17701032893153348,0.01796840897935258,0.14213220885743144,0.14213220885743158,0.9994409282368965,0.6254280625369185,0.07850776865841973,0.07850776865841973,0.03946017841498153,0.15586884369806836
avgprice_hist_17_acceleration,0.005701004699268702,0.5305939766482035,0.9972022871073916,0.1888017714702694,0.189931497695266,0.32735993726747725,0.008093916451559867,0.24838990641302364,0.24838990641302447,0.9314488626510486,0.9324702258751659,0.14796014063669546,0.14796014063669527,0.029651927884025805,0.08336782386080949,0.005766006536745249,0.0019732605815495356,0.001973260581549855,0.772047761860113,0.9886959719282389,0.000383976247414081,0.00038397624741407177,0.011595864501806306,0.10946634999535836,0.003818129060673943,0.049490998501762515,0.04949099850176176,0.6991829010027042,0.9971280764043458,0.04366285469417107,0.04366285469417108,0.015110558705809407,0.08030258426807471,0.002659676068291314,0.06432372313450498,0.06432372313450434,0.6591918917780234,0.9992772088773255,0.04857574056673382,0.04857574056673384,0.024284988257590498,0.06217256368347303,0.0019325335013934623,0.06838522672509248,0.06838522672509167,0.6341752523537048,0.999884051351242,0.04869251170332284,0.048692511703322804,0.02777242285466149,0.04682698222561194,0.001448593111534772,0.06855762996764411,0.06855762996764449,0.617144187341198,1.0,0.04068184020931992,0.04068184020932001,0.028711330366236628,0.034930289908068506,0.0011106586146516883,0.06720181965419719,0.06720181965419694,0.6048429892542796,0.9999408263294857,0.03950555689058491,0.039505556890584916,0.02762521163618838,0.02639140035348551
avgprice_hist_17_gt_0,0.14480359701644635,0.31504007481352037,0.02846761768786285,0.08387110595403836,0.11350614116489521,0.33092123545520113,0.1408866395955168,0.41521728797983254,0.4152172879798336,0.02372211148770135,0.03049021828118544,0.43709158335927195,0.43709158335927223,0.14021597294484792,0.12852326734293978,0.1296413094224273,0.5764169459647269,0.5764169459647276,0.0033060875618356965,0.037676086023531126,0.6288408842024751,0.6288408842024752,0.11507014587302943,0.12627812452623724,0.12027924985524358,0.6513572534354092,0.6513572534354061,0.032871027953688264,0.040171164936731556,0.7602133777943819,0.7602133777943817,0.0958771943829059,0.12701543507009844,0.11272226574167589,0.6878244671164393,0.6878244671164394,0.0596386397427466,0.04095453600975204,0.8558050435225498,0.8558050435225495,0.07953366613669798,0.1249307465277938,0.1065862582841922,0.7042098680769829,0.7042098680769813,0.08267783225373734,0.040986899429416725,0.931180886924853,0.9311808869248525,0.06794494091954557,0.1233030656873339,0.10152777516865762,0.7093917344805611,0.7093917344805599,0.10226701784932346,0.04068184020931992,1.0,1.0000000000000002,0.058327036628927686,0.12076677714647265,0.09729097458625813,0.7080738519048646,0.7080738519048653,0.11895983378612711,0.04023271522043244,0.9475095667378062,0.9475095667378058,0.04868861855592014,0.11713059161592608
avgprice_hist_17_lt_0,0.14480359701644813,0.3150400748135201,0.028467617687862806,0.08387110595403846,0.11350614116489537,0.3309212354552015,0.14088663959551886,0.41521728797983276,0.41521728797983376,0.023722111487701373,0.030490218281185408,0.43709158335927234,0.4370915833592724,0.14021597294484733,0.12852326734293937,0.1296413094224292,0.5764169459647271,0.5764169459647277,0.003306087561835702,0.03767608602353116,0.6288408842024745,0.6288408842024751,0.11507014587302895,0.12627812452623685,0.1202792498552453,0.6513572534354095,0.6513572534354061,0.032871027953688334,0.04017116493673149,0.7602133777943817,0.7602133777943819,0.09587719438290544,0.1270154350700981,0.11272226574167792,0.6878244671164401,0.6878244671164399,0.05963863974274668,0.040954536009752115,0.8558050435225498,0.8558050435225497,0.07953366613669753,0.12493074652779355,0.10658625828419417,0.7042098680769835,0.7042098680769815,0.08267783225373734,0.04098689942941678,0.9311808869248526,0.9311808869248526,0.06794494091954517,0.12330306568733349,0.10152777516865955,0.7093917344805615,0.7093917344805606,0.10226701784932356,0.04068184020932001,1.0000000000000002,1.0,0.05832703662892722,0.12076677714647242,0.09729097458626029,0.7080738519048647,0.7080738519048664,0.11895983378612714,0.04023271522043239,0.9475095667378064,0.9475095667378056,0.04868861855591965,0.1171305916159258
avgprice_hist_17_abs,0.30823640054383455,0.09343230326017161,0.021944587610535124,0.03417862341102804,0.006876699009209159,0.008283999318543846,0.3096284539645813,0.12743036536775776,0.1274303653677583,0.016273247957268453,0.026220293356528156,0.0008344309312720897,0.0008344309312712996,0.5756322524640431,0.4319764199758875,0.3132867261834077,0.16392150596343175,0.16392150596343427,0.006540641974325565,0.03053165570516685,0.01918834564343327,0.019188345643433188,0.7704472589510295,0.5262933761765642,0.31582769819500817,0.1678924431340423,0.16789244313404167,0.02394588324071908,0.030657728342965422,0.04489434896339338,0.04489434896339341,0.8904230411851826,0.6020333952308028,0.3176394257102793,0.1630473951951355,0.1630473951951373,0.03639609332584073,0.030053255666503756,0.049626035215903835,0.049626035215904106,0.9581602512986507,0.6501535649380101,0.31900032108998133,0.15544063265211452,0.15544063265211489,0.045592259980332304,0.029355511013959473,0.055135206690928425,0.05513520669092778,0.9909669419459054,0.6799386380999737,0.3200613981165912,0.14696474905048393,0.14696474905048063,0.05266478926186706,0.028711330366236628,0.058327036628927686,0.05832703662892722,1.0,0.6970430619824826,0.3209071995266948,0.13830478005187027,0.13830478005186986,0.05829922950236824,0.02814825259571756,0.05532047716970641,0.05532047716970626,0.9936030375334818,0.7052021717775572
avgprice_17_strength,0.21479502151986446,0.24989367840901763,0.04960052679515267,0.017786724921258212,0.0250053054024931,0.05891295012908945,0.21766064920511624,0.28581781632445774,0.28581781632445763,0.07497430923668533,0.007729064984828487,0.07279990916403722,0.07279990916403661,0.7650330483064798,0.8456569739486105,0.22382001532478368,0.31939402182371884,0.3193940218237201,0.11166230853781726,0.021859194494095936,0.09555698346645367,0.09555698346645351,0.7256325403710511,0.890275478361327,0.22791838769283482,0.32062842918136114,0.320628429181361,0.1361571721422544,0.02713422604692002,0.11400363506345589,0.11400363506345587,0.7268138194492605,0.9495868236070721,0.2308521548306153,0.3126826229838223,0.31268262298382415,0.1537345227544348,0.030545633599997683,0.11645810432404065,0.11645810432404083,0.7229055422411256,0.9805777968330921,0.23307639355571683,0.30194497129609676,0.30194497129609665,0.16683867716114684,0.0330301468809361,0.1196729337557648,0.11967293375576421,0.7127163168268036,0.995725329557696,0.23482851475643554,0.29041284032411285,0.2904128403241105,0.17701032893153348,0.034930289908068506,0.12076677714647265,0.12076677714647242,0.6970430619824826,1.0,0.23624235992174875,0.27881555056603585,0.27881555056603596,0.1851760234060274,0.03643140970784021,0.11939810976654013,0.11939810976653986,0.6778925884602002,0.9969074041958944
avgprice_signal_20,0.9976824392837774,0.014816037532194834,0.0027494223522313557,0.007314265105103531,0.04379351370841098,0.024467196835527377,0.9980173688067617,0.021034736190068442,0.02103473619006795,0.004363070535706455,0.00014891621994175117,0.04869881234842769,0.04869881234843056,0.3141891151158639,0.22708662552271947,0.9987844564150496,0.03750789658606778,0.037507896586061025,0.00807197446246329,0.00050976157753908,0.07274608555475945,0.07274608555476071,0.32289683808484065,0.22480520815360977,0.9993047878456591,0.05313980812181346,0.053139808121813896,0.01109288824905827,0.0007185112802788805,0.07561046837605788,0.07561046837605799,0.3261725741783629,0.22790120295637928,0.9996467170212497,0.06854608851422662,0.06854608851422143,0.013736243236423631,0.0008671946760726433,0.09087611993413365,0.09087611993413222,0.3254277376538792,0.23057361729775686,0.9998567590367421,0.08357883091084164,0.0835788309108386,0.01602075611181884,0.0009947382240869031,0.089485606732841,0.08948560673284306,0.3241056867638013,0.23365635324713535,0.999967060102816,0.09804074776263638,0.09804074776264436,0.01796840897935258,0.0011106586146516883,0.09729097458625813,0.09729097458626029,0.3209071995266948,0.23624235992174875,1.0,0.11182375445354836,0.1118237544535475,0.01961843173574492,0.0012169685957943083,0.11134708598659046,0.11134708598659149,0.31691612388985324,0.2387394711305463
avgprice_signal_20_slope,0.17918010757722627,0.4412502206843578,0.04957141374450052,0.07830767886917549,0.11404337714265853,0.3315666093506925,0.17366390363921136,0.5833603840794886,0.5833603840794889,0.03710395274614434,0.058766139305161766,0.4221973714623234,0.42219737146232406,0.2121065092606031,0.23979500893101152,0.15803117229046534,0.8022128298569252,0.8022128298569231,0.008685969769872895,0.06669855353872102,0.5625922406585422,0.5625922406585426,0.19649298372683943,0.2564209444265515,0.14505465382376967,0.904227282606675,0.9042272826066755,0.050573741061703925,0.06847425706278602,0.6402359807916889,0.6402359807916891,0.18274776504578763,0.2732191508036101,0.13441844390074065,0.9571780700193244,0.9571780700193285,0.08636395733413069,0.06854534705884242,0.679344880534759,0.6793448805347588,0.1672777912244093,0.2792087630593834,0.12559879047829736,0.984383511517039,0.984383511517041,0.11656699008803828,0.06798845552318245,0.6990414548357093,0.6990414548357095,0.15271347293641563,0.28073616943075885,0.11817072144477972,0.996722162104188,0.9967221621041865,0.14213220885743144,0.06720181965419719,0.7080738519048646,0.7080738519048647,0.13830478005187027,0.27881555056603585,0.11182375445354836,1.0,1.0000000000000016,0.16396477885224664,0.06635359582601434,0.7103576546556677,0.7103576546556675,0.12397144780117797,0.27456531737278644
avgprice_hist_20,0.1791801075772255,0.4412502206843574,0.04957141374450034,0.0783076788691759,0.11404337714265873,0.3315666093506927,0.17366390363921042,0.5833603840794879,0.5833603840794876,0.03710395274614398,0.058766139305161544,0.4221973714623247,0.4221973714623253,0.21210650926060293,0.23979500893101077,0.15803117229046484,0.8022128298569224,0.802212829856922,0.008685969769873188,0.06669855353872088,0.5625922406585425,0.562592240658543,0.1964929837268399,0.25642094442655194,0.14505465382376875,0.9042272826066765,0.9042272826066722,0.05057374106170427,0.06847425706278581,0.6402359807916898,0.6402359807916898,0.18274776504578688,0.2732191508036094,0.13441844390073948,0.9571780700193266,0.9571780700193265,0.0863639573341309,0.06854534705884255,0.679344880534761,0.6793448805347605,0.16727779122440936,0.27920876305938425,0.12559879047829656,0.9843835115170387,0.9843835115170376,0.11656699008803881,0.06798845552318208,0.6990414548357079,0.6990414548357076,0.1527134729364161,0.280736169430759,0.11817072144477889,0.9967221621041891,0.9967221621041884,0.14213220885743158,0.06720181965419694,0.7080738519048653,0.7080738519048664,0.13830478005186986,0.27881555056603596,0.1118237544535475,1.0000000000000016,1.0,0.16396477885224683,0.06635359582601426,0.7103576546556676,0.7103576546556674,0.12397144780117818,0.2745653173727871
avgprice_hist_20_slope,0.008195800742613116,0.9575885831491805,0.6626361326073053,0.25152243026066257,0.250959117490725,0.6223302806353472,0.016416500223638403,0.8539656154858781,0.853965615485879,0.8070855593139064,0.3657491186414995,0.5562518584684677,0.5562518584684673,0.1409933626737182,0.24107903773215086,0.02369961919211335,0.5770941933328337,0.5770941933328345,0.9396094826151249,0.49791367736132963,0.38210350146457706,0.38210350146457733,0.15066339592766642,0.29005828017655433,0.02432765796998873,0.41857321558554705,0.4185732155855485,0.9766440981695755,0.5491348577821293,0.26068948558888055,0.26068948558888055,0.1213445152929635,0.2665482416999238,0.023451687021307833,0.3186150535698303,0.3186150535698316,0.991035972419528,0.5764179634868383,0.19563160844260818,0.19563160844260813,0.09794143905911039,0.24029040242417635,0.022186876479988012,0.25028249362623317,0.25028249362623356,0.9970844388328727,0.5933438820892473,0.1469622910922175,0.14696229109221728,0.07612146192354882,0.21046461369251165,0.020871825473927286,0.2009686908810719,0.20096869088107022,0.9994409282368965,0.6048429892542796,0.11895983378612711,0.11895983378612714,0.05829922950236824,0.1851760234060274,0.01961843173574492,0.16396477885224664,0.16396477885224683,1.0,0.6131460099853856,0.09406054422914416,0.0940605442291441,0.04465841841049651,0.1638421942997796
avgprice_hist_20_acceleration,0.005748174965896187,0.5383949589069973,0.9979337109457709,0.19043235960171978,0.19156353521555983,0.33250569331234536,0.00822170131246772,0.25676600252537085,0.25676600252537113,0.9349662978366952,0.9293297418592305,0.15345651538902924,0.15345651538902888,0.030722636117324398,0.08531764706686187,0.0059704525367089804,0.007830323066607175,0.007830323066607536,0.7787879046619693,0.9871189863996086,0.0033959071527857785,0.0033959071527857646,0.013015304702291213,0.11184340245876115,0.004014129367196692,0.04562658893408282,0.04562658893408195,0.7068838909637009,0.9962667777451081,0.04139703233490342,0.04139703233490343,0.013859967734202503,0.08255225613345346,0.0028314815785225587,0.06171857448395715,0.061718574483956755,0.6672609863142469,0.9988085860381514,0.04715804741342923,0.047158047413429306,0.0232665005894264,0.0641940797321713,0.0020795093917509652,0.06659844316604162,0.06659844316604077,0.6423974677586594,0.9996597408914011,0.04788913937328282,0.04788913937328284,0.027002946249748912,0.04856425361744271,0.0015735793008966239,0.06732349444175592,0.0673234944417564,0.6254280625369185,0.9999408263294857,0.04023271522043244,0.04023271522043239,0.02814825259571756,0.03643140970784021,0.0012169685957943083,0.06635359582601434,0.06635359582601426,0.6131460099853856,1.0,0.039312849492987884,0.03931284949298781,0.027225904994001415,0.027689774372080155
avgprice_hist_20_gt_0,0.1588758840883554,0.29305637761751663,0.02962070183423174,0.07136828936259812,0.1034779989422296,0.30966871016656056,0.15521869489963133,0.3890057926127939,0.38900579261279566,0.028018164445633754,0.027224839630296534,0.4096782450822524,0.40967824508225287,0.13139073378634242,0.12116556899819081,0.14443594424407535,0.5506074112432356,0.5506074112432353,0.008327416441615845,0.03481421194739627,0.5863592252687102,0.586359225268711,0.1099989227692642,0.12190317893043,0.13518148981051628,0.6311265835258323,0.6311265835258295,0.01641424328893695,0.0378569935567214,0.7114233678633664,0.7114233678633664,0.09274658825350343,0.12421126467897185,0.1275259380414138,0.6740535988867147,0.6740535988867175,0.03983731786599137,0.039094201598095575,0.806068863465712,0.8060688634657122,0.07700845619321063,0.12290915374568309,0.12118181723344935,0.6965412349123916,0.6965412349123895,0.060546052871409545,0.03950118997514037,0.8796268931049572,0.8796268931049573,0.06529730560728239,0.12169847600454495,0.11586332759192576,0.7070914883896612,0.7070914883896614,0.07850776865841973,0.03950555689058491,0.9475095667378062,0.9475095667378064,0.05532047716970641,0.11939810976654013,0.11134708598659046,0.7103576546556677,0.7103576546556676,0.09406054422914416,0.039312849492987884,1.0,0.9999999999999998,0.045906149159605406,0.11593409857877791
avgprice_hist_20_lt_0,0.15887588408835612,0.2930563776175168,0.02962070183423176,0.07136828936259801,0.10347799894222962,0.30966871016656056,0.1552186948996322,0.3890057926127938,0.38900579261279566,0.028018164445633736,0.02722483963029653,0.4096782450822521,0.40967824508225276,0.13139073378634228,0.1211655689981904,0.14443594424407627,0.5506074112432358,0.5506074112432354,0.00832741644161583,0.03481421194739619,0.5863592252687106,0.5863592252687114,0.10999892276926385,0.12190317893042989,0.13518148981051714,0.6311265835258318,0.6311265835258295,0.016414243288936946,0.03785699355672146,0.7114233678633666,0.7114233678633665,0.09274658825350322,0.12421126467897152,0.12752593804141488,0.6740535988867145,0.6740535988867178,0.039837317865991394,0.039094201598095686,0.8060688634657116,0.8060688634657116,0.07700845619321035,0.12290915374568279,0.12118181723345041,0.6965412349123914,0.6965412349123896,0.06054605287140949,0.0395011899751404,0.8796268931049573,0.8796268931049568,0.06529730560728217,0.12169847600454486,0.1158633275919268,0.7070914883896612,0.7070914883896607,0.07850776865841973,0.039505556890584916,0.9475095667378058,0.9475095667378056,0.05532047716970626,0.11939810976653986,0.11134708598659149,0.7103576546556675,0.7103576546556674,0.0940605442291441,0.03931284949298781,0.9999999999999998,1.0,0.04590614915960526,0.11593409857877766
avgprice_hist_20_abs,0.305266561101893,0.07683666135036873,0.02217961417965599,0.03517442846524613,0.005776699352970705,0.012726350532790183,0.3064629418134467,0.1072592185674807,0.10725921856748082,0.018689326559498377,0.023476113535419556,0.00612238632784845,0.006122386327849146,0.5462828094003841,0.4066592270647927,0.30974173841795066,0.14272287323776062,0.14272287323776314,0.0008848976775220414,0.028063621803687013,0.007826041714717673,0.007826041714717614,0.7260483772885546,0.49258258822560924,0.31210177313368537,0.14852131934666313,0.14852131934666335,0.013824242825821419,0.028686613738892516,0.03392330499291019,0.0339233049929102,0.8476359707125786,0.567690018133843,0.31381259026802444,0.14542515464508451,0.14542515464508599,0.024750130049736196,0.02846864397293581,0.03889470521181238,0.03889470521181258,0.9250731812958929,0.6192527808524798,0.3151059502778537,0.13920041824229826,0.1392004182422989,0.03300827939122395,0.02805598158087071,0.045563133070707015,0.04556313307070636,0.9709032805598469,0.6545186075081455,0.31611474701705244,0.1317932825103367,0.13179328251033365,0.03946017841498153,0.02762521163618838,0.04868861855592014,0.04868861855591965,0.9936030375334818,0.6778925884602002,0.31691612388985324,0.12397144780117797,0.12397144780117818,0.04465841841049651,0.027225904994001415,0.045906149159605406,0.04590614915960526,1.0,0.6922530849846215
avgprice_20_strength,0.21755824650434602,0.22924492480456898,0.03957771989705041,0.01603171210534969,0.02360297367048956,0.05407188205302391,0.220230656601573,0.26558093256924886,0.26558093256924903,0.061497189778493715,0.003909782195146284,0.06759320351082708,0.06759320351082647,0.7569924854916932,0.8278127078602404,0.2261732536721105,0.3038985160993667,0.303898516099368,0.09381536264986007,0.01568327809363147,0.08999566430892812,0.08999566430892798,0.710796937756934,0.8662614262431313,0.23023742258919114,0.30881748700252215,0.30881748700252026,0.11666149922514596,0.01987473201562614,0.10939054537217839,0.10939054537217834,0.7149715252062395,0.928197624532827,0.23319449170593626,0.3035638403535294,0.30356384035353134,0.13339194783685163,0.02267477739547126,0.11216903612432365,0.11216903612432372,0.7170911688629721,0.9644045227392605,0.23546438869098765,0.2948659257554232,0.29486592575542425,0.14600194308086134,0.024765975532018147,0.11630431875795989,0.11630431875795934,0.7139332243085752,0.9860029816405439,0.23727027349721658,0.2849158180010403,0.2849158180010373,0.15586884369806836,0.02639140035348551,0.11713059161592608,0.1171305916159258,0.7052021717775572,0.9969074041958944,0.2387394711305463,0.27456531737278644,0.2745653173727871,0.1638421942997796,0.027689774372080155,0.11593409857877791,0.11593409857877766,0.6922530849846215,1.0
