design_column,spearman,mutual_info,xgb_gain,xgb_shap,lasso,permutation
indonesia__economy__business__economics__idbcoi__last,0.00800667064155547,0.8067048783111405,6.441342431572166e-05,0.0006433759431373044,0.0,0.007616675873048972
indonesia__economy__business__economics__idbcoi__mean,0.006445109775384609,0.5913559112870056,1.9008577830186048e-05,0.003134252451757616,0.07717284825874561,0.009931739069169757
indonesia__economy__business__economics__idbcoi__slope,0.0260574111444496,0.08573246747266695,6.584998699180192e-06,0.00035200537349959406,0.0,0.001964654645219799
indonesia__economy__business__economics__idbcoi__sd,0.027450359909664823,0.0940403368708461,1.904395673019494e-05,0.0007411310086938444,0.0,0.0
indonesia__economy__business__economics__idbcoi__min,0.048117068899654766,0.7987869862070174,0.0008000070364801281,0.0017988144274686362,0.0,0.013911377849085487
indonesia__economy__business__economics__idbcoi__max,0.04721477278992159,0.7988232502919193,3.540355632296364e-05,0.0006700756587743657,0.10046109649035022,0.0
indonesia__economy__business__economics__idcap__last,0.7486835350324533,0.6530095483889122,0.0,0.0,0.0,0.0
indonesia__economy__business__economics__idcap__mean,0.7545626836988789,0.634667160546667,5.983692135551096e-06,4.385206174573347e-05,0.0,0.0
indonesia__economy__business__economics__idcap__slope,0.0899535371063036,0.03175185323020395,9.621232704798636e-06,0.00038953210804685786,0.0,0.0
indonesia__economy__business__economics__idcap__sd,0.014510999567683345,0.0363135722809875,1.0118429249814784e-05,7.865540383500389e-05,0.0,0.0
indonesia__economy__business__economics__idcap__min,0.745915312980809,0.6540263365742678,0.0,0.0,0.0,0.0
indonesia__economy__business__economics__idcap__max,0.755871239193641,0.6584409612569962,2.6996187479747946e-08,3.2342625652072983e-06,0.0,0.0
indonesia__economy__business__economics__idcar__last,0.21577378385260837,0.825349514037299,5.659529208497756e-06,9.075902893664025e-05,0.0,0.0
indonesia__economy__business__economics__idcar__mean,0.22199569874051242,0.3337176953822452,2.1629589084703586e-05,0.0029775299195680385,0.0,0.0
indonesia__economy__business__economics__idcar__slope,0.019909059236506023,0.1368515219285942,1.803737632269674e-05,0.0013856002411032269,0.17100174333230792,0.0
indonesia__economy__business__economics__idcar__sd,0.0046166396045453,0.15666751392625175,6.109321219865577e-05,0.0020431774147378367,0.09643021414841803,0.0034833968612383594
indonesia__economy__business__economics__idcar__min,0.20568586300926073,0.8185233095126114,0.00032896418931095743,0.004781849317752717,0.0,0.0
indonesia__economy__business__economics__idcar__max,0.22542305872477525,0.809594872865818,0.0,0.0,0.09520787646527563,0.0
indonesia__economy__business__economics__idcli__last,0.33756332224215274,0.8375846024633551,0.0013577547491361432,0.019766277394576596,0.0,0.0
indonesia__economy__business__economics__idcli__mean,0.33983486083962205,0.6130640725339768,0.0014195752531190686,0.03861573589106061,0.0,0.00127155557714282
indonesia__economy__business__economics__idcli__slope,0.04136356919089129,0.18983564451819435,9.835450629849821e-06,0.00023496064889064116,0.0,0.0008443563442478705
indonesia__economy__business__economics__idcli__sd,0.1032461568773849,0.18209945599313992,1.388868200703623e-05,0.0027382108572378354,0.20758342420796874,0.0
indonesia__economy__business__economics__idcli__min,0.341112243020996,0.837823188761472,0.00039486205518407975,0.0017090703633873628,0.0,8.795883898475966e-05
indonesia__economy__business__economics__idcli__max,0.33478492397340803,0.8412924339838057,2.290245205059674e-05,0.000647013164278869,0.0,0.0
indonesia__economy__business__economics__idcorpi__last,0.684639264538998,0.46332128611362927,0.0,0.0,0.0,0.0
indonesia__economy__business__economics__idcorpi__mean,0.6881239993238942,0.4857826299546739,0.0025368678965057754,0.023071085933193996,0.0,5.058443140921236e-06
indonesia__economy__business__economics__idcorpi__slope,0.09546100938088202,0.01938510089696192,0.0,0.0,0.0,0.0
indonesia__economy__business__economics__idcorpi__sd,0.029687565309080503,0.022925787037672226,0.0,0.0,0.0,0.0
indonesia__economy__business__economics__idcorpi__min,0.6870539628668967,0.4714916517446595,9.100967389344632e-05,0.001226147426672637,0.0,0.0
indonesia__economy__business__economics__idcorpi__max,0.6928476535972687,0.4623308449608678,0.0,0.0,0.0,0.0
indonesia__economy__business__economics__idcp__last,0.24590525535863644,0.6173126374314042,9.279786884633204e-06,0.0001777726841801812,0.060279843751252206,0.0
indonesia__economy__business__economics__idcp__mean,0.23037553706651187,0.42585616261618364,0.0006204695898875748,0.012461327872866078,0.0,0.0
indonesia__economy__business__economics__idcp__slope,0.015578575488762366,0.24494996636118752,3.99722839999744e-06,8.43767721671034e-05,0.004994644748087133,0.0
indonesia__economy__business__economics__idcp__sd,0.22201892662094055,0.30736895053131946,1.1555529933052822e-05,6.912333790239515e-05,0.05133470011672025,0.0
indonesia__economy__business__economics__idcp__min,0.18624888586434815,0.6051109527096529,0.0,0.0,0.0,0.0
indonesia__economy__business__economics__idcp__max,0.3128016593830342,0.6093001938383282,0.0003574265819711044,0.0015260160251048427,0.0,0.0
indonesia__economy__business__economics__idcu__last,0.018537663390799146,0.8238424739188801,0.00013143994470212129,0.0013170092813603717,0.1281668436578688,0.0
indonesia__economy__business__economics__idcu__mean,0.007047388966849914,0.6522208122780624,4.7420585603595296e-05,0.0016424374848476582,0.0,7.49092682655437e-05
indonesia__economy__business__economics__idcu__slope,0.006019431299976821,0.07290507330999899,1.3701985072912875e-05,0.0003299220364641831,0.0,0.0
indonesia__economy__business__economics__idcu__sd,0.024542993744585188,0.08640911202784952,1.506982461129805e-05,0.0003304058696507895,0.0,0.0007061913495426916
indonesia__economy__business__economics__idcu__min,0.017444087775538894,0.8205921081037489,1.4483516992419273e-05,0.0002668863745025903,0.0,0.0
indonesia__economy__business__economics__idcu__max,0.03771393851627123,0.8055467692014006,8.862003200682663e-06,3.9755983489645024e-05,0.1809060020199697,0.0
indonesia__economy__business__economics__idedbr__last,0.8728920408631262,0.4714925061171105,6.127095924756457e-06,3.5428488864338754e-05,0.0,0.0
indonesia__economy__business__economics__idedbr__mean,0.8738290647072099,0.48328074069877197,5.727366559189965e-05,0.0013656182148520913,0.0,0.0
indonesia__economy__business__economics__idedbr__slope,0.030717169916899288,0.015160068298765574,6.980146177959173e-06,0.00024048768638876343,0.0,0.0
indonesia__economy__business__economics__idedbr__sd,0.06432511641780908,0.02163236291763456,0.0,0.0,0.06813197619979672,0.0
indonesia__economy__business__economics__idedbr__min,0.8727145559508761,0.4632545034253855,0.0,0.0,0.15271555881046617,0.0
indonesia__economy__business__economics__idedbr__max,0.8748811309648552,0.47808101842322287,0.0,0.0,0.0,0.0
indonesia__economy__business__economics__idgp__last,0.3695897614680471,0.6964511774481883,9.05259143823481e-05,0.0015218089629128906,0.0317839259473058,0.0
indonesia__economy__business__economics__idgp__mean,0.37376774016046194,0.4481895785213465,1.093763199860082e-05,0.0020745071814222854,0.04881373428807185,0.0
indonesia__economy__business__economics__idgp__slope,0.017347941664186996,0.23456878998840752,2.605043051845797e-05,0.00048752470800255456,0.05635013705633502,0.0
indonesia__economy__business__economics__idgp__sd,0.0043189366748272685,0.304648897528026,0.00014304993260227909,0.0008362499410160563,0.031021840924462342,0.0
indonesia__economy__business__economics__idgp__min,0.367786886747108,0.6861455131322132,3.296658482934692e-05,0.0005269202438508915,0.0,0.0
indonesia__economy__business__economics__idgp__max,0.36702867285217444,0.6902370455925709,2.6807726764741716e-05,0.00035148282119315137,0.14429273935613512,0.0
indonesia__economy__business__economics__idic__last,0.033877475589972075,0.8069802469851494,0.00011835351493214443,0.002518939729358731,0.0,0.0
indonesia__economy__business__economics__idic__mean,0.041350258219576046,0.5766629305600478,0.00011789003631914047,0.0019548326923678307,0.01597331949873717,0.009393881532024485
indonesia__economy__business__economics__idic__slope,0.03249355825056329,0.08072761085835259,1.4337414717050813e-05,0.0002552432547073874,0.04621496221060012,0.0001036801412707732
indonesia__economy__business__economics__idic__sd,0.004096593165490749,0.09455924416003607,1.4526643007714082e-05,0.0013551746476679134,0.0,0.0
indonesia__economy__business__economics__idic__min,0.030846390129294302,0.8009366294714242,9.322898252612723e-05,0.0010361306583302162,0.0036151279477011113,0.0
indonesia__economy__business__economics__idic__max,0.04341147192790897,0.7966315673658589,4.164485999404392e-05,0.0008338538741152808,0.0,0.0
indonesia__economy__business__economics__idipmm__last,0.06924080548704623,0.6925451246482743,4.675459471167632e-05,0.0014188340224532679,0.0,0.0
indonesia__economy__business__economics__idipmm__mean,0.05156154217012558,0.26780489251130235,1.5186621927850758e-05,0.0013180050716817956,0.007923309404483719,0.0
indonesia__economy__business__economics__idipmm__slope,0.03661794073136252,0.22385473282985657,1.115215319819295e-05,0.0003293162029925392,0.0,0.0
indonesia__economy__business__economics__idipmm__sd,0.0012374212643733058,0.2960995604533001,2.0613572426008745e-05,0.0004686758976812759,0.05659907108842667,0.0
indonesia__economy__business__economics__idipmm__min,0.07740162645733509,0.6575540964038028,5.7340885501916546e-05,0.003878700060792851,0.0,0.0
indonesia__economy__business__economics__idipmm__max,0.01645637194744107,0.6796366071017449,0.0,0.0,0.04247274594181807,0.0
indonesia__economy__business__economics__idmbks__last,0.5222647024589339,0.8454250822556553,0.00012749042758435585,0.0016414747265318893,0.0,0.0017595351359338018
indonesia__economy__business__economics__idmbks__mean,0.545390873420047,0.3143809616838485,8.540709081779196e-05,0.012210546392950853,0.11750003610136794,0.0
indonesia__economy__business__economics__idmbks__slope,0.017366241215765313,0.12471416208140665,4.2114054815732964e-05,0.0011356748666364557,0.07621998891952583,0.0
indonesia__economy__business__economics__idmbks__sd,0.039662004570479706,0.15570375127728728,0.00014995922896503467,0.0018493935954486055,0.0,0.0
indonesia__economy__business__economics__idmbks__min,0.4786804784789514,0.8271290762195591,0.0004843832613862815,0.006382929017595344,0.0,0.0008922192174020502
indonesia__economy__business__economics__idmbks__max,0.6065029739532133,0.8329847533628426,3.204941501453042e-05,0.0013352265882905175,0.0,0.0
indonesia__economy__consumer__economics__idcci__last,0.5105557346787071,0.8061175812316246,4.237353763968353e-05,0.0010207901742133407,0.0,0.02068783782535786
indonesia__economy__consumer__economics__idcci__mean,0.5154116965651053,0.4554653070118658,0.0006791599250357435,0.055204095015385084,0.0,0.22711267004303934
indonesia__economy__consumer__economics__idcci__slope,0.04223645550819417,0.14493601005293621,3.9146305928936136e-05,0.002502480909295678,0.044385500686353496,0.005878269890521909
indonesia__economy__consumer__economics__idcci__sd,0.0030590432687333828,0.16345546623996915,8.190936450657319e-05,0.0013531529954350118,0.10614202247276892,0.0
indonesia__economy__consumer__economics__idcci__min,0.5073748178126309,0.8035800596084278,0.000629185448561018,0.020715099943431257,0.0,0.043836605397418946
indonesia__economy__consumer__economics__idcci__max,0.5289433358119731,0.8009691194171904,0.0018192800863103104,0.01645735294340549,0.0,0.005673776896219891
indonesia__economy__consumer__economics__idccr__last,0.9970031951664694,0.9415559684064434,0.010017710373882124,0.035526777174755456,0.0,0.0
indonesia__economy__consumer__economics__idccr__mean,0.9969815613752998,1.0,0.16296523743257824,0.1791749124524708,0.9053298486180504,0.0
indonesia__economy__consumer__economics__idccr__slope,0.04197437339351222,0.09695488986266203,6.848922382562074e-05,0.0016471409619925217,0.0,0.0
indonesia__economy__consumer__economics__idccr__sd,0.0038570927994019065,0.11375629571862972,4.839162373718329e-05,0.0017463134823294676,0.0,0.00227003319979028
indonesia__economy__consumer__economics__idccr__min,0.9970233925989318,0.938520877610436,0.008480169519319904,0.016232429914709717,0.0,0.0
indonesia__economy__consumer__economics__idccr__max,0.9969183886677626,0.9322516126882995,0.0049341950416721915,0.005321424948770226,0.0,0.0
indonesia__economy__consumer__economics__idhdg__last,0.24853221913862472,0.5647078818753665,8.380439847947514e-06,0.00014515282875364146,0.0,0.0
indonesia__economy__consumer__economics__idhdg__mean,0.26168315057342534,0.5811703048564285,1.216533522580693e-05,0.00028716035226597264,0.0,0.018283291921429575
indonesia__economy__consumer__economics__idhdg__slope,0.27925697692670115,0.05261909507308574,6.689891785802892e-06,0.0002814701218578361,0.0,0.005520286483863914
indonesia__economy__consumer__economics__idhdg__sd,0.019015981599815077,0.04614969396750562,2.9961714387593843e-05,0.00111385870710905,0.0009309019613328064,0.0
indonesia__economy__consumer__economics__idhdg__min,0.26599800688076164,0.5622687229991091,0.0,0.0,0.0,0.0
indonesia__economy__consumer__economics__idhdg__max,0.25145939866748973,0.5632063894627968,0.0,0.0,0.0,0.0
indonesia__economy__consumer__economics__idrsmm__last,0.10704056753675421,0.7911760283590875,1.605328291710785e-05,0.0012017544590814371,0.06007618539278356,0.0
indonesia__economy__consumer__economics__idrsmm__mean,0.1310390334679127,0.09580964558889789,4.20396351868926e-05,0.0056201121855662195,0.0,0.0
indonesia__economy__consumer__economics__idrsmm__slope,0.032256809687592536,0.113100094415939,2.3588213062435755e-05,0.0039558051758046605,0.047683167223496865,0.004764874368287953
indonesia__economy__consumer__economics__idrsmm__sd,0.04059743177506906,0.13229959249795503,4.2862093207608865e-05,0.0005442905602964088,0.153180809691847,0.019417013874994348
indonesia__economy__consumer__economics__idrsmm__min,0.09206031358235649,0.7606009838650263,0.00011331281038246993,0.004333063712391777,0.0,0.00245344923346736
indonesia__economy__consumer__economics__idrsmm__max,0.1538235379239864,0.7914599469589945,1.9042512655136192e-05,0.001326056311437536,0.0,0.0024009852827437763
indonesia__economy__consumer__economics__idrsyy__last,0.6686557972839396,0.8014905323309145,0.0010618107162712765,0.02244487888138282,0.0,0.0
indonesia__economy__consumer__economics__idrsyy__mean,0.6872020880109072,0.4212634602745798,7.230916102745128e-05,0.009076008494804746,0.0,0.009426437882281669
indonesia__economy__consumer__economics__idrsyy__slope,0.051348616640647375,0.15022619963319422,1.3384314850041105e-05,0.0007371643634109763,0.0,0.0
indonesia__economy__consumer__economics__idrsyy__sd,0.14631550227937196,0.16788114041603705,3.1931909744405354e-05,0.0016556842539834455,0.08027394410512499,0.0
indonesia__economy__consumer__economics__idrsyy__min,0.6657550380999036,0.7959942654096894,6.94987167954286e-05,0.002374787277623053,0.09164812506231322,0.0
indonesia__economy__consumer__economics__idrsyy__max,0.6903189723804135,0.78753380328363,7.049160196313036e-05,0.005058090371837972,0.0,0.0
indonesia__economy__gdp__economics__idfygdpg__last,0.350024147603724,0.589968242943306,0.0,0.0,0.000532778996998796,0.0
indonesia__economy__gdp__economics__idfygdpg__mean,0.3564651872722429,0.5915323242625526,0.0,0.0,0.06915649099672962,0.0
indonesia__economy__gdp__economics__idfygdpg__slope,0.04564218192527256,0.036770805281115176,0.0,0.0,0.0,0.0
indonesia__economy__gdp__economics__idfygdpg__sd,0.08066610875432262,0.04617702490010966,0.0,0.0,0.0,0.00022244910480945183
indonesia__economy__gdp__economics__idfygdpg__min,0.33418271198199717,0.583557060564811,2.6000332944443257e-05,0.0001952744664500924,0.23660702703027647,0.0
indonesia__economy__gdp__economics__idfygdpg__max,0.3543633474996118,0.5953404520199138,0.0,0.0,0.0,0.0
indonesia__economy__gdp__economics__idgdp__last,0.9364175466512176,0.6567773743809516,0.0,0.0,0.0,0.0
indonesia__economy__gdp__economics__idgdp__mean,0.9361646215626713,0.6733833978467842,0.0,0.0,0.0,0.0
indonesia__economy__gdp__economics__idgdp__slope,0.0499578073915596,0.025952351596783607,2.7444276552927175e-05,7.305793473873872e-05,0.0,0.0
indonesia__economy__gdp__economics__idgdp__sd,0.01077540967970608,0.02839947500233023,0.0,0.0,0.00921913113764384,0.0
indonesia__economy__gdp__economics__idgdp__min,0.9356145954156371,0.6535857775531917,0.0,0.0,0.0,0.0
indonesia__economy__gdp__economics__idgdp__max,0.9369293213353904,0.6619594181670517,0.0,0.0,0.0,0.0
indonesia__economy__gdp__economics__idgdpcp__last,0.9898727038898492,0.8241873983536679,0.01781208339730279,0.10611622311937648,0.0,0.0
indonesia__economy__gdp__economics__idgdpcp__mean,0.9906971169563547,0.8312096811522227,0.00026404500446542713,0.010232214077352312,0.0,0.0
indonesia__economy__gdp__economics__idgdpcp__slope,0.04723862957644507,0.07507721685497017,1.6016418629099648e-05,0.00037850039197896945,0.0,0.002169803808014758
indonesia__economy__gdp__economics__idgdpcp__sd,0.0,0.08664481197277893,2.0353154427312724e-05,0.00046772003401763086,0.0,0.0014857925354636755
indonesia__economy__gdp__economics__idgdpcp__min,0.9905870675978423,0.8141430958578493,0.00015235181909332177,0.007408660047541358,0.0,0.0
indonesia__economy__gdp__economics__idgdpcp__max,0.9900187465937381,0.8158431283445156,0.0038400103634367707,0.01744860977786457,0.0,0.0
indonesia__economy__gdp__economics__idgdppc__last,0.9919357939381417,0.6467888840441354,0.0,0.0,0.0,0.0
indonesia__economy__gdp__economics__idgdppc__mean,0.9918464580626032,0.6759008091289991,0.0,0.0,0.0,0.0
indonesia__economy__gdp__economics__idgdppc__slope,0.01374228561467236,0.01860183521737739,0.0,0.0,0.0,0.0
indonesia__economy__gdp__economics__idgdppc__sd,0.2950735291655612,0.021392781993499376,2.0819501472894365e-06,2.3491433396761766e-05,0.0,0.0
indonesia__economy__gdp__economics__idgdppc__min,0.9921570305824953,0.6577300982994937,0.0,0.0,0.0,0.0
indonesia__economy__gdp__economics__idgdppc__max,0.9920395990319832,0.6481027759075975,0.0,0.0,0.0,0.0
indonesia__economy__gdp__economics__idgdppcp__last,0.9919357939381417,0.6462295299244414,0.0,0.0,0.0,0.0
indonesia__economy__gdp__economics__idgdppcp__mean,0.9918464580626032,0.6813875979047608,0.0,0.0,0.0,0.0
indonesia__economy__gdp__economics__idgdppcp__slope,0.012475099979647119,0.02100641898684892,0.0,0.0,0.0,0.0016767947983025294
indonesia__economy__gdp__economics__idgdppcp__sd,0.196434514471395,0.022127641672764622,6.646582115708674e-05,0.0005615464722600757,0.0,0.0
indonesia__economy__gdp__economics__idgdppcp__min,0.9921570305824953,0.652478920764373,0.0,0.0,0.0,0.0
indonesia__economy__gdp__economics__idgdppcp__max,0.9920395990319832,0.6475818550567215,0.0,0.0,0.0,0.0
indonesia__economy__gdp__economics__idgdpqq__last,0.09590807208799956,0.7923547502705823,0.00025773067453831996,0.004493394523765134,0.08973843851318787,0.0
indonesia__economy__gdp__economics__idgdpqq__mean,0.10498307940973714,0.5511200918835868,0.0002253396015053385,0.0017989827037238602,0.0,0.05369568399864488
indonesia__economy__gdp__economics__idgdpqq__slope,0.13018920350442972,0.07822422067287495,2.917792152352212e-05,0.0004029861062747269,0.0,0.002251965530087109
indonesia__economy__gdp__economics__idgdpqq__sd,0.013914581777962039,0.08207760004223223,0.001109788170267878,0.005873821672322344,0.10006542104286421,0.012592161761256035
indonesia__economy__gdp__economics__idgdpqq__min,0.058582111342636495,0.7906346692762962,8.925653297062778e-05,0.0010597193277459833,0.0,0.0
indonesia__economy__gdp__economics__idgdpqq__max,0.12156632478049136,0.774197060614896,5.903040449626898e-05,0.001351868019252758,0.018088329191123423,0.0
indonesia__economy__gdp__economics__idgdpyy__last,0.4373290855012223,0.7004237381150668,2.0309820908384636e-05,0.00022421837187702206,0.07538396028191835,0.0
indonesia__economy__gdp__economics__idgdpyy__mean,0.4437716801456129,0.6154351673478503,0.00020734186682697234,0.018932392514003176,0.0,0.0023137003226950266
indonesia__economy__gdp__economics__idgdpyy__slope,0.0906558698282396,0.1031306978266801,1.260137641269465e-05,5.821112913798541e-05,0.0015365253603217292,0.0
indonesia__economy__gdp__economics__idgdpyy__sd,0.05394315001801884,0.11071735318807138,3.756195090264623e-05,0.001134639656044132,0.01830584093760619,0.005667332267555354
indonesia__economy__gdp__economics__idgdpyy__min,0.4465521769127413,0.6832975282927068,4.882595043703767e-05,0.0024803870160414786,0.0,0.0
indonesia__economy__gdp__economics__idgdpyy__max,0.4357442251349133,0.7092256072868703,0.00033767566130125725,0.019295030336992872,0.05653603091237685,0.0
indonesia__economy__gdp__economics__idgfcf__last,0.977059990588148,0.8266777534668034,0.0004131631770750487,0.008390342586323575,0.0,2.6300528630278727e-06
indonesia__economy__gdp__economics__idgfcf__mean,0.9780665863754636,0.7814956730775092,0.0003372981962305042,0.007093195668099512,0.0,0.0
indonesia__economy__gdp__economics__idgfcf__slope,0.09896734843839293,0.062430656075994226,1.7140594444047787e-05,0.0003440813926618669,0.0,0.0
indonesia__economy__gdp__economics__idgfcf__sd,0.036062904953940884,0.07954242821046606,1.2896453151731125e-05,0.00015790853895158538,0.0,0.0
indonesia__economy__gdp__economics__idgfcf__min,0.9780301828739104,0.8086987376566609,8.902222099464533e-05,0.004484555346025441,0.0,0.0
indonesia__economy__gdp__economics__idgfcf__max,0.9764265628963675,0.8255871847549843,0.0,0.0,0.0,0.0
indonesia__economy__gdp__economics__idgnp__last,0.4892920813418817,0.34396391156443445,0.0,0.0,0.0,0.0
indonesia__economy__gdp__economics__idgnp__mean,0.5183433210204764,0.3641771636168475,0.0,0.0,0.0,0.0
indonesia__economy__gdp__economics__idgnp__slope,0.20231450677282106,0.0489282247619533,0.0,0.0,0.004767876494266557,0.0
indonesia__economy__gdp__economics__idgnp__sd,0.11668794654723819,0.051551537937254276,0.0,0.0,0.0028738141072257085,0.0
indonesia__economy__gdp__economics__idgnp__min,0.5219162151282376,0.34303534967997856,0.0,0.0,0.0,0.0
indonesia__economy__gdp__economics__idgnp__max,0.5109849402439817,0.34042076842373153,0.0,0.0,0.3380025459526788,0.0
indonesia__economy__government__economics__idfe__last,0.9994681683688714,0.6574913862125024,0.0,0.0,0.0,0.0
indonesia__economy__government__economics__idfe__mean,1.0,0.6875263299562855,0.0,0.0,0.0,0.0
indonesia__economy__government__economics__idfe__slope,0.047641508044709055,0.014006342809473089,9.720140579157358e-06,3.972516936113847e-05,0.0,0.0
indonesia__economy__government__economics__idfe__sd,0.01086713284802236,0.025349038590103845,0.0,0.0,0.0,0.0006283186029862463
indonesia__economy__government__economics__idfe__min,0.9998672136557127,0.6574807453423682,0.0,0.0,0.0,0.0
indonesia__economy__government__economics__idfe__max,0.9994953797156871,0.6602933077114047,0.0,0.0,0.0,0.0
indonesia__economy__government__economics__idgbp__last,0.5425678982578894,0.628850979948063,0.0,0.0,0.0,0.0
indonesia__economy__government__economics__idgbp__mean,0.5491672033600346,0.6143406065830685,0.0,0.0,0.0,0.0
indonesia__economy__government__economics__idgbp__slope,0.032556497150406274,0.032126455361996806,0.0,0.0,0.0,0.0
indonesia__economy__government__economics__idgbp__sd,0.31666455977330454,0.04146920847449813,0.0,0.0,0.0,0.0
indonesia__economy__government__economics__idgbp__min,0.5531085086187463,0.6308827638041231,0.0,0.0,0.0,0.0
indonesia__economy__government__economics__idgbp__max,0.5364861518696458,0.6322543881895605,0.0,0.0,0.0,0.0
indonesia__economy__government__economics__idgbv__last,0.9180035787775498,0.6464410194315285,0.0,0.0,0.0,0.0
indonesia__economy__government__economics__idgbv__mean,0.9200054705392952,0.6563127025294868,0.0,0.0,0.0,0.0
indonesia__economy__government__economics__idgbv__slope,0.05980340547539898,0.032791270089657765,1.1969129742840952e-05,0.00029676579073590703,0.0,0.0
indonesia__economy__government__economics__idgbv__sd,0.017365790553188033,0.04153724808686291,0.0,0.0,0.0,0.0
indonesia__economy__government__economics__idgbv__min,0.9188801235274036,0.644978951562017,0.0,0.0,0.0,0.0
indonesia__economy__government__economics__idgbv__max,0.9190691150787029,0.6563999452841913,0.0,0.0,0.0,0.0
indonesia__economy__government__economics__idgdg__last,0.91162874295062,0.6529799878262018,0.0,0.0,0.0,0.0
indonesia__economy__government__economics__idgdg__mean,0.9081483164042096,0.6559025766676727,1.4264013827767503e-05,0.0002449181236236747,0.0,0.0
indonesia__economy__government__economics__idgdg__slope,0.09882379297036663,0.03085161218718677,0.0,0.0,0.0,0.0
indonesia__economy__government__economics__idgdg__sd,0.5881993854819586,0.034617337986898554,0.0006065996789784414,0.0016393182974834607,0.0,0.0
indonesia__economy__government__economics__idgdg__min,0.9114412760706139,0.6614530103880821,0.0,0.0,0.6041657064975067,0.0
indonesia__economy__government__economics__idgdg__max,0.9075263659269409,0.6540559938903479,0.0,0.0,0.3990155842503208,0.0
indonesia__economy__government__economics__idgr__last,0.9785993006903709,0.6527210367773189,0.0,0.0,0.976831487297442,0.0
indonesia__economy__government__economics__idgr__mean,0.9794981740304296,0.6666529274183893,0.0,0.0,0.1730707991324062,0.0
indonesia__economy__government__economics__idgr__slope,0.009640900766768526,0.022541104495120395,0.0,0.0,0.0,0.0
indonesia__economy__government__economics__idgr__sd,0.010686826377227185,0.03733097340293374,2.2285728718159363e-05,0.00017562749302518606,0.0,0.0
indonesia__economy__government__economics__idgr__min,0.9781861643850962,0.6556787037475417,0.0,0.0,1.0,0.0
indonesia__economy__government__economics__idgr__max,0.9795988029181671,0.6547703368592912,0.0,0.0,0.7264038119010554,0.0
indonesia__economy__government__economics__idgsp__last,0.5731583250293403,0.8306057687595898,0.001018868092875346,0.01470518827754599,0.0,0.0
indonesia__economy__government__economics__idgsp__mean,0.5986363161258293,0.6065840507623397,0.0005367982359774589,0.007803115794166997,0.0,0.0
indonesia__economy__government__economics__idgsp__slope,0.031737731567488596,0.0658345436135569,2.630965231973862e-05,0.0013715689618331304,0.07712471968280192,0.0
indonesia__economy__government__economics__idgsp__sd,0.011346830101063556,0.08403491381769976,1.7450689375909162e-05,0.0004051471317579046,0.0,0.0
indonesia__economy__government__economics__idgsp__min,0.6050795274390525,0.8108005269662439,2.517879131986311e-05,0.00023767517470914485,0.0,0.0
indonesia__economy__government__economics__idgsp__max,0.5618857625976035,0.8325653372983355,7.667590128767827e-05,0.0023299497577958725,0.0,0.0
indonesia__economy__government__economics__idme__last,0.9262264025818632,0.6420410245865238,0.0,0.0,0.0,0.0
indonesia__economy__government__economics__idme__mean,0.9275002970896531,0.6457828397302264,0.00037946491753401045,0.0009204314620884118,0.0,0.0
indonesia__economy__government__economics__idme__slope,0.002340878337832517,0.02074204087035136,7.0505786385700274e-06,3.048687842045172e-05,0.0,0.0
indonesia__economy__government__economics__idme__sd,0.010949494195277012,0.023643037000558673,0.0,0.0,0.0,0.0
indonesia__economy__government__economics__idme__min,0.9289562589156861,0.6452506955938535,0.0,0.0,0.0,0.0
indonesia__economy__government__economics__idme__max,0.9240047309835666,0.6447208249748335,0.0,0.0,0.0,0.0
indonesia__economy__health__economics__idhb__last,0.9808997064249936,0.45220112522546907,8.728669440739387e-05,0.0006720670057001923,0.0,0.0
indonesia__economy__health__economics__idhb__mean,0.981024072188731,0.4656472314472415,0.001241570501598493,0.006714026884392907,0.6364896498503787,0.0
indonesia__economy__health__economics__idhb__slope,0.03001783102156151,0.01554688183035147,1.1233185714314696e-05,1.5898499329448414e-05,0.017797792381374026,0.0
indonesia__economy__health__economics__idhb__sd,0.24471653735074608,0.018056890101477752,0.0,0.0,0.0,0.0
indonesia__economy__health__economics__idhb__min,0.9808868290431928,0.4598398910921791,0.0,0.0,0.0,0.0
indonesia__economy__health__economics__idhb__max,0.9823303207799866,0.45711685843201116,0.0,0.0,0.5868129540674943,0.0
indonesia__economy__housing__economics__idhpiyy__last,0.781192065029065,0.8083552153156258,0.0,0.0,0.0,0.0
indonesia__economy__housing__economics__idhpiyy__mean,0.7784870314002047,0.766986478715117,0.001212712015487121,0.012197538015176633,0.0,0.0
indonesia__economy__housing__economics__idhpiyy__slope,0.12983990886475122,0.10812806306276754,1.1907380041726707e-05,0.0001913246098399099,0.01036553623822758,0.006520345889511711
indonesia__economy__housing__economics__idhpiyy__sd,0.19285679576355907,0.10991328468321816,0.0002437728196458948,0.00198365264986788,0.0,0.0
indonesia__economy__housing__economics__idhpiyy__min,0.7771947569949823,0.810753656843619,0.0012539129454004908,0.0054527901190336864,0.0,0.0018365433503101472
indonesia__economy__housing__economics__idhpiyy__max,0.7755674527708658,0.7999554166362433,0.0002820398096807352,0.0003894832611894386,0.0,0.0
indonesia__economy__housing__economics__idrpp__last,0.788034870469485,0.8056084691234946,0.00015398025502719176,0.0006695182436789356,0.0,0.0
indonesia__economy__housing__economics__idrpp__mean,0.7844493499198567,0.7632399801317075,0.001981340506527346,0.00547182901919883,0.0,0.0009222522236491632
indonesia__economy__housing__economics__idrpp__slope,0.1097531775300396,0.11246412901528459,2.4877396517711988e-05,0.00029836003296639037,0.0,4.163123218013468e-05
indonesia__economy__housing__economics__idrpp__sd,0.16665364546793454,0.10907988815642303,0.0,0.0,0.0,0.0
indonesia__economy__housing__economics__idrpp__min,0.7840007814966984,0.80908171907323,0.0,0.0,0.0,0.0
indonesia__economy__housing__economics__idrpp__max,0.7825133450356753,0.7966747505954792,8.253967228501186e-05,0.0008647865555808044,0.0,0.0
indonesia__economy__labor__economics__idemp__last,0.9895424190896992,0.6512828535091862,0.0,0.0,0.0,0.0
indonesia__economy__labor__economics__idemp__mean,0.989967607860968,0.6823145861365758,0.0,0.0,0.0,0.0
indonesia__economy__labor__economics__idemp__slope,0.02925029291113761,0.014290160957188052,1.2300759044970477e-05,0.00011489512204518364,0.00555772912350896,0.0
indonesia__economy__labor__economics__idemp__sd,0.012605328916363961,0.020832412439562662,1.3969904187112376e-05,0.0007900184549690946,0.0,0.0
indonesia__economy__labor__economics__idemp__min,0.9895973238690883,0.6579147380449333,0.0,0.0,0.0,0.0
indonesia__economy__labor__economics__idemp__max,0.9895106898337276,0.6562417077642866,0.0,0.0,0.0,0.0
indonesia__economy__labor__economics__idlfpr__last,0.5790290840842365,0.6523187296864814,0.0,0.0,0.011905909938169505,0.0
indonesia__economy__labor__economics__idlfpr__mean,0.5774909692409975,0.6331047206698401,0.0,0.0,0.0,0.0
indonesia__economy__labor__economics__idlfpr__slope,0.03119679785948262,0.03086375976320165,0.0,0.0,0.0,0.0
indonesia__economy__labor__economics__idlfpr__sd,0.20404045695309858,0.041598960289015656,0.0,0.0,0.0,0.0
indonesia__economy__labor__economics__idlfpr__min,0.57620202296715,0.6514628406669224,0.0,0.0,0.0,0.0
indonesia__economy__labor__economics__idlfpr__max,0.5807899547400364,0.6540001106972295,0.0,0.0,0.0,0.0
indonesia__economy__labor__economics__idpop__last,0.9956547889331684,0.6568594872909227,0.0,0.0,0.0,0.0
indonesia__economy__labor__economics__idpop__mean,0.9957851965239057,0.6928877370149609,0.0,0.0,0.0,0.0
indonesia__economy__labor__economics__idpop__slope,0.006327412325844205,0.020578486731655826,0.0,0.0,0.0,0.0
indonesia__economy__labor__economics__idpop__sd,0.004906140226261586,0.019149027513873394,0.0,0.0,0.0,0.0
indonesia__economy__labor__economics__idpop__min,0.9955812885858213,0.6607400488990627,0.0,0.0,0.0,0.0
indonesia__economy__labor__economics__idpop__max,0.9956547889331684,0.6591935585621502,0.0,0.0,0.0,0.0
indonesia__economy__labor__economics__idram__last,0.9574001020239263,0.3691146119555797,0.0,0.0,0.0,0.0
indonesia__economy__labor__economics__idram__mean,0.9598836310934895,0.3779310822284008,2.6051808868384007e-05,0.00015514001476298807,0.03971708085548768,0.0
indonesia__economy__labor__economics__idram__slope,0.05063260544933357,0.0004874273800307459,0.0,0.0,0.0,0.0
indonesia__economy__labor__economics__idram__sd,0.05066408143196559,0.004129273829522654,0.0,0.0,0.0,0.0
indonesia__economy__labor__economics__idram__min,0.9590167297321405,0.3725734456400317,0.0,0.0,0.39268946168361163,0.0
indonesia__economy__labor__economics__idram__max,0.9574001020239263,0.36877230814085443,0.0,0.0,0.0,0.0
indonesia__economy__labor__economics__idraw__last,0.9574001020239263,0.3710655303239754,0.0,0.0,0.0,0.0
indonesia__economy__labor__economics__idraw__mean,0.9598836310934895,0.38485316319139556,0.0,0.0,0.03971708085548768,0.0
indonesia__economy__labor__economics__idraw__slope,0.05063260544933357,0.0,0.0,0.0,0.0,0.0
indonesia__economy__labor__economics__idraw__sd,0.05066408143196559,0.001596873437259938,0.0,0.0,0.0,0.0
indonesia__economy__labor__economics__idraw__min,0.9590167297321405,0.3728129810052563,0.0,0.0,0.39268946168361163,0.0
indonesia__economy__labor__economics__idraw__max,0.9574001020239263,0.36949659181408656,0.0,0.0,0.0,0.0
indonesia__economy__labor__economics__idup__last,0.04269851353185156,0.6541804075500194,0.0,0.0,0.50911467012421,0.0
indonesia__economy__labor__economics__idup__mean,0.04887505126374609,0.6405869508913895,0.0,0.0,0.0,0.0
indonesia__economy__labor__economics__idup__slope,0.025325994329134217,0.026409409246646524,0.0,0.0,0.0,0.0
indonesia__economy__labor__economics__idup__sd,0.01260635569230093,0.038440902618909825,0.0,0.0,0.0,0.0
indonesia__economy__labor__economics__idup__min,0.05361516219810832,0.6545790038836873,0.0,0.0,0.0,0.0
indonesia__economy__labor__economics__idup__max,0.04171093003237279,0.6576757625147553,0.0,0.0,0.16199993510929386,0.0
indonesia__economy__labor__economics__idur__last,0.6849011433702411,0.7463792106108249,0.00015529594448956065,0.002020439708996058,0.0,0.0
indonesia__economy__labor__economics__idur__mean,0.6883020188658571,0.7014306857820989,3.939602763174837e-05,0.0015024233824997163,0.0,0.0
indonesia__economy__labor__economics__idur__slope,0.07791987256938346,0.041154849695251836,0.00018553075243715942,0.0077552698688436415,0.08446132633389666,0.025414057786466434
indonesia__economy__labor__economics__idur__sd,0.07330683790195185,0.049911934271674306,4.6377820693747234e-05,0.004778383138517793,0.05902719513001256,0.0009970279469329732
indonesia__economy__labor__economics__idur__min,0.6910945813705727,0.7368160572563188,0.0,0.0,0.0,0.0
indonesia__economy__labor__economics__idur__max,0.6809673817947465,0.7316771135463803,4.122013291928749e-05,0.00019539161710694118,0.0,0.0
indonesia__economy__labor__economics__idwm__last,0.9845113135341134,0.7383304321293018,0.008519361708902919,0.03511794066400743,0.0,0.0
indonesia__economy__labor__economics__idwm__mean,0.985995671517925,0.7457215955364461,0.00012025801895773985,0.008602335766164234,0.0,0.0
indonesia__economy__labor__economics__idwm__slope,0.007255466899979428,0.03642979713742056,0.00020765432786361138,0.0009310268674306598,0.0,0.011006072213903787
indonesia__economy__labor__economics__idwm__sd,0.2823682213667681,0.05399740780096059,6.559408806544514e-05,0.0013387409132317968,0.0853484651479339,0.0
indonesia__economy__labor__economics__idwm__min,0.9838727327911219,0.7273994970859996,0.0,0.0,0.0,0.0
indonesia__economy__labor__economics__idwm__max,0.986527448863181,0.734832847655279,0.018653634306171618,0.02320276023317076,0.784592091748585,0.0
indonesia__economy__money__economics__idcrr__last,0.20559965420673107,0.46437082266774343,0.0,0.0,0.0,0.0
indonesia__economy__money__economics__idcrr__mean,0.20562273509799603,0.47619509996228726,5.029324712410495e-06,2.7852137750041314e-05,0.0,0.0
indonesia__economy__money__economics__idcrr__slope,0.03486289261900541,0.035169813436274545,2.0512166057676466e-05,0.0008123022043501372,0.07639939460574693,0.0
indonesia__economy__money__economics__idcrr__sd,0.02681215510742919,0.03636507356769288,9.606612501125576e-07,4.353582983472508e-06,0.07661745966999554,0.0
indonesia__economy__money__economics__idcrr__min,0.2010591310100788,0.46669399044534,1.9131275385795443e-05,8.427672180563503e-05,0.0,0.0
indonesia__economy__money__economics__idcrr__max,0.20864658945704634,0.46275787133093654,0.0,0.0,0.0,0.0
indonesia__economy__money__economics__iddir__last,0.41940575906409305,0.45175718022797057,2.0020793698349148e-05,0.0004763197686691611,0.09496539366484509,0.0
indonesia__economy__money__economics__iddir__mean,0.42559504259169756,0.5036859171044156,7.717115518555751e-06,0.00019052730369869313,0.0,0.0
indonesia__economy__money__economics__iddir__slope,0.004293376254125908,0.055798792764911696,2.8617160324798383e-05,0.0015905600967209036,0.0,0.022777690095188027
indonesia__economy__money__economics__iddir__sd,0.006478762847660627,0.026611685344920546,1.3959305539997186e-05,0.00042714469464655546,0.0,0.00027382581689597296
indonesia__economy__money__economics__iddir__min,0.41931426063526706,0.4629619825415756,0.0,0.0,0.8490605041357738,0.0
indonesia__economy__money__economics__iddir__max,0.42797889088922875,0.45811574410756584,0.0,0.0,0.0,0.0
indonesia__economy__money__economics__idfer__last,0.923835206583455,0.8732060394861443,0.0017576357707517179,0.023254115653283624,0.3369423116235478,0.07289446621874437
indonesia__economy__money__economics__idfer__mean,0.9238729036064955,0.6830367005060654,0.00017492645671627772,0.02374547234661203,0.08811427516588764,0.21506984600476634
indonesia__economy__money__economics__idfer__slope,0.14611148384990605,0.14797717203667435,4.4485301176636776e-05,0.005521614484174992,0.0,0.0
indonesia__economy__money__economics__idfer__sd,0.05363125625592112,0.15826954250415376,0.0004857439744424196,0.01358271335873542,0.009833060804813156,0.0
indonesia__economy__money__economics__idfer__min,0.9259115998540746,0.8686078721387851,0.0004196710919301875,0.008147382836049327,0.0,0.0
indonesia__economy__money__economics__idfer__max,0.9221723041615016,0.8550865363403215,0.0007446530442744541,0.025768329936097505,0.16659794195520714,0.1169466920727795
indonesia__economy__money__economics__idinbr__last,0.23342189373144429,0.6663664893502527,0.00013715184181850376,0.007785756540327148,0.0,0.0029099512423742084
indonesia__economy__money__economics__idinbr__mean,0.23839111433633128,0.5937531048536243,0.0010437041708189127,0.03580527313066072,0.0,0.0
indonesia__economy__money__economics__idinbr__slope,0.06321302641138705,0.22991391268645667,4.0906455028762795e-05,0.003765629324076514,0.042611064828423494,0.0
indonesia__economy__money__economics__idinbr__sd,0.3350940804417981,0.24921495141177394,6.676693240223672e-05,0.003659174337172046,0.11468884666790195,0.002089166734229062
indonesia__economy__money__economics__idinbr__min,0.21294272151995838,0.729925868563225,0.0005411501862049646,0.002952811384166384,0.0,0.0
indonesia__economy__money__economics__idinbr__max,0.25660716458416316,0.7294080060798683,0.00030753088551830954,0.008548483001774763,0.9725068817437985,0.012300178808454632
indonesia__economy__money__economics__idintr__last,0.5493491820364476,0.49384907557951596,0.0,0.0,0.0,0.0
indonesia__economy__money__economics__idintr__mean,0.5503088149083476,0.5463005862548287,4.012461889578499e-05,0.0006647201111405083,0.0,0.0
indonesia__economy__money__economics__idintr__slope,0.02072074255613038,0.041320078029499906,6.237220825836152e-05,0.001204003751692934,0.0,0.0
indonesia__economy__money__economics__idintr__sd,0.07620875201767387,0.021493905004906104,4.1007281138066266e-05,0.0004643568850361953,0.025735877268826136,0.01724980595752566
indonesia__economy__money__economics__idintr__min,0.550708084730618,0.49160724317072296,0.0,0.0,0.0,0.0
indonesia__economy__money__economics__idintr__max,0.5491223675963568,0.5000966563926356,0.0,0.0,0.0,0.0
indonesia__economy__money__economics__idlg__last,0.624313042825976,0.8025846103767085,0.00016289222247376279,0.0011863716721837345,0.0,0.0
indonesia__economy__money__economics__idlg__mean,0.6276191813081419,0.6028322817582321,8.515047736534954e-05,0.002382573949710858,0.0,0.0
indonesia__economy__money__economics__idlg__slope,0.04902254811159192,0.13961406085177813,2.0714376000981e-05,0.0002831103673886481,0.012099412893253232,0.0038182882474023733
indonesia__economy__money__economics__idlg__sd,0.08654984542577628,0.14241704075862446,1.9068355777318906e-05,0.0004885249389473802,0.11309592535529887,0.013547320935095428
indonesia__economy__money__economics__idlg__min,0.6187139369564781,0.8140263992127089,0.0001442875931870912,0.0015651966581522372,0.7828173461758866,0.0
indonesia__economy__money__economics__idlg__max,0.6411534200405271,0.8057365351163491,1.2343943273954262e-05,0.00046428899024155275,0.0,0.0017432986382439454
indonesia__economy__money__economics__idlps__last,0.9951968976514809,0.9235517782694084,0.047449872302091314,0.060082919757664645,0.0,0.0
indonesia__economy__money__economics__idlps__mean,0.9948821750341702,0.9614860521861993,0.046277746720328194,0.06266327034825397,0.0,0.0
indonesia__economy__money__economics__idlps__slope,0.061694417082315794,0.1140079121169847,1.6547350006876396e-05,0.0007276418750071299,0.0,0.0013670809496793923
indonesia__economy__money__economics__idlps__sd,0.17347079203701365,0.12966765197811805,1.2895143343729203e-05,0.00024846594800465146,0.0652051999780547,0.0031958377063176268
indonesia__economy__money__economics__idlps__min,0.9951313119529867,0.9197005080010022,0.0,0.0,0.0,0.0
indonesia__economy__money__economics__idlps__max,0.9947772555080124,0.9134350716970258,0.08175412868367932,0.11095082236880156,0.0,0.0
indonesia__economy__money__economics__idlr__last,0.6190588302129653,0.4869560133089378,0.0,0.0,0.0,0.0
indonesia__economy__money__economics__idlr__mean,0.6207422071164166,0.5426695045918785,2.0349853147789602e-05,9.005809211380883e-05,0.0,0.0
indonesia__economy__money__economics__idlr__slope,0.023500076879082177,0.05322872680874943,2.6840268216878345e-05,0.002020916491719193,0.06488898047072543,0.001045288440243709
indonesia__economy__money__economics__idlr__sd,0.08509749418905917,0.029392758052727345,1.729096791411212e-05,0.000845645832700116,0.001007261566065191,0.0
indonesia__economy__money__economics__idlr__min,0.6220530730356012,0.4962811391521393,0.0,0.0,0.0,0.0
indonesia__economy__money__economics__idlr__max,0.6160485066749559,0.4972818875914636,4.749927173247919e-06,1.4948039154641221e-05,0.0,0.0
indonesia__economy__money__economics__idm0__last,0.994722296533841,0.9131509649585935,0.004599842292852025,0.12101749187547282,0.5621098059751197,0.0
indonesia__economy__money__economics__idm0__mean,0.9951321016330387,0.826320807581191,0.028341592059562205,0.22835673185992938,0.15395943597733447,0.0
indonesia__economy__money__economics__idm0__slope,0.06758425730270474,0.13904983237409924,3.415163150649189e-05,0.004187594498958971,0.0,0.00022268214765746057
indonesia__economy__money__economics__idm0__sd,0.2552585720152669,0.1723568443761874,0.00016985019299194462,0.0031948219317120895,0.13461842598867405,0.014096811873551019
indonesia__economy__money__economics__idm0__min,0.9963972378993603,0.8957872725411047,9.844839934523093e-05,0.0028288628340405824,0.0,0.0
indonesia__economy__money__economics__idm0__max,0.9935449485850332,0.8882931651785666,0.0033690543786029934,0.03336390626197878,0.4839475087212034,0.0
indonesia__economy__money__economics__idm1__last,0.9735794932957134,0.8883159163649327,0.1259161375020806,0.6504693865454463,0.0,0.019064310952538428
indonesia__economy__money__economics__idm1__mean,0.9743388979671636,0.8520732488443328,0.00026143955504447504,0.022718929851168603,0.1619059699188297,0.011440105543404485
indonesia__economy__money__economics__idm1__slope,0.10391156895959763,0.17789361047826438,1.4277452739546359e-05,0.0014680448551801085,0.0,0.0
indonesia__economy__money__economics__idm1__sd,0.3912268882185897,0.1834286777468584,0.00022630172731093065,0.02201988286417016,0.045117823278101536,0.027303882272714297
indonesia__economy__money__economics__idm1__min,0.9749302763104366,0.8810101079415971,5.6947060506700794e-05,0.002894407058695795,0.0,0.04641840453369579
indonesia__economy__money__economics__idm1__max,0.9744221252388825,0.8773270627588297,0.4592094328772965,0.5796898507569609,0.02035230306274059,0.0
indonesia__economy__money__economics__idm2__last,0.9671246475813021,0.9360104007372084,0.001258965442916835,0.021022391082832322,0.0,0.0
indonesia__economy__money__economics__idm2__mean,0.9741351279262183,0.9668571026204564,0.004839399419859832,0.09515171129023882,0.0,0.0
indonesia__economy__money__economics__idm2__slope,0.07507400104880471,0.15656884416926087,7.286102773785803e-06,0.0011396945656831235,0.006841364575202484,0.0
indonesia__economy__money__economics__idm2__sd,0.226749847107889,0.15403089122371763,5.465406836666591e-05,0.003241876023767807,0.09231278069406268,0.0
indonesia__economy__money__economics__idm2__min,0.9410450685826552,0.9353429825433355,0.011962176782455744,0.11518921012053186,0.0,0.0016664417861514786
indonesia__economy__money__economics__idm2__max,0.9933927806554332,0.9241866050254869,0.005316821976562411,0.011939691425523553,0.0,0.005164672732302739
indonesia__economy__money__economics__idm3__last,0.9974597614082189,0.9335560988302752,0.8868071953871842,0.9738434779334435,0.0,0.0020401623795201205
indonesia__economy__money__economics__idm3__mean,0.9974887661062195,0.9749965305391587,0.12312087473913537,1.0,0.0,0.0
indonesia__economy__money__economics__idm3__slope,0.07173409743319578,0.1352341795722024,1.3031221597428478e-05,0.0004507808865232887,0.0,0.006235237475033493
indonesia__economy__money__economics__idm3__sd,0.19778189955932207,0.16028873534845586,4.5673423789992703e-05,0.0011472538311093545,0.07105608275333755,0.0
indonesia__economy__money__economics__idm3__min,0.9975315091213386,0.9305301953790931,0.05989053069472523,0.2726498742619877,0.0,0.0
indonesia__economy__money__economics__idm3__max,0.9973430679233599,0.9244712118847411,1.0,0.28941750867617416,0.0,0.0
indonesia__economy__prices__economics__idccp__last,0.9410543340936772,0.9041514644690207,0.1022775485816625,0.06338523780770472,0.0,0.0
indonesia__economy__prices__economics__idccp__mean,0.9423920044809302,0.9581107372852999,0.012712022217374731,0.12128785073956991,0.0,0.023364088413990847
indonesia__economy__prices__economics__idccp__slope,0.1659416846507016,0.0886348150097152,1.054684162665547e-05,0.0007543865032650878,0.07609173078839751,0.002693504733482898
indonesia__economy__prices__economics__idccp__sd,0.14566752256432944,0.13148910548308698,1.4770261662488686e-05,0.0009197398934228445,0.0,0.007250855692080112
indonesia__economy__prices__economics__idccp__min,0.9384037635644097,0.9098449129381454,0.04762459353114177,0.16364340798636415,0.0,0.0
indonesia__economy__prices__economics__idccp__max,0.9446847389874296,0.9015897094361508,0.09410491319280462,0.030588138325933767,0.0,0.007007369655025429
indonesia__economy__prices__economics__idcir__last,0.8575250825606849,0.8566891388631798,0.0006891514672222036,0.014668656125782208,0.20474439788841206,0.0
indonesia__economy__prices__economics__idcir__mean,0.8554643749459879,0.6616639460078464,0.00022166208878823593,0.01136350729518202,0.0,0.0
indonesia__economy__prices__economics__idcir__slope,0.02332121470099798,0.1360921600983935,2.240742349602965e-05,0.0009611395137746605,0.0,0.0
indonesia__economy__prices__economics__idcir__sd,0.09421421267096897,0.13575587925039798,0.00020094922258744638,0.007060587469309402,0.027354699964172145,0.008785251777553713
indonesia__economy__prices__economics__idcir__min,0.856485270556917,0.847360758988943,5.11910148797446e-05,0.0021923968514919318,0.0,0.0
indonesia__economy__prices__economics__idcir__max,0.8562938114394373,0.8572776295386495,5.720723813919718e-05,0.001658612105012999,0.08647638107140095,0.0
indonesia__economy__prices__economics__idcpi__last,0.9605843170793064,0.8777951070282247,1.9378375594742895e-05,3.131574366317992e-05,0.0,0.0
indonesia__economy__prices__economics__idcpi__mean,0.9623512399893414,0.9028424006120906,0.00018414938291074008,0.006086350843198161,0.0,0.004488319324857585
indonesia__economy__prices__economics__idcpi__slope,0.08753963224050107,0.15224848708905067,2.8552075542664193e-05,0.0021252290725965006,0.0,0.0008040918178805031
indonesia__economy__prices__economics__idcpi__sd,0.002601478225330925,0.15160147941318222,1.8090247497311936e-05,0.0019292260322858264,0.04788377669703699,0.007077808096857098
indonesia__economy__prices__economics__idcpi__min,0.9581485651129383,0.8760851762128153,0.9578761504118608,0.4595325272666368,0.0,0.0
indonesia__economy__prices__economics__idcpi__max,0.9638079227573211,0.8756785132472329,0.0,0.0,0.0,0.0
indonesia__economy__prices__economics__idcpihu__last,0.18530865105465202,0.8880303471805936,0.0004994771169839603,0.005985126443226912,0.0,0.0
indonesia__economy__prices__economics__idcpihu__mean,0.1941910474482372,0.8997981829726098,0.005167582929800148,0.03388977828498983,0.3744618492783966,0.0002004612464285472
indonesia__economy__prices__economics__idcpihu__slope,0.4345252600085455,0.18178041460778877,1.1221973945604341e-05,0.0012773951811444278,0.17061014400741922,0.0
indonesia__economy__prices__economics__idcpihu__sd,0.4059305441981769,0.2239834375119728,4.6203532664680076e-05,0.0017973903117531277,0.02342522447021584,0.000893143756758705
indonesia__economy__prices__economics__idcpihu__min,0.18669772416587715,0.8949904058135568,0.0007786559679735306,0.010713193111696504,0.09437809480493091,0.0
indonesia__economy__prices__economics__idcpihu__max,0.2011576268454451,0.8877394204387802,0.0007290739494112604,0.013759976812479363,0.0,0.0
indonesia__economy__prices__economics__idcpit__last,0.2799114746249694,0.8519565726532504,0.0001207589571406683,0.000834430376100771,0.0,0.0
indonesia__economy__prices__economics__idcpit__mean,0.28497909989124326,0.7780740043886983,3.7730860737996536e-05,0.0017339551494967248,0.0,0.0
indonesia__economy__prices__economics__idcpit__slope,0.10692056426405769,0.19649505054222038,1.8871223569981677e-05,0.0007807388764558913,0.048942141205460234,0.0077998314352809685
indonesia__economy__prices__economics__idcpit__sd,0.04302600024453378,0.18808731955384655,2.0447832419916135e-05,0.0011406342639194728,0.0,0.0
indonesia__economy__prices__economics__idcpit__min,0.29874770885516233,0.8456690077446318,1.2818645861764649e-05,0.00021852582377509245,0.0,0.0
indonesia__economy__prices__economics__idcpit__max,0.2769964049777434,0.8484550915278517,1.573645960951761e-05,4.6912483886426724e-05,0.0,0.0
indonesia__economy__prices__economics__idep__last,0.931380470294512,0.8522473730489757,0.0009351623065071322,0.02706551050957261,0.3930541599351869,0.02102001400709443
indonesia__economy__prices__economics__idep__mean,0.9339942933983548,0.7232234061446808,0.0003752741628891356,0.004899596887873507,0.0,0.016316665306378927
indonesia__economy__prices__economics__idep__slope,0.040149800724931795,0.19846536226206402,1.2952317636676163e-05,0.0015761690490495917,0.08564173258524202,0.005127147782021544
indonesia__economy__prices__economics__idep__sd,0.3111454060703829,0.2013938513800629,4.075079538016741e-05,0.0005538144899552189,0.03741685085237749,0.0009665264542660432
indonesia__economy__prices__economics__idep__min,0.9268600257865922,0.8527313523240476,0.00020728212080347536,0.0006396153194085754,0.0,0.0
indonesia__economy__prices__economics__idep__max,0.9379442084234216,0.8408126229177978,0.00016327441975407114,0.004531579833925147,0.0,0.001773698214556994
indonesia__economy__prices__economics__idfi__last,0.5491915113690838,0.8303877181531062,5.622621729688056e-05,0.0008031186835326243,0.10795261075522901,0.0
indonesia__economy__prices__economics__idfi__mean,0.5636407307226202,0.3971371653558282,0.0002261988055088241,0.012225594029640234,0.0,0.0
indonesia__economy__prices__economics__idfi__slope,0.06192413571342098,0.14143049571750374,1.8474371462939262e-05,0.0004321082598831163,0.13144441843456608,0.0012429247945255411
indonesia__economy__prices__economics__idfi__sd,0.11348746099716343,0.15677892832841284,2.0872730380017615e-05,0.0007741385519674171,0.052883860213385,0.001890610858048664
indonesia__economy__prices__economics__idfi__min,0.5528752323913521,0.8214405373157484,7.774749887431702e-05,0.0008587274418076278,0.0,0.00039817907291428656
indonesia__economy__prices__economics__idfi__max,0.5636842994030783,0.8273533268810361,6.354145836932417e-05,0.0018639854839467543,0.0,0.0
indonesia__economy__prices__economics__idgdpd__last,0.8287535904657897,0.8093172341553498,0.0002819188754365435,0.005661279413293343,0.052148954676820354,0.0
indonesia__economy__prices__economics__idgdpd__mean,0.8146522456836311,0.845594878469165,0.00022773794539952938,0.000966734932977886,0.005083780950016784,0.0
indonesia__economy__prices__economics__idgdpd__slope,0.06170327998080536,0.08725003743221946,0.00016284733408598078,0.002242840151976942,0.004197416936586054,0.001852971783419523
indonesia__economy__prices__economics__idgdpd__sd,0.02907462102212067,0.09280662639758015,1.353815766818221e-05,0.00033297593887380737,0.0,0.0033059559481073077
indonesia__economy__prices__economics__idgdpd__min,0.8289930855603888,0.7936351798776973,0.0,0.0,0.0,0.0
indonesia__economy__prices__economics__idgdpd__max,0.8077732814418127,0.8142971881571178,0.0,0.0,0.0,0.0
indonesia__economy__prices__economics__idipri__last,0.9367134239444946,0.8703858335370154,0.0026635639588689975,0.01230324915870847,0.0,0.020616176195994047
indonesia__economy__prices__economics__idipri__mean,0.9377568623168223,0.7835701444227697,1.4112309893230968e-05,0.0007227631880020815,0.0,0.02132618251559526
indonesia__economy__prices__economics__idipri__slope,0.030071373098895664,0.1975770610230184,2.5503088513973277e-05,0.0007204772018182651,0.06931051539182038,0.0
indonesia__economy__prices__economics__idipri__sd,0.13005944111593568,0.21107190054743255,1.4158986004622743e-05,0.0009469905969372545,0.02111884464341275,0.0
indonesia__economy__prices__economics__idipri__min,0.9387799821600277,0.8688562905559712,0.0,0.0,0.0,0.0
indonesia__economy__prices__economics__idipri__max,0.9370783882999083,0.8475311810315727,0.0020022094605290242,0.005038125640646401,0.0,0.0
indonesia__economy__prices__economics__idirmm__last,0.18845684408189708,0.7232133139044499,3.1975051721518105e-05,0.000907587854814099,0.0,0.0
indonesia__economy__prices__economics__idirmm__mean,0.22609980091159343,0.1635201749583657,7.098748494442272e-05,0.0054284068896517015,0.0,0.0043613547946279585
indonesia__economy__prices__economics__idirmm__slope,0.03432625777519666,0.12388414912317186,4.679943051935213e-05,0.001898266784985566,0.0,0.0
indonesia__economy__prices__economics__idirmm__sd,0.17119304217214348,0.13578515098950775,1.5358775767965682e-05,0.0010295610286771856,0.0,0.004333495158399009
indonesia__economy__prices__economics__idirmm__min,0.17479791036553188,0.7087927131037315,0.001899850475878925,0.011252686785945263,0.0,0.0
indonesia__economy__prices__economics__idirmm__max,0.24828092680598146,0.6979248572954273,0.0014370036053391602,0.007544996846278609,0.010421709609416909,0.016998173731546787
indonesia__economy__prices__economics__idiryy__last,0.677696589348577,0.8464559795926503,2.4516019081586135e-05,4.5740582920465674e-05,0.0,0.0
indonesia__economy__prices__economics__idiryy__mean,0.679835690679644,0.525216239904265,0.0007887902275910245,0.014130114770488937,0.0,0.0
indonesia__economy__prices__economics__idiryy__slope,0.0011419252023400289,0.1477313272604255,4.6784054594019184e-05,0.001777109595148969,0.1618111582705873,0.028148337705698804
indonesia__economy__prices__economics__idiryy__sd,0.02841629467669494,0.16404425154214078,3.6879918853158202e-06,0.00010392964527637133,0.05444361887081369,0.0005251091656990029
indonesia__economy__prices__economics__idiryy__min,0.6854092449143497,0.845818359502952,0.0011621205790694805,0.006846763194513749,0.09105421023415557,0.0
indonesia__economy__prices__economics__idiryy__max,0.669718054836208,0.8397183006640221,0.0,0.0,0.0,0.0
indonesia__economy__prices__economics__idppi__last,0.05577194111986544,0.8570080110118379,8.270517943634857e-05,0.0009894783258338465,0.0,0.0
indonesia__economy__prices__economics__idppi__mean,0.04767722604691482,0.809637954589163,0.0002934204581806655,0.01766557894889675,0.0,0.0
indonesia__economy__prices__economics__idppi__slope,0.14421014259578072,0.16862004020964977,5.895847491102797e-05,0.0012116120197879314,0.004676549233348787,0.0003651336444525893
indonesia__economy__prices__economics__idppi__sd,0.1959021675996295,0.18656252200156384,8.338465712550023e-05,0.002742899843927388,0.0,0.00030194238345534655
indonesia__economy__prices__economics__idppi__min,0.04759162055331906,0.857868385194954,0.00012544473846224936,0.0009233168545257906,0.22434703737003997,0.0
indonesia__economy__prices__economics__idppi__max,0.046361591245837115,0.8418455045500868,8.08058583069328e-05,0.0009548282972413424,0.0,0.0
indonesia__economy__prices__economics__idppiyy__last,0.5138165183415617,0.8239645685396895,0.00022158958833327078,0.003177571745815441,0.0,0.01729986906061414
indonesia__economy__prices__economics__idppiyy__mean,0.5101843619777293,0.5120002072096036,0.0013147212673167501,0.026291502060080296,0.008860562578091273,0.028166081109285604
indonesia__economy__prices__economics__idppiyy__slope,0.016964898386292,0.17347513672671075,4.34535029746471e-05,0.0014011656389001173,0.0,0.0
indonesia__economy__prices__economics__idppiyy__sd,0.2530807114417268,0.1623515046726267,1.6299656393873592e-05,0.0008489756770060384,0.0,0.012140640867921082
indonesia__economy__prices__economics__idppiyy__min,0.49947170407082564,0.8292673422176582,0.0014666265761484735,0.01729101345563861,0.11614311073736375,0.018743560315296736
indonesia__economy__prices__economics__idppiyy__max,0.5235598937074728,0.8113824581601574,1.7037914886001813e-05,0.00045195441863929317,0.0,0.0
indonesia__economy__prices__fred__idncpiallminmei__last,0.9930348438748217,0.9111595875872054,0.004489915618772593,0.046471993326627416,0.0,0.0
indonesia__economy__prices__fred__idncpiallminmei__mean,0.9935525145016456,0.9565041636745543,0.008344118404466857,0.05237305518519821,0.0,0.0
indonesia__economy__prices__fred__idncpiallminmei__slope,0.09833591790110706,0.16691028156120033,3.81810365841394e-05,0.0010994505201895209,0.008311627676428124,0.0
indonesia__economy__prices__fred__idncpiallminmei__sd,0.04117510353875451,0.17439333106829974,2.991717340408477e-05,0.001656574715834007,0.014269589145771193,0.013739363068291112
indonesia__economy__prices__fred__idncpiallminmei__min,0.9935041343618429,0.9089091672953171,0.005244734711094442,0.029519304891325548,0.0,0.001331987359166848
indonesia__economy__prices__fred__idncpiallminmei__max,0.9935458714196597,0.901120298658467,0.025844979492340433,0.03392208732599288,0.0,0.0
indonesia__economy__taxes__economics__idctr__last,0.7940619176976091,0.21485146018020906,0.0,0.0,0.0,0.0
indonesia__economy__taxes__economics__idctr__mean,0.7987608156299847,0.2238064021418089,0.0,0.0,0.0,0.0
indonesia__economy__taxes__economics__idctr__slope,0.07152753839082615,0.0009095137417753506,0.0,0.0,0.0,0.0
indonesia__economy__taxes__economics__idctr__sd,0.07146301997099198,0.00037587216082085644,0.0,0.0,0.008517183299104865,0.0
indonesia__economy__taxes__economics__idctr__min,0.7940619176976091,0.22057503451310495,0.0,0.0,0.0,0.0
indonesia__economy__taxes__economics__idctr__max,0.7947467950834607,0.22081883870453511,0.0,0.0,0.0,0.0
indonesia__economy__taxes__economics__idpitr__last,0.5707802056329271,0.1489656828919944,0.0,0.0,0.0,0.0
indonesia__economy__taxes__economics__idpitr__mean,0.5592999871131126,0.14894643526554505,0.0,0.0,0.0,0.0
indonesia__economy__taxes__economics__idpitr__slope,0.1049258696435593,0.0017495373040452703,0.0,0.0,0.0,0.0
indonesia__economy__taxes__economics__idpitr__sd,0.0059968346057030055,0.0008947900332452735,0.0,0.0,0.0,0.0
indonesia__economy__taxes__economics__idpitr__min,0.5634976775258418,0.1453962317963246,0.0,0.0,0.108343465906013,0.0
indonesia__economy__taxes__economics__idpitr__max,0.5547642638924388,0.14861891877372146,0.0,0.0,0.0,0.0
indonesia__economy__taxes__economics__idssr__last,0.17468213972131535,0.4578488767544754,0.0,0.0,0.0,0.0
indonesia__economy__taxes__economics__idssr__mean,0.166852017133826,0.4696775841289784,0.0,0.0,0.0,0.0
indonesia__economy__taxes__economics__idssr__slope,0.017531550417671682,0.020262559474010698,0.0,0.0,0.0,0.0
indonesia__economy__taxes__economics__idssr__sd,0.24250769139554046,0.022042109896793897,1.171382609840046e-05,6.310930229967178e-05,0.0,0.0
indonesia__economy__taxes__economics__idssr__min,0.15939387100139624,0.4651050011999549,0.0,0.0,0.0,0.0
indonesia__economy__taxes__economics__idssr__max,0.17968839199630085,0.4595856146791046,0.0,0.0,0.0,0.0
indonesia__economy__taxes__economics__idssrc__last,0.35702996539675036,0.18162993554637138,0.0,0.0,0.0,0.0
indonesia__economy__taxes__economics__idssrc__mean,0.3647126725011467,0.1851613249888881,0.0,0.0,0.0,0.0
indonesia__economy__taxes__economics__idssrc__slope,0.040773031252312145,0.0017096236015140798,0.0,0.0,0.0,0.0
indonesia__economy__taxes__economics__idssrc__sd,0.3413842836070246,0.000954691383120286,0.0,0.0,0.0,0.0
indonesia__economy__taxes__economics__idssrc__min,0.36570499530064327,0.18168894824196258,0.0,0.0,0.0,0.0
indonesia__economy__taxes__economics__idssrc__max,0.35685001653088255,0.17637750491665904,0.0,0.0,0.0,0.0
indonesia__economy__taxes__economics__idssre__last,0.6052288795015109,0.28433293072314236,0.0,0.0,0.0,0.0
indonesia__economy__taxes__economics__idssre__mean,0.6095400456548911,0.29643850754826856,0.0008835497343818889,0.0063135910982529105,0.0,0.0
indonesia__economy__taxes__economics__idssre__slope,0.018164966017035582,0.012113174518333108,0.0,0.0,0.0,0.0
indonesia__economy__taxes__economics__idssre__sd,0.09130017426201592,0.01234018846190223,0.0,0.0,0.08953078170748055,0.0
indonesia__economy__taxes__economics__idssre__min,0.6003602051542315,0.2902685885091045,0.0,0.0,0.0,0.0
indonesia__economy__taxes__economics__idssre__max,0.6077428469532927,0.29003734801198544,0.0,0.0,0.0,0.0
indonesia__economy__taxes__economics__idstr__last,0.7036902442791849,0.1723942847413896,0.0,0.0,0.0,0.0
indonesia__economy__taxes__economics__idstr__mean,0.7041736433975097,0.17679695805710924,0.0,0.0,0.0,0.0
indonesia__economy__taxes__economics__idstr__slope,0.10911445184201454,0.006006757768882361,2.679046546703037e-06,3.843126567558758e-05,0.0,0.0
indonesia__economy__taxes__economics__idstr__sd,0.10911404128304908,0.004830695445977512,1.9469812399373093e-06,1.7674177787633032e-05,0.05286924061228895,0.0
indonesia__economy__taxes__economics__idstr__min,0.6983662713649854,0.17058238704760295,0.0,0.0,0.0,0.0
indonesia__economy__taxes__economics__idstr__max,0.7036902442791849,0.1721617527223113,0.0,0.0,0.0,0.0
indonesia__economy__trade__economics__idbot__last,0.44183807872466246,0.8614915121630236,0.000341349748800015,0.0016236047230951645,0.0,0.0
indonesia__economy__trade__economics__idbot__mean,0.47371278615459994,0.3385251403052046,7.011841841530834e-05,0.006231119528812923,0.0,0.0
indonesia__economy__trade__economics__idbot__slope,0.017009136443348456,0.1341207666612657,2.986301026114653e-05,0.0014307761831770253,0.0,0.01059417381912308
indonesia__economy__trade__economics__idbot__sd,0.14506100530574242,0.16203499935860205,3.241578568288153e-05,0.002770565083531635,0.0,0.0
indonesia__economy__trade__economics__idbot__min,0.422071558546866,0.8344241359653763,0.00013172229987225593,0.002986175267991529,0.0,0.0001685461717115236
indonesia__economy__trade__economics__idbot__max,0.5075537318786986,0.8227153607130285,0.00047157567894221333,0.014472984496207517,0.22411423316612109,2.3718633492334716e-05
indonesia__economy__trade__economics__idca__last,0.2023242956204561,0.8117864000017719,0.011964116056954405,0.04548819300001093,0.0,1.0
indonesia__economy__trade__economics__idca__mean,0.19991873721996856,0.6817686157163217,0.009775357787972552,0.04759336136162584,0.11143869543166401,0.0
indonesia__economy__trade__economics__idca__slope,0.012138628752944431,0.077412871727799,1.5520056793268954e-05,0.00025061193769280223,0.010381461495217436,0.0
indonesia__economy__trade__economics__idca__sd,0.0008963152149456839,0.09687014456263492,1.9553242004977927e-05,4.54723147330284e-05,0.0,0.0
indonesia__economy__trade__economics__idca__min,0.18926482985137486,0.8097456087302483,0.002548516763638724,0.00567440558444622,0.11965035263973911,0.1521930552017149
indonesia__economy__trade__economics__idca__max,0.20743928617809362,0.7958754347467916,2.2990931224254858e-05,0.000652537143979298,0.12786278266905304,0.0018680282650813897
indonesia__economy__trade__economics__idcag__last,0.03159828311542348,0.6578974192340789,9.287461514487044e-05,0.0008435578827388828,0.0,0.0
indonesia__economy__trade__economics__idcag__mean,0.0250853456135694,0.63633554852198,1.1162884234504033e-05,8.081270445315711e-05,0.0,0.0
indonesia__economy__trade__economics__idcag__slope,0.0605173654230035,0.025459888806329493,0.0,0.0,0.03278574699310499,0.0
indonesia__economy__trade__economics__idcag__sd,0.10190815964313558,0.033561300969117365,1.390282887238745e-05,0.0003899261938973447,0.0,0.00828566907363172
indonesia__economy__trade__economics__idcag__min,0.028198333709432925,0.6717344221908752,0.000348496376739136,0.0016452068757368756,0.0,0.0
indonesia__economy__trade__economics__idcag__max,0.023483243368556065,0.6481986814994377,0.0,0.0,0.0,0.0
indonesia__economy__trade__economics__idcop__last,0.958862330153492,0.8246418224168163,0.0005585794397983047,0.02650967534120541,0.20785474500145815,0.02622039592195958
indonesia__economy__trade__economics__idcop__mean,0.961478188177418,0.7104311642686253,0.000379010535279374,0.010546031219229129,0.3611840431787758,0.006899352421724695
indonesia__economy__trade__economics__idcop__slope,0.027943168401536083,0.16523976773073232,1.4631866128396048e-05,0.001298878917162092,0.004659235260153862,0.015583882642048023
indonesia__economy__trade__economics__idcop__sd,0.10592897873155373,0.1645974576047195,1.577717539030279e-05,0.0009185198905724691,0.006780497993427718,0.0
indonesia__economy__trade__economics__idcop__min,0.9628460215199425,0.8178604448738549,0.0003352449581074404,0.006597320445695642,0.0,0.0
indonesia__economy__trade__economics__idcop__max,0.9593355207536404,0.8201635782563516,4.060387529636191e-05,0.0006649297553084751,0.0,0.0
indonesia__economy__trade__economics__ided__last,0.9681327881076852,0.8078769122870028,1.607787726176902e-05,4.878516586387176e-05,0.0,0.0020510984921381227
indonesia__economy__trade__economics__ided__mean,0.9682474397568374,0.838645815432694,0.1419541395136188,0.6048781386737545,0.11460992616663884,0.012665240880911225
indonesia__economy__trade__economics__ided__slope,0.19065052446090824,0.07596725981333348,4.309323911005549e-05,0.0016383673808300966,0.005139344024510622,0.0009648259413661917
indonesia__economy__trade__economics__ided__sd,0.014699963234758575,0.07753002838067294,2.077404503217965e-05,0.0006891498502097016,0.0,0.0
indonesia__economy__trade__economics__ided__min,0.9685293347450264,0.8081956716894269,0.0829031175765303,0.18299661329452419,0.0,0.0
indonesia__economy__trade__economics__ided__max,0.9674520387218549,0.8040506503437592,0.0015091408669766532,0.007826316727044686,0.0,0.0028716850023354753
indonesia__economy__trade__economics__idexp__last,0.5737791093443272,0.8624424275624684,0.0002506707887514926,0.0016537492328597147,0.0,0.0
indonesia__economy__trade__economics__idexp__mean,0.5729585361002417,0.46669596578311556,0.00022488323622955504,0.007633182329451542,0.0,0.00013651958605385796
indonesia__economy__trade__economics__idexp__slope,0.014807697728320572,0.12943293117749613,9.851734500944677e-06,0.00010555365721242302,0.036671955210479584,0.0
indonesia__economy__trade__economics__idexp__sd,0.1501602423808058,0.16104959561950322,1.6938713126406816e-05,0.0005866584313139904,0.017726334201177082,0.0006400620819142406
indonesia__economy__trade__economics__idexp__min,0.5691549167756396,0.8526835342695229,0.00036027032443322035,0.004358880406170117,0.0,0.0
indonesia__economy__trade__economics__idexp__max,0.5735006918558078,0.8206395966492038,0.000389022628775903,0.0046938545476690385,0.0,0.0
indonesia__economy__trade__economics__idexpyy__last,0.002130837405952019,0.8410758093768193,0.00038697128353666133,0.005234758314612039,0.0,0.0007718312100256171
indonesia__economy__trade__economics__idexpyy__mean,0.0028508702269959036,0.3931543395776925,0.00012218819709803387,0.011947637804242472,0.0,0.02440338996175262
indonesia__economy__trade__economics__idexpyy__slope,0.03376079935362626,0.1404888210212931,5.660281479588179e-05,0.0011001978693174679,0.11803975090037867,0.0050809540595778985
indonesia__economy__trade__economics__idexpyy__sd,0.02911239773374282,0.15434687085784748,0.000206265717305428,0.006978258623063662,0.2999456000699484,0.003911613131952339
indonesia__economy__trade__economics__idexpyy__min,0.002768237511005173,0.8299395063020609,0.0001319558156352021,0.0020744565427343706,0.0,6.173199385145669e-07
indonesia__economy__trade__economics__idexpyy__max,0.0008882652320544886,0.8092063054622419,0.0003328260328574057,0.01515327304346619,0.16600035572986915,0.0
indonesia__economy__trade__economics__idgres__last,0.8970121187494154,0.4420009054197648,1.3926581935349896e-05,0.00020495619405101206,0.0,0.0
indonesia__economy__trade__economics__idgres__mean,0.8975230610528656,0.439466786150554,1.754057694526827e-05,0.00028677261572789356,0.0,0.0
indonesia__economy__trade__economics__idgres__slope,0.004814565217814213,0.019247705423812943,0.0,0.0,0.09683705787896356,7.809624313083593e-05
indonesia__economy__trade__economics__idgres__sd,0.09124477070539697,0.0208456702004896,1.4318138474556583e-05,0.0005087779600845332,0.0,0.0
indonesia__economy__trade__economics__idgres__min,0.9051249480319268,0.4328187172204882,0.0,0.0,0.1276326038596768,0.0
indonesia__economy__trade__economics__idgres__max,0.8921327125649673,0.44354001960919126,0.0,0.0,0.0,0.0
indonesia__economy__trade__economics__idimp__last,0.5694698525240378,0.8536774220977646,4.637252512591151e-05,0.000995798735236663,0.0,0.0
indonesia__economy__trade__economics__idimp__mean,0.5834764205007469,0.42429486670636546,0.00011242200573517598,0.03394352946038078,0.23634626473509235,0.0045617190822999495
indonesia__economy__trade__economics__idimp__slope,0.05501172306861838,0.12077242088376354,3.5812629548968785e-05,0.0007161463475107799,0.08331151011717347,0.0
indonesia__economy__trade__economics__idimp__sd,0.20655407733527875,0.1441971685906973,3.741119998253403e-05,0.0005074386057420266,0.06686994278442608,0.0
indonesia__economy__trade__economics__idimp__min,0.5527952997220703,0.8511207379207584,7.420286359695058e-05,0.0024973232420730566,0.0,0.0018874231466261774
indonesia__economy__trade__economics__idimp__max,0.6009269595871534,0.8208509789916697,0.0002286662246396353,0.002695028053920359,0.0,0.0
