symbol,exchange,period,year,quarter,source,HDKD_2__thu_nhap_lai_va_cac_khoan_thu_nhap_tuong_tu,HDKD_3__chi_phi_lai_va_cac_chi_phi_tuong_tu_da_tra,HDKD_4__thu_nhap_tu_hoat_dong_dich_vu,HDKD_5__chenh_lech_so_tien_thuc_thu_thuc_chi_tu_hoat,HDKD_6__lai_lo_tu_hoat_dong_khac,HDKD_7__tien_thu_cac_khoan_no_da_duoc_xu_ly_xoa_bu_d,HDKD_8__tien_chi_tra_cho_nhan_vien_va_hoat_dong_quan,HDKD_9__tien_thue_thu_nhap_thuc_nop_trong_ky,HDKD_10__luu_chuyen_tien_thuan_tu_hoat_dong_kinh_doan,HDKD_11__nhung_thay_doi_ve_tai_san_hoat_dong,HDKD_12__tang_giam_cac_khoan_tien_gui_va_cho_vay_cac,HDKD_13__tang_giam_cac_khoan_ve_kinh_doanh_chung_khoa,HDKD_14__tang_giam_cac_cong_cu_tc_phai_sinh_va_cac_ta,HDKD_15__tang_giam_cac_khoan_cho_vay_khach_hang,HDKD_16__tang_giam_nguon_du_phong_de_xu_ly_rui_ro_xu,HDKD_17__tang_giam_khac_ve_tai_san_hoat_dong,HDKD_18__nhung_thay_doi_ve_cong_no_hoat_dong,HDKD_19__tang_giam_cac_khoan_no_chinh_phu_va_nhnn,HDKD_20__tang_giam_cac_khoan_tien_gui_tien_vay_cac_tc,HDKD_21__tang_giam_tien_gui_cua_khach_hang,HDKD_22__tang_giam_phat_hanh_giay_to_co_gia,HDKD_23__tang_giam_von_tai_tro_uy_thac_dau_tu_cho_vay,HDKD_24__tang_giam_cac_cong_cu_tc_phai_sinh_va_cac_kh,HDKD_25__tang_giam_khac_ve_cong_no_hoat_dong,HDKD_26__chi_tu_cac_quy_cua_tctd,HDKD_27__luu_chuyen_tien_thuan_tu_hoat_dong_kinh_doan,HDDT_29__mua_sam_tai_san_co_dinh,HDDT_30__tien_thu_tu_thanh_ly_nhuong_ban_tscd,HDDT_31__tien_chi_ve_thanh_ly_nhuong_ban_tscd,HDDT_32__mua_sam_bat_dong_san_dau_tu,HDDT_33__tien_thu_tu_ban_thanh_ly_bat_dong_san_dau_tu,HDDT_34__tien_chi_ra_do_ban_thanh_ly_bat_dong_san_dau,HDDT_35__tien_chi_dau_tu_gop_von_vao_cac_don_vi_khac,HDDT_36__tien_thu_dau_tu_gop_von_vao_cac_don_vi_khac,HDDT_37__tien_thu_co_tuc_va_loi_nhuan_duoc_chia_tu_ca,HDDT_38__luu_chuyen_tien_thuan_tu_hd_dau_tu,HDTC_40__tang_von_co_phan_tu_phat_hanh_co_phieu,HDTC_41__tien_thu_tu_phat_hanh_giay_to_co_gia_dai_han,HDTC_42__tien_chi_thanh_toan_giay_to_co_gia_dai_han_c,HDTC_43__co_tuc_tra_cho_co_dong_loi_nhuan_da_chia,HDTC_44__5_tien_chi_ra_mua_co_phieu_quy,HDTC_45__tien_thu_duoc_do_ban_co_phieu_quy,HDTC_46__luu_chuyen_tien_thuan_tu_hd_tai_chinh,HDTC_47__luu_chuyen_tien_thuan_trong_ky,HDTC_48__tien_va_cac_khoan_tuong_duong_tien_tai_thoi,HDTC_49__dieu_chinh_anh_huong_cua_thay_doi_ty_gia,HDTC_50__tien_va_cac_khoan_tuong_duong_tien_tai_thoi
VCB,HOSE,Q3-2008,2008,3,missing,,,,,,,,,,,,,,,,,,,,,,,,,,,,,,,,,,,,,,,,,,,,,,,
VCB,HOSE,Q4-2008,2008,4,missing,,,,,,,,,,,,,,,,,,,,,,,,,,,,,,,,,,,,,,,,,,,,,,,
VCB,HOSE,Q1-2009,2009,1,pdf,3992144776465,-2230105920168,222459343577,296864898622,513002951,43177807024,-815963739209,-11109347990,1497980821272,0,-2125853036236,-2263720026779,0,-4651755749791,-5449933,-1034376042466,0,-1865885524596,10919146848383,-12088352119847,-483873840360,-555226926019,0,1401086003916,-24864131244,-11275699173700,-25434837065,80251818,-13830030,0,0,0,37146890000,0,1050334916,12828809639,0,0,0,0,0,0,0,-11262870364061,63458405000000,0,52195534635939
VCB,HOSE,Q2-2009,2009,2,pdf,7534591714896,-4349414153583,484955821058,648935757873,5509658241,64952410194,-1089087234920,-322270855368,2978173118391,0,-3569855115422,-674098852981,0,-18428030518738,-27538602,-1438986245913,0,-47280450167,-2405347342545,-5841575780417,-129027979298,-558826927085,377400000000,-561885026476,-127501498737,-30426870157990,-90467620666,114570000,-112223233,0,0,0,-37146890000,148398922380,136701517674,157488276155,0,0,0,0,0,0,0,-30269381881835,63458405000000,0,33189023118165
VCB,HOSE,Q3-2009,2009,3,pdf,11306542000000,-7386477000000,678030000000,702954000000,11793000000,91566000000,-1657948000000,-495190000000,3251270000000,0,-3189745000000,6845252000000,0,-25376175000000,-83409000000,-505627000000,0,1415067000000,1234902000000,283522000000,-2179511000000,-555227000000,324991000000,-298107000000,-135185000000,-18967982000000,-163341000000,1451000000,-201000000,0,0,0,-28982000000,153899000000,99092000000,61918000000,0,0,0,0,0,0,0,-18906064000000,63458405000000,193093000000,44745434000000
VCB,HOSE,Q4-2009,2009,4,pdf,15311652777466,-9778879404191,972099613305,1499643079817,-1227946817,147560959402,-2852123729640,-683627396575,4615097952767,0,-4962130718418,10172971588614,0,-28828160670742,-261546870826,-780883114741,0,10462084352793,11921952815149,15088833254777,-2535956819880,-555225873818,81843060000,-3869402375615,-142991736434,10406484843626,-550623314418,2002138254,-504727166,0,0,0,-505327744000,153898922380,290127470721,-610427254229,0,0,0,-768460420000,0,0,-768460420000,9027597169397,63458405000000,0,72486002169397
VCB,HOSE,Q1-2010,2010,1,pdf,4329659556269,-2049366033859,283657754320,366084988591,-2023212192,50081661870,-1032941806774,-446905105124,1498247803101,0,-3099097240192,-1131476301419,-77972415887,-9820245186537,-19536432853,-724964246641,0,-9906968079880,-7443784235162,-3887065660627,-79443833477,769017,-81843000000,3699266285084,-55555974,-31074937331447,-92937087016,226412728,-20630446,0,0,0,-13545570000,0,27114027494,-79162847240,0,0,0,-119923428000,0,0,-119923428000,-31274023606687,72601931000000,0,41327907393313
VCB,HOSE,Q2-2010,2010,2,pdf,9203478000000,-4196588000000,510730000000,425652000000,11859000000,96303000000,-1716775000000,-754693000000,3579966000000,0,1742828000000,79975000000,0,-11288564000000,-18704000000,-461447000000,0,-9662663000000,-12066749000000,12993787000000,-264196000000,0,0,-592252000000,-310931000000,-16268950000000,-99896000000,469000000,-259000000,0,0,0,-14194000000,10135000000,5744000000,-98001000000,0,0,0,-1452103000000,0,0,-1452103000000,-17819054000000,72601931000000,0,54782877000000
VCB,HOSE,Q3-2010,2010,3,pdf,14124007000000,-7993207000000,698150000000,557313000000,133693000000,134429000000,-2826219000000,-1011696000000,3816470000000,0,3153015000000,-495434000000,0,-21680413000000,-224553000000,-1260584000000,0,-12408861000000,-9428131000000,21003026000000,1899210000000,0,0,719909000000,-199385000000,-15105731000000,-269473000000,1357000000,-333000000,0,0,0,-205056000000,252880000000,24347000000,-196278000000,1122855000000,0,0,-1452104000000,0,0,-329249000000,-15631258000000,72601931000000,0,56970673000000
VCB,HOSE,Q4-2010,2010,4,pdf,20361354000000,-11624536000000,1062037000000,308276000000,379775000000,334053000000,-3956173000000,-1327061000000,5537725000000,0,2194932000000,5375161000000,0,-35192780000000,-304268000000,-1310980000000,0,-12501464000000,20693511000000,35654018000000,3177927000000,0,0,483828000000,-272204000000,23535406000000,-558629000000,2389000000,-444000000,0,0,0,-261572000000,110287000000,118690000000,-589279000000,1122855000000,0,0,-1452104000000,0,0,-329249000000,22616878000000,72601931000000,0,95218809000000
VCB,HOSE,Q1-2011,2011,1,pdf,7600101000000,-4991987000000,245453000000,508766000000,-38675000000,74207000000,-958270000000,-292745000000,2146850000000,0,-2224012000000,-6895755000000,-4416000000,-21117102000000,0,-127171000000,0,4402940000000,11453164000000,468687000000,-940191000000,44980000000,0,3086528000000,-21440000000,-9726938000000,-16771000000,451000000,-100000000,0,0,0,-11676000000,80562000000,16192000000,68658000000,4363825000000,0,0,0,0,0,4363825000000,-5294455000000,96678346000000,0,91383891000000
VCB,HOSE,Q2-2011,2011,2,manual,14803944000000,-9247263000000,691583000000,821619000000,-417836000000,131722000000,-2104568000000,-690847000000,3988354000000,0,890244000000,-5870852000000,0,-14775875000000,-13664000000,-941949000000,0,16629396000000,9147810000000,-28105455000000,-1015875000000,26996340000000,-100660000000,5051767000000,-38845000000,11840736000000,-57549000000,1459000000,-154000000,0,0,0,-11676000000,80562000000,188274000000,200916000000,4363825000000,0,0,0,0,0,4363825000000,16405477000000,96678346000000,0,113083823000000
VCB,HOSE,Q3-2011,2011,3,scraped,23659326000000,-14360475000000,1007035000000,927822000000,-1399581000000,165522000000,-3345020000000,-1029732000000,5624897000000,0,-4093157000000,-6091650000000,-54708000000,-12937143000000,-212395000000,-6078459000000,0,15886809000000,-9554523000000,-3539571000000,-1438184000000,8217686000000,-1,7795031000000,-234874000000,-6710241000000,-414605000000,1886000000,-295000000,-1,-1,-1,-11676000000,80562000000,194718000000,-149410000000,4363918000000,-1,-1,-93000000,-1,-1,4363825000000,-2495826000000,96678346000000,-1,94182520000000
VCB,HOSE,Q4-2011,2011,4,scraped,32943076000000,-20625219000000,915104000000,1197258000000,-1521041000000,220106000000,-5217988000000,-1395101000000,6516195000000,0,2500899000000,681174000000,46160000000,-32603727000000,-3842717000000,-1156322000000,0,28789298000000,-11573259000000,22153489000000,-1492602000000,-1,-1,13177335000000,-517411000000,22678512000000,-1495797000000,3225000000,-2098000000,-1,-1,-1,-11676000000,1814860000000,275111000000,583625000000,4363918000000,-1,-1,-93000000,-1,-1,4363825000000,27625962000000,96678346000000,-1,124304308000000
VCB,HOSE,Q1-2012,2012,1,scraped,9599894000000,-5844797000000,170050000000,367875000000,17967000000,55455000000,-1233429000000,-376347000000,2756668000000,0,-1785984000000,1606662000000,-65320000000,1203716000000,-8872000000,-4557523000000,0,-19721926000000,1595900000000,-2537728000000,-4026000000,-1,-1,-15653000000,-16695000000,-21550781000000,-118741000000,636000000,-321000000,-1,-1,-1,-176063000000,10240000000,174047000000,-110202000000,11818828000000,-1,-1,-1,-1,-1,11818828000000,-9842155000000,124705018000000,-1,114862863000000
VCB,HOSE,Q2-2012,2012,2,scraped,17118533000000,-10645831000000,657167000000,709435000000,-11827000000,90358000000,-2332536000000,-736583000000,4848716000000,0,-4714787000000,-15256855000000,-1,-6091292000000,-69674000000,-941093000000,0,-7126580000000,-600466000000,15613558000000,-5288000000,-1,187467000000,5415062000000,-83875000000,-8825107000000,-183619000000,980000000,-393000000,-1,-1,-1,-252422000000,17840000000,266264000000,-151350000000,11681571000000,-1,-1,-2363765000000,-1,-1,9317806000000,341349000000,125530390000000,-1,125871739000000
VCB,HOSE,Q3-2012,2012,3,scraped,24400034000000,-15163519000000,988298000000,1100528000000,-37727000000,170341000000,-3551093000000,-1030693000000,6876169000000,0,-4399341000000,-17511175000000,-1,-17912864000000,-1074698000000,-1231971000000,0,-2602456000000,-2196161000000,35090407000000,-21741000000,-1,66536000000,6629840000000,-283380000000,1429165000000,-277899000000,3401000000,-615000000,-1,-1,-1,-252423000000,17840000000,277200000000,-232496000000,11681571000000,-1,-1,-2363765000000,-1,-1,9317806000000,10514475000000,125530390000000,-1,136044865000000
VCB,HOSE,Q4-2012,2012,4,scraped,31680959000000,-20300232000000,1388599000000,1844274000000,-17589000000,369844000000,-5376778000000,-1498166000000,8090911000000,0,-2261397000000,-17660270000000,-1,-31745042000000,-3583060000000,323743000000,0,-14059801000000,-13896024000000,57497714000000,-43816000000,-1,-6013000000,4902525000000,-454072000000,-12894602000000,-1630158000000,5353000000,-656000000,-1,-1,-1,-252422000000,14640000000,383823000000,-1479420000000,11681571000000,-1,-1,-2363765000000,-1,-1,9317806000000,-5056216000000,125530390000000,-1,120474174000000
VCB,HOSE,Q1-2013,2013,1,scraped,7770062000000,-4813824000000,382519000000,694063000000,-15194000000,33532000000,-1393365000000,-209395000000,2448398000000,0,-2499926000000,-7044796000000,-1,1988257000000,-1,-2919091000000,0,-12151930000000,3708436000000,13344124000000,-6892000000,-1,344373000000,2306258000000,-27864000000,-510653000000,-11176000000,266000000,-25000000,-1,-1,-1,-48950000000,5000000000,81299000000,27166000000,-1,-1,-1,-2780900000000,-1,-1,-2780900000000,-3264387000000,120707847000000,-1,117443460000000
VCB,HOSE,Q2-2013,2013,2,scraped,15226805000000,-8862865000000,770516000000,945179000000,30175000000,115546000000,-2362041000000,-589846000000,5273469000000,0,-1250718000000,-4967736000000,-1,3550062000000,-1142103000000,-992874000000,0,592227000000,8424525000000,22208431000000,-7224000000,-1,222233000000,-8790949000000,-176896000000,22942447000000,-96884000000,1040000000,-274000000,-1,-1,-1,-48950000000,5000000000,174324000000,35008000000,-1,-1,-1,-2780901000000,-1,-1,-2780901000000,20196554000000,120707847000000,-1,140904401000000
VCB,HOSE,Q3-2013,2013,3,scraped,21776789000000,-12243412000000,1178968000000,1545406000000,-37792000000,463266000000,-3804527000000,-866265000000,8012433000000,0,-2345785000000,-16321218000000,-1,-9524455000000,-1128822000000,-1857947000000,0,-395807000000,6066647000000,31774308000000,-11156000000,-1,386313000000,-14194802000000,-299393000000,160316000000,-237348000000,1458000000,-315000000,-1,-1,-1,-48950000000,5000000000,241579000000,-37824000000,-1,-1,-1,-2780901000000,-1,-1,-2780901000000,-2658409000000,120707847000000,-1,118049438000000
VCB,HOSE,Q4-2013,2013,4,scraped,28491471000000,-16572631000000,1610934000000,1603957000000,253400000000,680299000000,-5431486000000,1266649000000,11902593000000,0,-1426639000000,-5080073000000,-1,-33146756000000,-2380777000000,-784553000000,0,7815978000000,9884731000000,44924196000000,-13970000000,-1,-142186000000,-14701123000000,-364840000000,16486580000000,-1129544000000,477000000,-315000000,-1,-1,-1,-117855000000,362909000000,282644000000,-600932000000,-1,-1,-1,-1,-1,-1,-2780901000000,13104747000000,120707847000000,-1,133812594000000
VCB,HOSE,Q1-2014,2014,1,scraped,7431153000000,-4789431000000,424231000000,156078000000,13058000000,227414000000,-1530193000000,-254136000000,1678174000000,0,-3368400000000,2484271000000,136725000000,-4834898000000,-1598000000,-857082000000,0,-19497262000000,-18646539000000,10752118000000,-2678000000,-1,57757000000,4730285000000,-27397000000,-27396524000000,-7568000000,1320000000,-1016000000,-1,-1,-1,-1,-1,1465000000,-5799000000,-1,-1,-1,-1,-1,-1,-1,-27402323000000,137139962000000,-1,109737639000000
VCB,HOSE,Q2-2014,2014,2,pdf,14686361000000,-8806165000000,859758000000,955151000000,361718000000,403725000000,-3052134000000,-590591000000,4817823000000,0,-3988971000000,2268885000000,-147000000,-18230302000000,-732888000000,-3899414000000,0,-2614208000000,-3327649000000,46313636000000,-2914000000,0,0,-5182738000000,-345881000000,15075232000000,-99438000000,2538000000,-1054000000,0,0,0,0,0,63460000000,-34494000000,0,0,0,0,0,0,0,15040738000000,137139962000000,0,152180700000000
VCB,HOSE,Q3-2014,2014,3,scraped,21168263000000,-11982293000000,1301806000000,1451818000000,358556000000,645161000000,-4306805000000,-855182000000,7781324000000,0,-5592658000000,-2478455000000,31788000000,-27866540000000,-2243154000000,-336401000000,0,12659031000000,-5645593000000,55080745000000,-4573000000,-1,-1,-1653269000000,-430768000000,29301477000000,-238207000000,2074000000,-1117000000,-1,-1,-1,-1,-1,75754000000,-161496000000,-1,-1,-1,-2780901000000,-1,-1,-2780901000000,26359080000000,137139962000000,-1,163499042000000
VCB,HOSE,Q4-2014,2014,4,scraped,27901259000000,-15816779000000,1741756000000,1748729000000,366215000000,1419966000000,-6188314000000,-1160768000000,10012064000000,0,-12075152000000,-9957739000000,136725000000,-49017828000000,-4397546000000,-1485094000000,0,21470661000000,-806491000000,86683495000000,195044000000,-1,75278000000,-3457606000000,-522245000000,36853566000000,-987172000000,5699000000,-2511000000,-1,-1,-1,-499602000000,9565000000,151780000000,-1322241000000,-47000000,-1,-1,-2780901000000,-1,-1,-2780948000000,32750377000000,137139962000000,-1,169890339000000
VCB,HOSE,Q1-2015,2015,1,scraped,7441200000000,-4384712000000,337577000000,601706000000,4238000000,189814000000,-1629121000000,-346655000000,2214047000000,0,4766655000000,-1677747000000,-1,-7449856000000,-1,-1567154000000,0,-40199176000000,-11470199000000,14116018000000,300000000000,-1,202638000000,-459073000000,-138842000000,-41362689000000,-49979000000,375000000,-52000000,-1,-1,-1,12100000000,-1,4257000000,-29737000000,-1,-1,-1,-1,-1,-1,-1,-41392426000000,175012996000000,-1,133620570000000
VCB,HOSE,Q2-2015,2015,2,scraped,15222501000000,-8504622000000,952470000000,955838000000,31184000000,578437000000,-3262876000000,-677507000000,5295425000000,0,1509781000000,-27443205000000,0,-17404411000000,-2243160000000,-432627000000,0,-46300508000000,5333568000000,37422497000000,293000000000,0,53655000000,1770261000000,-376661000000,-42522385000000,-191455000000,1363000000,-248000000,0,0,0,0,12100000000,18467000000,-156211000000,0,0,0,0,0,0,0,-42678596000000,175012996000000,0,132334400000000
VCB,HOSE,Q3-2015,2015,3,scraped,22045187000000,-11973997000000,1393814000000,1838491000000,-8084000000,1019677000000,-5331774000000,-1033296000000,7950018000000,0,-2212174000000,-25438146000000,-1,-33059891000000,-4027208000000,-593083000000,0,-45214810000000,12604413000000,65509590000000,276891000000,-1,216250000000,4800382000000,-506862000000,-19694630000000,-295384000000,2464000000,-903000000,-1,-1,-1,-108464000000,29601000000,80090000000,-289034000000,-1,-1,-1,-2665020000000,-1,-1,-2665020000000,-22648684000000,175012996000000,-1,152364312000000
VCB,HOSE,Q4-2015,2015,4,scraped,30096639000000,-15702669000000,1862058000000,2131117000000,67844000000,1834236000000,-7139498000000,-1662091000000,11487636000000,0,2805068000000,-49273047000000,-628000000,-63813586000000,-4031616000000,-1426001000000,0,-12613519000000,28897583000000,77560472000000,270429000000,-1,-75278000000,84723000000,-497726000000,-10625490000000,-1194037000000,5253000000,-2059000000,-1,-1,-1,-108464000000,12100000000,86693000000,-1196952000000,-1,-1,-1,-2665020000000,-1,-1,-2665020000000,-14487462000000,175012996000000,-1,160525534000000
VCB,HOSE,Q1-2016,2016,1,scraped,8878409000000,-4753436000000,538969000000,725818000000,-13020000000,298167000000,-2318817000000,-181309000000,3174781000000,0,-3715217000000,701398000000,-35392000000,-24482311000000,-1,-1031134000000,0,-19918559000000,-6959884000000,13468676000000,-5816000000,-1,-1,240540000000,-387766000000,-38950684000000,-49370000000,544000000,-21000000,-1,-1,-1,-1,853000000,-1,-28331000000,-1,-1,-1,-1,-1,-1,-1,-38979015000000,164412853000000,-1,125433838000000
VCB,HOSE,Q2-2016,2016,2,scraped,18587629000000,-9173602000000,1060136000000,1353677000000,-83811000000,901393000000,-4225190000000,-641723000000,7778509000000,0,-4031681000000,1539168000000,-108131000000,-40088842000000,-1402141000000,-3439981000000,0,-9808852000000,-22658432000000,34416282000000,-5904000000,-1,-1,-1149087000000,-690347000000,-39649439000000,-159105000000,1329000000,-1175000000,-1,-1,-1,-1,5674000000,-1,-133614000000,-1,-1,-1,-1,-1,-1,-1,-39783053000000,164412853000000,-1,124629800000000
VCB,HOSE,Q3-2016,2016,3,scraped,26378230000000,-13277474000000,1581351000000,1742123000000,-104858000000,1257671000000,-6950593000000,-1031589000000,9594861000000,0,-4810965000000,-9379416000000,-156075000000,-60159760000000,-1403240000000,-2123663000000,0,430816000000,-15034521000000,71990132000000,-24707000000,-1,-1,3595691000000,-992524000000,-8473371000000,-494572000000,4332000000,-1437000000,-1,-1,-1,-1,12540000000,16183000000,-455831000000,-1,-1,-1,-2665020000000,-1,-1,-2665020000000,-11594222000000,164412853000000,-1,152818631000000
VCB,HOSE,Q4-2016,2016,4,scraped,36805161000000,-17728482000000,2111255000000,2467220000000,-187650000000,2121544000000,-8993753000000,-1739928000000,14855367000000,0,-2522101000000,-21000268000000,-230030000000,-73085530000000,-4174822000000,-5351043000000,0,12671860000000,103024000000,89235555000000,7807306000000,-1,-1,-667351000000,-1199774000000,16442193000000,-1272246000000,7206000000,-2532000000,-1,-1,-1,12540000000,-1,24549000000,-1223360000000,-1,-1,-1,-2665020000000,-1,-1,-2665020000000,12553813000000,164412853000000,-1,176966666000000
VCB,HOSE,Q1-2017,2017,1,scraped,10990836000000,-5324467000000,649989000000,879048000000,-14285000000,576986000000,-2997714000000,-416809000000,4343584000000,0,-6842822000000,7817523000000,-472400000000,-38779002000000,0,-744460000000,0,-3784714000000,-14699712000000,18862563000000,-230761000000,0,0,4224536000000,-483677000000,-30789342000000,-75184000000,354000000,0,0,0,0,0,0,84212000000,9382000000,0,0,0,0,0,0,0,-30779960000000,179888998000000,0,149109038000000
VCB,HOSE,Q2-2017,2017,2,scraped,22763424000000,-11063807000000,1314535000000,1510951000000,-11648000000,917476000000,-4455833000000,-939843000000,10035255000000,0,-6229165000000,7644909000000,-174446000000,-63877766000000,0,-1037591000000,0,16509859000000,-25726561000000,59023094000000,2750638000000,2450000000,0,3487948000000,-782888000000,1625736000000,-227651000000,2165000000,-83000000,0,0,0,0,0,103385000000,-122184000000,0,0,0,0,0,0,0,1503552000000,179888998000000,0,181392550000000
VCB,HOSE,Q3-2017,2017,3,scraped,32852759000000,-16081894000000,1965228000000,2228820000000,-68147000000,1558289000000,-7073295000000,-1446621000000,13935139000000,0,-2452216000000,3151334000000,-498975000000,-75250997000000,-2483488000000,-1141719000000,0,12980879000000,-26733128000000,97549114000000,5970783000000,11726000000,0,11771914000000,-897227000000,35913139000000,-322769000000,4943000000,-1487000000,0,0,0,0,0,112139000000,-207174000000,0,0,0,0,0,0,0,35705965000000,157564955000000,0,193270920000000
VCB,HOSE,Q4-2017,2017,4,scraped,45928052000000,-22219681000000,2541130000000,2536281000000,-90712000000,2185100000000,-10491363000000,-2082462000000,18306345000000,0,-81076030000000,20433503000000,-601696000000,-82626019000000,-6207924000000,-2362880000000,0,117233655000000,-5296202000000,118054173000000,7928128000000,23153000000,0,1605632000000,-1142385000000,104271453000000,-1139976000000,7542000000,-2396000000,0,0,0,0,265688000000,173380000000,-695762000000,0,0,0,-2878215000000,0,0,-2878215000000,100697476000000,157564955000000,0,258262431000000
VCB,HOSE,Q1-2018,2018,1,scraped,12377065000000,-6515419000000,881368000000,1090205000000,15763000000,1586316000000,-3825237000000,-282202000000,5327859000000,0,142613622000000,-120769458000000,-112698000000,-34180067000000,0,19888000000,0,-40004089000000,-26351856000000,22466921000000,80497000000,3605000000,0,8753075000000,-496483000000,-42649184000000,-97602000000,670000000,-29000000,0,0,0,0,417912000000,87132000000,408083000000,0,0,0,0,0,0,0,-42241101000000,305534247000000,0,263293146000000
VCB,HOSE,Q2-2018,2018,2,scraped,25691434000000,-13603097000000,1732639000000,1813247000000,21066000000,2360197000000,-6200785000000,-1626985000000,10187716000000,0,8263035000000,-22482985000000,832354000000,-62618212000000,-1381320000000,1212674000000,0,-99684245000000,-27412630000000,55976954000000,2957764000000,5121000000,375822000000,3129923000000,-687967000000,-131325996000000,-202652000000,1612000000,-134000000,0,0,0,0,698438000000,103735000000,600999000000,0,0,0,0,0,0,0,-130724997000000,305534247000000,0,174809250000000
VCB,HOSE,Q3-2018,2018,3,scraped,38372055000000,-20211416000000,2627553000000,2573608000000,18167000000,3012177000000,-8678082000000,-1851334000000,15862728000000,0,13248954000000,-22421246000000,817861000000,-84516215000000,-1381320000000,1662797000000,0,-90150318000000,-32766500000000,64886381000000,2880645000000,3897000000,0,2770224000000,-1001629000000,-130103741000000,-538777000000,3548000000,-209000000,0,0,0,788494000000,0,128304000000,381360000000,0,0,0,0,0,0,0,-129722381000000,305534247000000,0,175811866000000
VCB,HOSE,Q4-2018,2018,4,scraped,54473539000000,-27395720000000,3401327000000,3213415000000,-42724000000,3272247000000,-12786034000000,-2585775000000,21550275000000,0,850030000000,-14454657000000,556371000000,-89198048000000,-4083721000000,-2761322000000,0,-80699753000000,9581311000000,93703227000000,3246793000000,2650000000,0,-546264000000,-1365173000000,-63618281000000,-1134374000000,6549000000,-1706000000,0,0,0,0,2628039000000,86643000000,1585151000000,0,0,0,-2914981000000,0,0,-2914981000000,-64948111000000,305534247000000,0,240586136000000
VCB,HOSE,Q1-2019,2019,1,scraped,15533475000000,-6755404000000,1069406000000,1011340000000,20090000000,1144802000000,-3475982000000,-1341778000000,7205949000000,0,5267095000000,-7841974000000,180640000000,-41155012000000,0,-5726939000000,0,-11571750000000,-37259632000000,36348048000000,-112047000000,-464000000,0,182991000000,-575035000000,-55058130000000,-24395000000,1418000000,-43000000,0,0,0,0,0,9857000000,-13163000000,1111088000000,4995400000000,0,0,0,0,6106488000000,-48964805000000,244014156000000,0,195049351000000
VCB,HOSE,Q2-2019,2019,2,scraped,32664211000000,-14371120000000,2144789000000,1794526000000,-6240000000,1941743000000,-6160040000000,-3318465000000,14689404000000,0,3623819000000,-20200184000000,167040000000,-63600455000000,-822885000000,-8486835000000,0,-11079372000000,-27406614000000,68930959000000,-122013000000,0,-1892000000,1956768000000,-813049000000,-43165309000000,-137320000000,3361000000,-4587000000,0,0,0,0,138763000000,101379000000,5096985000000,1111088000000,0,0,0,0,0,1111088000000,-36957236000000,244014156000000,0,207056920000000
VCB,HOSE,Q3-2019,2019,3,scraped,49304185000000,-22463214000000,3423275000000,2722171000000,-46347000000,2862790000000,-10195100000000,-3564586000000,22043174000000,0,1529062000000,-14838398000000,186783000000,-76229176000000,-830514000000,-1674973000000,0,-11558029000000,-35192967000000,100255366000000,-140504000000,-3687000000,0,7198368000000,-1114059000000,-10369554000000,-341130000000,5855000000,-4963000000,0,0,0,95773000000,0,116764000000,-127701000000,1111088000000,0,0,0,0,0,6106477000000,-4390778000000,244014156000000,0,239623378000000
VCB,HOSE,Q4-2019,2019,4,scraped,66956480000000,-31567167000000,4309129000000,3050582000000,-114119000000,3179526000000,-15880992000000,-4827328000000,25106111000000,0,2711876000000,-17562680000000,177671000000,-102840133000000,-4502397000000,-5755730000000,0,1680491000000,-2902360000000,126484561000000,-77572000000,-5372000000,0,1530342000000,-1423331000000,22621477000000,-988420000000,10705000000,-6315000000,0,0,0,42989000000,96474000000,154648000000,-689919000000,1111088000000,4995389000000,0,0,0,0,6106477000000,28038035000000,244014156000000,0,272052191000000
VCB,HOSE,Q1-2020,2020,1,scraped,17708639000000,-8621541000000,1127210000000,923451000000,80163000000,958255000000,-3368926000000,-1512351000000,7294900000000,0,5299921000000,3399988000000,98312000000,-19798430000000,0,2052726000000,0,-59912717000000,-29974633000000,5597374000000,-12030000000,-1341000000,365859000000,968594000000,-838703000000,-85460180000000,-44809000000,867000000,-58000000,0,0,0,0,0,10732000000,-33268000000,0,0,0,0,0,0,0,-85493448000000,272270535000000,0,186777087000000
VCB,HOSE,Q2-2020,2020,2,scraped,36217607000000,-17251432000000,2283000000000,1714178000000,123979000000,1198712000000,-6326873000000,-2543324000000,15415847000000,0,3989510000000,2174451000000,98312000000,-36037531000000,0,167888000000,0,-82039710000000,-25212848000000,52767519000000,-89792000000,-2501000000,59126000000,8803480000000,-1042008000000,-60948257000000,-435048000000,2789000000,-376000000,0,0,0,0,605880000000,13327000000,186572000000,0,0,0,-747619000000,0,0,-747619000000,-61509304000000,272270535000000,0,210761231000000
VCB,HOSE,Q3-2020,2020,3,scraped,52181285000000,-25222799000000,3540047000000,2581285000000,190706000000,1670454000000,-10663780000000,-3686466000000,20590732000000,0,6733671000000,-8197729000000,98312000000,-49050461000000,-1365242000000,-3240846000000,0,-86314987000000,-21287784000000,53041208000000,-122126000000,-4029000000,33796000000,9344222000000,-1455624000000,-81196887000000,-1021093000000,4169000000,-563000000,0,0,0,0,515578000000,15393000000,-486516000000,0,0,0,-747619000000,0,0,-747619000000,-82431022000000,272270535000000,0,189839513000000
VCB,HOSE,Q4-2020,2020,4,scraped,70070033000000,-33194191000000,6608585000000,3464147000000,-628651000000,2421725000000,-14553458000000,-4679753000000,29508437000000,0,5607477000000,10336784000000,98312000000,-105081370000000,-2805965000000,698737000000,0,-51188811000000,29966748000000,103662698000000,-144015000000,-5752000000,52031000000,8191206000000,-1869520000000,27026997000000,-3001902000000,10232000000,-3053000000,0,0,0,0,605274000000,32383000000,-2357066000000,0,0,0,-2986115000000,0,0,-2986115000000,21683816000000,272270535000000,0,293954351000000
VCB,HOSE,Q1-2021,2021,1,scraped,15985319000000,-7496977000000,1758681000000,1026971000000,-100199000000,1111427000000,-4403617000000,-1912328000000,5969277000000,0,18663092000000,5089660000000,0,-32149681000000,0,-3260830000000,0,-22638627000000,-22825236000000,-6565960000000,168110000000,-3695000000,11951000000,1701732000000,-1009299000000,-56849506000000,-63503000000,1356000000,-215000000,0,0,0,0,0,8278000000,-54084000000,0,0,0,-747619000000,0,0,-747619000000,-57651209000000,292582702000000,0,234931493000000
VCB,HOSE,Q2-2021,2021,2,scraped,36061149000000,-14296327000000,3026700000000,1883774000000,-221000000000,1590443000000,-7954293000000,-3705363000000,16385083000000,0,14344345000000,7731406000000,0,-82160176000000,-618003000000,-3831611000000,0,-32099519000000,-19395216000000,19160093000000,157910000000,-4795000000,-21410000000,2627194000000,-1556031000000,-79280730000000,-357006000000,3019000000,-550000000,0,0,0,0,0,10058000000,-344479000000,0,0,0,-747619000000,0,0,-747619000000,-80372828000000,292582702000000,0,212209874000000
VCB,HOSE,Q3-2021,2021,3,scraped,52869061000000,-20845441000000,4153966000000,2695126000000,-398216000000,2218080000000,-11403840000000,-4935299000000,24353437000000,0,-7581427000000,-1940538000000,-259485000000,-96554707000000,-828485000000,-4891572000000,0,-32467810000000,2554934000000,76305309000000,137962000000,-5895000000,-52031000000,165452000000,-2165649000000,-43230505000000,-513518000000,4672000000,-927000000,0,0,0,-83502000000,27470000000,0,-565805000000,0,0,0,-747619000000,0,0,-747619000000,-44543929000000,292582702000000,0,248038773000000
VCB,HOSE,Q4-2021,2021,4,scraped,70805813000000,-28835100000000,5727973000000,4579228000000,-526176000000,2912230000000,-16397187000000,-5877803000000,32388978000000,0,-10965318000000,-14079392000000,-303202000000,-120961694000000,-2538370000000,-10778219000000,0,-31708879000000,6173944000000,103210346000000,-3853426000000,-6972000000,-52031000000,1483406000000,-2789349000000,-54780178000000,-1621433000000,8408000000,-1201000000,0,0,0,-83502000000,13791000000,93844000000,-1590093000000,0,0,0,-1886298000000,0,0,-1886298000000,-58256569000000,292582702000000,0,234326133000000
VCB,HOSE,Q1-2022,2022,1,scraped,18270754000000,-6591715000000,1031728000000,1637580000000,-62483000000,545538000000,-4490878000000,-642532000000,9697992000000,0,-200908000000,-1896895000000,303202000000,-68149789000000,-59677000000,-277225000000,0,26842324000000,-28480082000000,44344968000000,-7204000000,-1122000000,5215000000,1567100000000,-1069379000000,-17381480000000,-22389000000,2948000000,-2045000000,0,0,0,1864000000,0,2196000000,-17426000000,0,0,0,-3329224000000,0,0,-3329224000000,-20728130000000,232553995000000,0,211825865000000
VCB,HOSE,Q2-2022,2022,2,scraped,40003510000000,-13628817000000,2565907000000,3186553000000,-125896000000,1487840000000,-7869571000000,-3017578000000,22601948000000,0,-2071544000000,-2272594000000,303202000000,-140102208000000,-124683000000,-2099479000000,0,51552433000000,61919114000000,60067663000000,-3020349000000,-2222000000,19457000000,4879484000000,-1358338000000,50291884000000,-67903000000,5716000000,-2761000000,0,0,0,0,1864000000,14578000000,-3377730000000,0,0,0,0,0,0,0,46914154000000,232553995000000,0,279468149000000
VCB,HOSE,Q3-2022,2022,3,scraped,61693757000000,-20664896000000,3668176000000,4800414000000,-211915000000,1959262000000,-12755544000000,-3933379000000,34555875000000,0,-11695778000000,3102847000000,303202000000,-169394046000000,-297256000000,-7267079000000,0,84485182000000,70000856000000,61826988000000,-2688755000000,-3322000000,120079000000,-92590000000,-2059469000000,60896734000000,-71026000000,10291000000,-3274000000,0,0,0,0,201898000000,104378000000,242267000000,0,0,0,-3329224000000,0,0,-3329224000000,57809777000000,232553995000000,0,290363772000000
VCB,HOSE,Q4-2022,2022,4,scraped,86066830000000,-31709129000000,5159968000000,5975176000000,-351732000000,2394744000000,-19844137000000,-3976079000000,43715641000000,0,-15019465000000,5431755000000,146687000000,-184316295000000,-3530346000000,-30045854000000,0,57846700000000,122753073000000,108144559000000,7950797000000,-4409000000,0,72841154000000,-2538653000000,183375344000000,-711567000000,15753000000,-4808000000,0,0,0,0,201899000000,107054000000,-391669000000,0,0,0,-3348022000000,0,0,-3348022000000,179635653000000,232553995000000,0,412189648000000
VCB,HOSE,Q1-2023,2023,1,scraped,26870255000000,-10245350000000,1036571000000,1661244000000,684356000000,396375000000,-5387579000000,-5577486000000,9438386000000,0,17257309000000,-8025946000000,-68110000000,-29014714000000,-29914000000,33421448000000,0,-5147048000000,22823618000000,38019445000000,1999996000000,-1112000000,-31994056000000,0,-1092983000000,47586319000000,-73876000000,2071000000,-27000000,0,0,0,0,10685000000,11779000000,-49368000000,0,0,0,0,0,0,0,47536951000000,412235294000000,0,459772245000000
VCB,HOSE,Q2-2023,2023,2,scraped,56751152000000,-21791253000000,2238909000000,3036726000000,551848000000,785926000000,-9820696000000,-7789763000000,23962849000000,0,18323601000000,9852666000000,-60913000000,-32662207000000,-1433429000000,23648769000000,0,-65044471000000,-71849403000000,83385365000000,-9014117000000,-2210000000,0,-64317672000000,-1236860000000,-86448032000000,-279706000000,3490000000,-350000000,0,0,0,0,23847000000,12363000000,-240356000000,0,0,0,0,0,0,0,-86688388000000,412235294000000,0,325546906000000
VCB,HOSE,Q3-2023,2023,3,scraped,83232699000000,-31814235000000,3129921000000,4521054000000,525143000000,1331090000000,-14070030000000,-8808793000000,38046849000000,0,13523142000000,25012893000000,156515000000,-44764300000000,-1447032000000,34693276000000,0,-64797354000000,-72276727000000,105538539000000,-10060133000000,-2573000000,899053000000,-70470047000000,-2396647000000,-48344546000000,-386911000000,5977000000,-532000000,0,0,0,0,0,152152000000,-229314000000,0,0,0,0,0,0,0,-48573860000000,412235294000000,0,363661434000000
VCB,HOSE,Q4-2023,2023,4,scraped,108115648000000,-47454820000000,4100623000000,7042599000000,179388000000,2090116000000,-19932957000000,-8969967000000,45170630000000,0,10640918000000,19792999000000,156515000000,-125292768000000,-5758202000000,29815689000000,0,-65643979000000,-18668870000000,152226140000000,-54252740000000,-29330000000,1177520000000,-738640650000000,-27976830000000,-395331310000000,-10081600000000,94350000000,-67700000000,0,0,0,0,0,146088000000,-859407000000,0,0,0,-15627000000,0,0,-15627000000,-40408165000000,412235294000000,0,371827129000000
VCB,HOSE,Q1-2024,2024,1,scraped,23476932000000,-13673549000000,1021789000000,-547941000000,-202525000000,708883000000,-5795493000000,-4646216000000,341880000000,0,1569827000000,-8179620000000,0,3881093000000,0,4257651000000,0,2469726000000,-42350599000000,-48372000000000,9992335000000,-364000000,-26382000000,14486284000000,-1244317000000,-63174486000000,-132901000000,1700000000,-11000000,0,0,0,0,0,678000000,-130534000000,0,0,0,0,0,0,0,-63305020000000,372818730000000,0,309513710000000
VCB,HOSE,Q2-2024,2024,2,pdf,47566631000000,-24786041000000,2100968000000,1823343000000,-846551000000,1375157000000,-9802641000000,-6786565000000,10644301000000,0,5377160000000,-21050508000000,-510955000000,-99286292000000,-1481230000000,4120496000000,0,65316882000000,4798762000000,-21014179000000,6988779000000,-359000000,-117752000000,5024463000000,-1582925000000,-42773357000000,-491038000000,3982000000,-155000000,0,0,0,0,747000000,125700000000,-360764000000,0,0,0,0,0,0,0,-43134121000000,372818730000000,0,329684609000000
VCB,HOSE,Q3-2024,2024,3,scraped,70711868000000,-34132767000000,2953453000000,2790554000000,-1046745000000,2127226000000,-14872229000000,-8772603000000,19758757000000,0,11517964000000,-26434288000000,0,-130792657000000,-1480159000000,-7978977000000,0,34622436000000,3421387000000,34373409000000,6988582000000,-363000000,-764000000,244482000000,-2229784000000,-57989975000000,-948945000000,7012000000,-443000000,0,0,0,0,747000000,135999000000,-805630000000,0,0,0,0,0,0,0,-58795605000000,372818730000000,0,314023125000000
VCB,HOSE,Q4-2024,2024,4,scraped,94139605000000,-43790231000000,3457461000000,4087811000000,-1390508000000,3751009000000,-20922725000000,-8854401000000,30478021000000,0,16131776000000,-23833959000000,-1314434000000,-178860762000000,-5358023000000,-268042000000,0,76566500000000,20814426000000,118967239000000,4212146000000,164000000,-117752000000,1990839000000,-2835671000000,56572468000000,-1475986000000,12447000000,-1244000000,0,0,0,0,747000000,160709000000,-1303327000000,0,0,0,-19963000000,0,0,-19963000000,55249178000000,372818730000000,0,428067908000000
VCB,HOSE,Q1-2025,2025,1,pdf,23692971000000,-11670037000000,805964000000,-316258000000,-98301000000,759633000000,-5686026000000,-4372647000000,3115299000000,0,-11116836000000,-13134901000000,1314434000000,-17191637000000,-443446000000,3905881000000,0,47061130000000,-11769687000000,-5551461000000,-9960000000000,-527000000,306420000000,1461343000000,-1176607000000,-13180595000000,-186147000000,1678000000,-132000000,0,0,0,0,0,9703000000,-174898000000,0,0,0,0,0,0,0,-13355493000000,430614185000000,0,417258692000000
VCB,HOSE,Q2-2025,2025,2,pdf,50037136000000,-22293135000000,1615294000000,888740000000,-155562000000,1966222000000,-12485745000000,-6524464000000,13048486000000,0,-6807444000000,2560883000000,1314434000000,-106570577000000,-443445000000,623500000000,0,21499815000000,24250330000000,72017825000000,40019000000,-527000000,47261000000,4915691000000,-1759544000000,24736707000000,-381054000000,5432000000,-286000000,0,0,0,0,0,21806000000,-354102000000,0,0,0,0,0,0,0,24382605000000,430614185000000,0,454996790000000
VCB,HOSE,Q3-2025,2025,3,pdf,76029283000000,-32970806000000,2551777000000,4055051000000,-118008000000,2854702000000,-16930954000000,-9162037000000,26309008000000,0,-7220042000000,1353710000000,1314434000000,-180743609000000,-519889000000,-2774435000000,0,84348010000000,82638584000000,97301848000000,-1039981000000,-527000000,28651000000,7433442000000,-2145915000000,106283289000000,-845578000000,11539000000,-657000000,0,0,0,0,0,116327000000,-718369000000,0,0,0,0,0,0,0,105564920000000,430614185000000,0,536179105000000
VCB,HOSE,Q4-2025,2025,4,scraped,104279621000000,-44982266000000,3413845000000,5074170000000,-340406000000,3916056000000,-23796526000000,34000000,38322527000000,0,0,-4474331000000,939516000000,-224326776000000,-7287782000000,-3414751000000,0,81890988000000,-10181043000000,157869253000000,2976037000000,-529000000,0,-971727000000,-2625051000000,115341217000000,-1453488000000,17231000000,-1288000000,0,0,0,-60167000000,0,118576000000,-1379136000000,0,0,0,-3776798000000,0,0,-3776798000000,110185283000000,430614185000000,0,540799468000000
VCB,HOSE,Q1-2026,2026,1,scraped,31437617000000,-12196675000000,942731000000,1396283000000,-17058000000,870211000000,-7857568000000,-2975744000000,11599797000000,0,-2260157000000,5995390000000,-25759000000,-81400593000000,0,2195812000000,0,38501215000000,46026475000000,9497528000000,1993595000000,0,0,4605112000000,-1330221000000,35398194000000,-308060000000,4269000000,-313000000,0,0,0,0,0,9996000000,-294108000000,0,0,0,0,0,0,0,35104086000000,541688802000000,0,576792888000000
