,wclprice,wclprice_slope,wclprice_acceleration,wclprice_gt_close,wclprice_lt_close,wclprice_direction,wclprice_signal_2,wclprice_signal_2_slope,wclprice_hist_2,wclprice_hist_2_slope,wclprice_hist_2_acceleration,wclprice_hist_2_gt_0,wclprice_hist_2_lt_0,wclprice_hist_2_abs,wclprice_2_strength,wclprice_signal_5,wclprice_signal_5_slope,wclprice_hist_5,wclprice_hist_5_slope,wclprice_hist_5_acceleration,wclprice_hist_5_gt_0,wclprice_hist_5_lt_0,wclprice_hist_5_abs,wclprice_5_strength,wclprice_signal_8,wclprice_signal_8_slope,wclprice_hist_8,wclprice_hist_8_slope,wclprice_hist_8_acceleration,wclprice_hist_8_gt_0,wclprice_hist_8_lt_0,wclprice_hist_8_abs,wclprice_8_strength,wclprice_signal_11,wclprice_signal_11_slope,wclprice_hist_11,wclprice_hist_11_slope,wclprice_hist_11_acceleration,wclprice_hist_11_gt_0,wclprice_hist_11_lt_0,wclprice_hist_11_abs,wclprice_11_strength,wclprice_signal_14,wclprice_signal_14_slope,wclprice_hist_14,wclprice_hist_14_slope,wclprice_hist_14_acceleration,wclprice_hist_14_gt_0,wclprice_hist_14_lt_0,wclprice_hist_14_abs,wclprice_14_strength,wclprice_signal_17,wclprice_signal_17_slope,wclprice_hist_17,wclprice_hist_17_slope,wclprice_hist_17_acceleration,wclprice_hist_17_gt_0,wclprice_hist_17_lt_0,wclprice_hist_17_abs,wclprice_17_strength,wclprice_signal_20,wclprice_signal_20_slope,wclprice_hist_20,wclprice_hist_20_slope,wclprice_hist_20_acceleration,wclprice_hist_20_gt_0,wclprice_hist_20_lt_0,wclprice_hist_20_abs,wclprice_20_strength
wclprice,1.0,0.04501653350812094,0.005969364994293895,0.039494717780068196,0.07944842923625596,0.05851971942902901,0.9999533380644067,0.061013256325625036,0.06101325632562378,0.006619359527669687,0.004178271477810257,0.08381349214467831,0.08381349214467788,0.2990662990345022,0.20904110778558024,0.9996418826325664,0.09246567112126804,0.09246567112126113,0.006971947980533939,0.005046348379664936,0.10353252613610178,0.10353252613610145,0.30953096615151265,0.20478424802077416,0.9992698054105955,0.1149461334956092,0.11494613349560939,0.007002581245738468,0.005348594976472183,0.11151745616252878,0.11151745616253073,0.3112043480561023,0.20532328427183968,0.9988817914055282,0.13379765295602464,0.1337976529560195,0.007113407234800428,0.005483481138038296,0.1394625685005612,0.13946256850056155,0.31121035388262014,0.20851031716437615,0.998487604261176,0.15050697376899216,0.1505069737689887,0.00727240658656281,0.0055592925618833805,0.13768753296180003,0.13768753296179978,0.3111819426143979,0.2121149187852986,0.9980898451258775,0.1656356815718177,0.165635681571825,0.007428601472685448,0.005610882386690864,0.14709921444171858,0.1470992144417212,0.3101700654277366,0.2149373060787304,0.9976893821378316,0.17947732996265045,0.1794773299626493,0.007554143301860877,0.005650790346016975,0.15888074930051882,0.15888074930051993,0.30747747190226665,0.21736756851523306
wclprice_slope,0.04501653350812094,1.0,0.591274314913632,0.3867680903772204,0.3970649694970863,0.6582901728622506,0.035875691186509934,0.9469927809901616,0.9469927809901608,0.7264747754369357,0.3184148437123966,0.6251145851406043,0.625114585140604,0.22988991115976873,0.3474400961581535,0.024732976037290036,0.758291137810183,0.7582911378101809,0.8598583426905891,0.43686640374812935,0.503541777931189,0.503541777931189,0.2087469501005961,0.37464390943744447,0.020424708138346095,0.6436829442622397,0.6436829442622402,0.9051634061997902,0.48305345143761147,0.4260718425743615,0.4260718425743618,0.17106553653530765,0.3571976733642124,0.01814655817548449,0.5682031035562126,0.5682031035562133,0.9282942909023396,0.5078341176187688,0.37050711597121044,0.3705071159712103,0.14416597323205932,0.3376974200919328,0.01673995650742758,0.5140240554158764,0.514024055415876,0.9423367160071046,0.5233506474727437,0.3366978675544773,0.3366978675544774,0.12059959187131811,0.31430777704602925,0.015778315038683592,0.4728165704823511,0.47281657048235004,0.9517479372693014,0.5339961316467349,0.3121947807191033,0.3121947807191032,0.09943159616952768,0.29137330565184594,0.015072092544874644,0.4401623193428208,0.4401623193428219,0.9584860810234238,0.5417565418982982,0.29338961974629785,0.2933896197462978,0.08166015823697305,0.2710908491864956
wclprice_acceleration,0.005969364994293895,0.591274314913632,1.0,0.3295816390246072,0.331042765535649,0.36137456623186337,0.009027311064914485,0.3156220566273806,0.31562205662738124,0.9521480052653987,0.9112096452343086,0.18009318015880246,0.18009318015880227,0.10077621623128835,0.18056461344218483,0.007495317280451083,0.05630656057750803,0.05630656057750803,0.8154380511242706,0.9765331536816184,0.02620424304583652,0.02620424304583654,0.04405798803420079,0.17620684332207526,0.005700701647704927,0.007557811629685353,0.007557811629685319,0.7507893070115017,0.989296478081914,0.015983865537715417,0.015983865537715462,0.007052907504036289,0.14320624524788095,0.004517245879830375,0.031097372901972873,0.031097372901972575,0.7147440253540939,0.9938869263223756,0.03103171424333772,0.031031714243337713,0.006592934004235002,0.12383409581512655,0.003708780119673061,0.041386214222883,0.04138621422288365,0.6919063485762837,0.9960490512185491,0.03131140938290242,0.031311409382902465,0.01256701605238212,0.11013842251797779,0.0031279203328101507,0.04616501298997822,0.04616501298997808,0.6761854723522952,0.9972377609123055,0.033641854623682674,0.033641854623682514,0.015958207822178643,0.09835936536039006,0.0026924349135424982,0.0483208830126892,0.04832088301268844,0.664718856378233,0.997960718636825,0.03173358479026018,0.03173358479026028,0.01670679269699254,0.0896732568408083
wclprice_gt_close,0.039494717780068196,0.3867680903772204,0.3295816390246072,1.0,0.9572881860142497,0.3967607115307129,0.03629137931872276,0.33319921467802566,0.33319921467802693,0.35171136420975235,0.24923457052736353,0.32805160596838234,0.32805160596838234,0.004422739604564085,0.050232401106734645,0.03307562082093705,0.24197305690063686,0.24197305690063664,0.37274779678195125,0.2831548327411777,0.22653349259140243,0.22653349259140249,0.01032866744782586,0.052299938735284046,0.032168138729250964,0.19427377513643446,0.19427377513643462,0.38046030310615664,0.2966700191461908,0.1765867812157341,0.17658678121573418,0.01520454775486245,0.04876205244636829,0.03187866884298013,0.16400242763032216,0.1640024276303223,0.38423159105666643,0.3040991008031395,0.1433373502300775,0.14333735023007763,0.01899956674336793,0.0448643726809711,0.03182569816044448,0.14277542084662823,0.14277542084662725,0.3863272530724086,0.3088100266674727,0.12304126110363306,0.12304126110363303,0.021478278989936105,0.04085115920828649,0.031877875051370845,0.12692595250842031,0.12692595250842043,0.3875894259705471,0.3120634620597943,0.11861399260575853,0.11861399260575846,0.02426508700265163,0.03646923201571155,0.03198029846842853,0.1145741815726766,0.1145741815726767,0.38838908089545837,0.31444382723211106,0.10176528696678587,0.10176528696678597,0.027165147589477533,0.03217723006417865
wclprice_lt_close,0.07944842923625596,0.3970649694970863,0.331042765535649,0.9572881860142497,1.0,0.41058428092587856,0.07614543831050567,0.345740727796848,0.34574072779684756,0.3532227776035434,0.25040394925622383,0.3414891815074431,0.3414891815074429,0.01112879672168044,0.049715664544549495,0.07265112965214131,0.259207511582829,0.2592075115828287,0.3742195736624406,0.2844773747229467,0.2432903860357587,0.24329038603575856,0.003896851122735936,0.055192633387098365,0.07145061319818227,0.21555930126653747,0.215559301266538,0.3816394383996389,0.29809736164998535,0.19849661532366925,0.19849661532366952,0.003073801674235956,0.05323946768047487,0.07084173886253699,0.18917698858931664,0.1891769885893161,0.38505807751288007,0.3055856836337871,0.1690698295046944,0.1690698295046948,0.002761991093644633,0.05035828263869453,0.07044772128518426,0.1716487381991966,0.17164873819919596,0.3868303194968036,0.31032785182408296,0.1500168160621335,0.15001681606213343,0.0030411658678578504,0.04695272260244247,0.07014466721753741,0.15925392038742747,0.1592539203874279,0.38782619504853644,0.31359628912796567,0.1469334859618143,0.14693348596181494,0.002506476175400704,0.04302480561638348,0.06988441642770386,0.15008589459112315,0.1500858945911233,0.38842079707303323,0.31598224609155795,0.1326132727050411,0.13261327270504086,0.0018523365063481468,0.03914647514359853
wclprice_direction,0.05851971942902901,0.6582901728622506,0.36137456623186337,0.3967607115307129,0.41058428092587856,1.0,0.05239854901760334,0.6357486823805202,0.6357486823805187,0.45180779051166753,0.18409352425349143,0.7901808720084398,0.7901808720084394,0.04180817615156727,0.08090715133871881,0.04454575511015406,0.5245868770739751,0.5245868770739756,0.546136057804564,0.25933597440056894,0.5451837190148455,0.5451837190148459,0.021682923212829823,0.08446840270711756,0.04134725528552912,0.4520826986955512,0.4520826986955518,0.5801124160398375,0.2892908047539247,0.4483821157894011,0.4483821157894011,0.006992792771528534,0.07913250925604709,0.039600295301878405,0.4030377639846205,0.4030377639846197,0.597984653355474,0.30554242491487044,0.39246782304681793,0.3924678230468178,0.0005452912820496636,0.07408126999421467,0.03848133211735869,0.36754896367082596,0.36754896367082535,0.6089493799836996,0.3158004463678878,0.3521286530057884,0.3521286530057884,0.005583088709584012,0.06849435029472913,0.03767498850754828,0.3406552832620743,0.340655283262074,0.6162855455123233,0.3228793457653845,0.324082672133114,0.3240826721331137,0.010887330626647478,0.06271325353188725,0.037040306465795245,0.31956228884522053,0.3195622888452207,0.6214963349887994,0.3280610454437876,0.30282508566804467,0.3028250856680447,0.01549607585093473,0.05745164868888953
wclprice_signal_2,0.9999533380644067,0.035875691186509934,0.009027311064914485,0.03629137931872276,0.07614543831050567,0.05239854901760334,1.0,0.05136809151201289,0.051368091512011646,0.011144704721408528,0.004789692798780855,0.07733582489932644,0.07733582489932617,0.3015564446090309,0.21251623884520232,0.999829776674972,0.08373441245615383,0.08373441245614677,0.013422276078246772,0.00656036533112722,0.09766640814335593,0.09766640814335571,0.3119730161871262,0.20858882784958888,0.9995207152949518,0.10720508345688119,0.10720508345688119,0.014244973329560984,0.007281081177650779,0.10632817518893452,0.10632817518893632,0.3133775786167518,0.2090728697657863,0.9991679574112644,0.12681592846554904,0.12681592846554426,0.01479089744430792,0.007655809710090531,0.13484827506111763,0.13484827506111793,0.31313763623342655,0.21212508526077115,0.9987961877972319,0.14411315030170896,0.14411315030170482,0.015224761503788552,0.00788725936078712,0.13346383223949673,0.1334638322394964,0.31286467200650175,0.2155280644778834,0.9984139801620691,0.15971030299740668,0.15971030299741434,0.01556995222800443,0.008048054742582206,0.14316043237238385,0.14316043237238696,0.3116193885532523,0.21814119271387003,0.9980249969861139,0.17393523158190433,0.17393523158190347,0.015833258910277957,0.008168809637089583,0.15518363444338065,0.15518363444338193,0.30871861440288934,0.22037706377648428
wclprice_signal_2_slope,0.061013256325625036,0.9469927809901616,0.3156220566273806,0.33319921467802566,0.345740727796848,0.6357486823805202,0.05136809151201289,1.0,0.9999999999999998,0.46720224767787916,0.06293936475405403,0.6740044665447558,0.6740044665447558,0.2404852613973401,0.3473160377328649,0.03675800403427776,0.9073394525720367,0.907339452572037,0.6660782778615648,0.1561498652824498,0.611925149747913,0.6119251497479128,0.23492783476964513,0.38159501708710764,0.03022608312922946,0.806290919338277,0.8062909193382789,0.747915327015924,0.19937056108920612,0.5424407141609134,0.5424407141609134,0.20705845300724326,0.3758825240754125,0.026561496343620386,0.7288941009401645,0.7288941009401642,0.7928649316848627,0.22414431879575664,0.48460131931552414,0.48460131931552425,0.1816459020541869,0.361773641977228,0.024223089984973797,0.6690890786420512,0.6690890786420537,0.8212559625110218,0.24022113476422124,0.44414419595867,0.4441441959586701,0.15637944720430055,0.3407387732501512,0.022593904721489796,0.6215378560839082,0.6215378560839077,0.8407748844959062,0.2515017289212598,0.41523428356499,0.4152342835649898,0.1323199697565522,0.3189588134256263,0.02138526831129631,0.5827138202271985,0.5827138202271998,0.8550021676719632,0.2598528693346657,0.39092642529566807,0.3909264252956677,0.1109613350051404,0.29873706798653443
wclprice_hist_2,0.06101325632562378,0.9469927809901608,0.31562205662738124,0.33319921467802693,0.34574072779684756,0.6357486823805187,0.051368091512011646,0.9999999999999998,1.0,0.46720224767787955,0.06293936475405387,0.6740044665447567,0.6740044665447563,0.2404852613973411,0.3473160377328656,0.036758004034276495,0.9073394525720355,0.9073394525720366,0.6660782778615653,0.1561498652824499,0.6119251497479145,0.6119251497479142,0.23492783476964627,0.38159501708710847,0.03022608312922823,0.8062909193382777,0.8062909193382801,0.7479153270159249,0.1993705610892064,0.5424407141609134,0.5424407141609134,0.20705845300724462,0.3758825240754128,0.026561496343619113,0.7288941009401664,0.7288941009401663,0.7928649316848624,0.2241443187957568,0.4846013193155238,0.48460131931552347,0.18164590205418715,0.3617736419772286,0.02422308998497257,0.6690890786420527,0.6690890786420544,0.821255962511022,0.24022113476422094,0.4441441959586716,0.4441441959586719,0.15637944720430139,0.34073877325015206,0.022593904721488586,0.6215378560839092,0.6215378560839084,0.8407748844959063,0.25150172892126005,0.41523428356499026,0.41523428356499026,0.13231996975655283,0.3189588134256262,0.021385268311295065,0.5827138202271974,0.5827138202272002,0.8550021676719622,0.2598528693346656,0.39092642529566746,0.3909264252956674,0.11096133500514102,0.29873706798653427
wclprice_hist_2_slope,0.006619359527669687,0.7264747754369357,0.9521480052653987,0.35171136420975235,0.3532227776035434,0.45180779051166753,0.011144704721408528,0.46720224767787916,0.46720224767787955,1.0,0.7417013080070278,0.2786700921466463,0.2786700921466464,0.11827822960443364,0.21327656757034388,0.010559141880117019,0.14607103887886908,0.146071038878869,0.9416815078363483,0.8683153910633175,0.07687336668846255,0.07687336668846265,0.07197687712321567,0.21482046713112027,0.008443892565418644,0.04680084430960787,0.046800844309607986,0.8913122597753657,0.9029773894219777,0.012295808704011387,0.01229580870401138,0.02788604920253943,0.17902486046870877,0.006874884294527978,0.00462568261218893,0.0046256826121895515,0.8588213036064526,0.9181848850516648,0.01690451218464479,0.01690451218464478,0.008213408212468637,0.15553686798739222,0.005744039829387175,0.01655634990466676,0.016556349904667228,0.836737575403638,0.9264993736134731,0.023412136099647932,0.023412136099647974,0.0025982358610246504,0.1361598941301744,0.004905673742197944,0.028250317677490016,0.02825031767748996,0.8208861927948926,0.9316674297248821,0.02900807538381534,0.029008075383815363,0.009390929647459067,0.11962945081523206,0.004263941193228751,0.035072505333432334,0.0350725053334316,0.8089973188870311,0.9351616153972612,0.028766518625377057,0.028766518625377123,0.012613038768326637,0.10706466301513612
wclprice_hist_2_acceleration,0.004178271477810257,0.3184148437123966,0.9112096452343086,0.24923457052736353,0.25040394925622383,0.18409352425349143,0.004789692798780855,0.06293936475405403,0.06293936475405387,0.7417013080070278,1.0,0.019623851282476967,0.01962385128247695,0.061739131522807876,0.1087968764139894,0.0022169173466414223,0.07331046591907991,0.07331046591907996,0.5202898014618293,0.9727018977957266,0.046105166545239544,0.046105166545239634,0.0003250172978897518,0.09715272575848204,0.001129546516017778,0.07966478063264812,0.07966478063264808,0.44630467197396956,0.9539933955316194,0.05164956451305998,0.05164956451306007,0.02210745030260216,0.07297781673340392,0.0006471519076479966,0.07447869179191556,0.07447869179191549,0.41099405166835923,0.9435703638344091,0.04531585695036533,0.045315856950365344,0.025538556836292192,0.062122547381482464,0.00039711990359823733,0.06850837793117162,0.06850837793117201,0.3906408880104401,0.9371088098482487,0.03715857554709538,0.037158575547095396,0.024076751082884196,0.05818357853949959,0.0002523689760647457,0.06323427683978383,0.06323427683978398,0.377505701384527,0.9327518794380764,0.03473051033575064,0.03473051033575057,0.022363521010483552,0.05461408164498227,0.00016162061428295395,0.05877034365382498,0.058770343653824435,0.3683658837281934,0.929628911959866,0.030868328790541726,0.030868328790541733,0.019663502264553285,0.052487179066118356
wclprice_hist_2_gt_0,0.08381349214467831,0.6251145851406043,0.18009318015880246,0.32805160596838234,0.3414891815074431,0.7901808720084398,0.07733582489932644,0.6740044665447558,0.6740044665447567,0.2786700921466463,0.019623851282476967,1.0,0.9999999999999996,0.06508937265957658,0.09031393251176233,0.06707812158171757,0.6293374798569921,0.6293374798569927,0.4158758681432566,0.07577392642925436,0.7255988388937678,0.7255988388937684,0.044541209161717686,0.0974982721240015,0.06227870885200855,0.5679259072360429,0.5679259072360412,0.47387978312750767,0.10335089507673359,0.6014730409023837,0.6014730409023833,0.02517374629037076,0.09360425914600463,0.05948475479021658,0.5192164949476665,0.5192164949476654,0.5061710198099855,0.11940916295415567,0.5244060199241263,0.5244060199241263,0.014124571844656214,0.08920185599201763,0.05763095612562179,0.481152829555923,0.4811528295559244,0.5267102397279673,0.12992282947661968,0.4760471706681602,0.47604717066816027,0.006002204234574596,0.08380175698757102,0.05627897413938848,0.4508633775359825,0.45086337753598266,0.5408657713886077,0.13734413801284645,0.44096023354592645,0.44096023354592684,0.0021903693575871393,0.07794872874495548,0.055221741162673706,0.42624079742033527,0.42624079742033544,0.5511844380300107,0.14286121438949445,0.4161574844671655,0.41615748446716555,0.009059566829783452,0.07252104028269664
wclprice_hist_2_lt_0,0.08381349214467788,0.625114585140604,0.18009318015880227,0.32805160596838234,0.3414891815074429,0.7901808720084394,0.07733582489932617,0.6740044665447558,0.6740044665447563,0.2786700921466464,0.01962385128247695,0.9999999999999996,1.0,0.06508937265957682,0.09031393251176242,0.06707812158171736,0.6293374798569917,0.6293374798569925,0.4158758681432566,0.07577392642925432,0.7255988388937678,0.725598838893768,0.044541209161717825,0.09749827212400161,0.06227870885200842,0.5679259072360433,0.5679259072360411,0.4738797831275075,0.10335089507673366,0.6014730409023834,0.6014730409023837,0.02517374629037097,0.09360425914600472,0.05948475479021621,0.5192164949476664,0.5192164949476652,0.5061710198099854,0.11940916295415563,0.5244060199241262,0.5244060199241259,0.014124571844656339,0.0892018559920178,0.05763095612562155,0.48115282955592314,0.4811528295559246,0.5267102397279669,0.12992282947661968,0.4760471706681602,0.4760471706681601,0.006002204234574784,0.08380175698757118,0.05627897413938823,0.4508633775359822,0.45086337753598255,0.5408657713886076,0.13734413801284642,0.44096023354592606,0.4409602335459265,0.0021903693575869897,0.07794872874495552,0.055221741162673595,0.4262407974203352,0.4262407974203354,0.5511844380300106,0.14286121438949448,0.41615748446716555,0.4161574844671654,0.009059566829783296,0.07252104028269678
wclprice_hist_2_abs,0.2990662990345022,0.22988991115976873,0.10077621623128835,0.004422739604564085,0.01112879672168044,0.04180817615156727,0.3015564446090309,0.2404852613973401,0.2404852613973411,0.11827822960443364,0.061739131522807876,0.06508937265957658,0.06508937265957682,1.0,0.8338558275228676,0.30647780228940713,0.2521054898030565,0.2521054898030585,0.1367596126928282,0.07810300389879027,0.10379615582414405,0.10379615582414406,0.8612816613825377,0.8343478706220048,0.3098717451514143,0.25223194558912726,0.2522319455891272,0.1501815177246246,0.08323548061350639,0.12645428780843662,0.12645428780843632,0.7411944968573794,0.8158821788669283,0.3123783963630215,0.2460371574697251,0.246037157469727,0.1612527281840346,0.08607563071292844,0.13607347126218838,0.1360734712621886,0.6651224813932171,0.7978589143128646,0.314298755856585,0.2370338598291891,0.2370338598291907,0.17025785660233458,0.08801279854740271,0.14438878123794738,0.14438878123794738,0.6136203030906888,0.7854865218561238,0.31580933313583986,0.22685396227265234,0.2268539622726506,0.17764643032180885,0.08945801782829191,0.14299551799947902,0.14299551799947804,0.5752715217734171,0.7750224123462353,0.31701780572184235,0.2162642313482944,0.21626423134829528,0.18380341031760528,0.09059008045694841,0.13492605788674805,0.13492605788674739,0.5443475766397267,0.7656919574419954
wclprice_2_strength,0.20904110778558024,0.3474400961581535,0.18056461344218483,0.050232401106734645,0.049715664544549495,0.08090715133871881,0.21251623884520232,0.3473160377328649,0.3473160377328656,0.21327656757034388,0.1087968764139894,0.09031393251176233,0.09031393251176242,0.8338558275228676,1.0,0.21833188967276043,0.3291559883533695,0.3291559883533716,0.2473015849763217,0.13909774423379506,0.10675469194712607,0.10675469194712599,0.6662345334453047,0.9571760981855649,0.22177156616695518,0.31091933504285396,0.31091933504285413,0.26601348922903983,0.14981494607670948,0.11982526159425079,0.1198252615942505,0.5653508497743223,0.9231931062115601,0.224118587153142,0.2929772525922613,0.2929772525922617,0.2793447337891946,0.15573695662608822,0.12814236099733944,0.12814236099733953,0.5021775203865736,0.8902481139588685,0.22582808991567077,0.2760886184540117,0.276088618454014,0.28936690020730554,0.15962586363279815,0.13347688083900033,0.13347688083900042,0.459844337864979,0.8655058847149658,0.2271248797035073,0.2604226411168173,0.2604226411168149,0.29719032029166903,0.16241317936504251,0.1318489330884107,0.1318489330884101,0.42759938994374846,0.8433223524174492,0.22813297694187257,0.2459219183091139,0.24592191830911464,0.30348636654078714,0.1645215786886669,0.12616812007218361,0.12616812007218328,0.40125912071909275,0.8232086397726741
wclprice_signal_5,0.9996418826325664,0.024732976037290036,0.007495317280451083,0.03307562082093705,0.07265112965214131,0.04454575511015406,0.999829776674972,0.03675800403427776,0.036758004034276495,0.010559141880117019,0.0022169173466414223,0.06707812158171757,0.06707812158171736,0.30647780228940713,0.21833188967276043,1.0,0.06578703546333611,0.06578703546332919,0.015565333255233196,0.003802168812609352,0.08512765164275297,0.08512765164275266,0.31680607040193265,0.21497472189808656,0.9999073291389333,0.08902608659961005,0.08902608659961023,0.01821757996864467,0.00463381153791576,0.09363533528855114,0.09363533528855303,0.31808568486331507,0.21580840589560654,0.9996982698524947,0.10913683427267053,0.10913683427266556,0.02000679250285299,0.005136966589229153,0.12257453927442193,0.1225745392744223,0.3175730594140016,0.218917168126666,0.999427844606647,0.1271155794168097,0.12711557941680587,0.02132791475887067,0.005480247654594064,0.12167211781375531,0.121672117813755,0.31694835991755826,0.22221183241712156,0.9991208528481781,0.14341252893542697,0.14341252893543496,0.022333842269944153,0.005733935443381021,0.13184495902958263,0.13184495902958573,0.3153101746373708,0.22463577663978962,0.9987899824229223,0.1583031228556684,0.1583031228556676,0.023106812557579855,0.00593148704612775,0.1443454063266658,0.14434540632666706,0.3120148515074591,0.22664732240798163
wclprice_signal_5_slope,0.09246567112126804,0.758291137810183,0.05630656057750803,0.24197305690063686,0.259207511582829,0.5245868770739751,0.08373441245615383,0.9073394525720367,0.9073394525720355,0.14607103887886908,0.07331046591907991,0.6293374798569921,0.6293374798569917,0.2521054898030565,0.3291559883533695,0.06578703546333611,1.0,0.9999999999999999,0.319198498982683,0.04669390192231926,0.6930184300500571,0.6930184300500574,0.24620205603777023,0.3629694119751005,0.05536119063623748,0.9735528754976293,0.9735528754976269,0.41674338129380584,0.027019583557522767,0.674199283619673,0.6741992836196734,0.23141797720687823,0.3738902657279284,0.04867177791377382,0.9281903200759282,0.9281903200759263,0.47918549814384476,0.01332738468761637,0.6394218351792866,0.6394218351792866,0.21211981172133718,0.3707256784317176,0.04403553980231597,0.8822788437547718,0.8822788437547728,0.5224142093976228,0.0033811379911241795,0.6068123632737283,0.6068123632737285,0.1899348416092542,0.3589079866717389,0.040626708280480164,0.8400071689340453,0.8400071689340448,0.5540194494147203,0.004134618549750194,0.5792353055336832,0.5792353055336834,0.16671069786579526,0.34385900007600684,0.03800555394101345,0.8020725133337061,0.8020725133337068,0.5780996033791634,0.00999720401117098,0.553417773963588,0.5534177739635875,0.1444968961231211,0.32808668853885276
wclprice_hist_5,0.09246567112126113,0.7582911378101809,0.05630656057750803,0.24197305690063664,0.2592075115828287,0.5245868770739756,0.08373441245614677,0.907339452572037,0.9073394525720366,0.146071038878869,0.07331046591907996,0.6293374798569927,0.6293374798569925,0.2521054898030585,0.3291559883533716,0.06578703546332919,0.9999999999999999,1.0,0.31919849898268293,0.046693901922319196,0.6930184300500577,0.6930184300500578,0.2462020560377723,0.3629694119751026,0.05536119063623044,0.9735528754976283,0.9735528754976253,0.41674338129380556,0.027019583557522618,0.6741992836196735,0.6741992836196736,0.23141797720688098,0.3738902657279299,0.04867177791376687,0.9281903200759278,0.928190320075927,0.47918549814384387,0.013327384687616224,0.6394218351792864,0.6394218351792862,0.21211981172134034,0.370725678431719,0.044035539802308996,0.8822788437547718,0.8822788437547715,0.522414209397623,0.0033811379911240676,0.6068123632737285,0.6068123632737286,0.18993484160925628,0.35890798667174034,0.04062670828047326,0.8400071689340455,0.8400071689340446,0.5540194494147191,0.004134618549750273,0.5792353055336813,0.5792353055336816,0.1667106978657976,0.3438590000760088,0.0380055539410065,0.8020725133337043,0.8020725133337052,0.5780996033791638,0.00999720401117111,0.5534177739635869,0.5534177739635866,0.14449689612312308,0.3280866885388544
wclprice_hist_5_slope,0.006971947980533939,0.8598583426905891,0.8154380511242706,0.37274779678195125,0.3742195736624406,0.546136057804564,0.013422276078246772,0.6660782778615648,0.6660782778615653,0.9416815078363483,0.5202898014618293,0.4158758681432566,0.4158758681432566,0.1367596126928282,0.2473015849763217,0.015565333255233196,0.319198498982683,0.31919849898268293,1.0,0.6716382459566952,0.1892757092816697,0.1892757092816695,0.11064730616546908,0.2603674786312842,0.013663491227795307,0.17330444908259507,0.17330444908259454,0.9894698224851582,0.7233727016784053,0.09139573185966092,0.09139573185966092,0.0674477823917648,0.22645354294819614,0.011736573243210284,0.09910430957244357,0.09910430957244394,0.974195029343358,0.7486735384489303,0.03785664046013905,0.03785664046013906,0.043456893576060335,0.20058437139878238,0.01015058413046586,0.05629892507558167,0.05629892507558121,0.9607549029019795,0.7634406898569753,0.014245604649136578,0.014245604649136545,0.026572171562808593,0.17583768358300875,0.008878972612842689,0.02949982759038216,0.02949982759038208,0.949685060630332,0.7730302018823384,0.00022188377321354604,0.0002218837732135518,0.013987777923107339,0.15428318942053135,0.007852910324257329,0.011738098956178035,0.011738098956178776,0.9406224695496902,0.7797203349532551,0.006896715540084422,0.006896715540084405,0.005549721783617971,0.1371503740747962
wclprice_hist_5_acceleration,0.005046348379664936,0.43686640374812935,0.9765331536816184,0.2831548327411777,0.2844773747229467,0.25933597440056894,0.00656036533112722,0.1561498652824498,0.1561498652824499,0.8683153910633175,0.9727018977957266,0.07577392642925436,0.07577392642925432,0.07810300389879027,0.13909774423379506,0.003802168812609352,0.04669390192231926,0.046693901922319196,0.6716382459566952,1.0,0.036883120273820895,0.036883120273820916,0.015223188510777004,0.12865876278994542,0.0022127964213900426,0.07415379810618765,0.07415379810618768,0.5928103902554415,0.9970876127709924,0.054463260227338196,0.054463260227338356,0.016067673961542156,0.09903851786071434,0.0014149946802087673,0.07667554962073851,0.07667554962073833,0.5523582153589194,0.9935495274855453,0.05380346033071729,0.053803460330717215,0.024607226971718278,0.08386854277324644,0.0009703059021833962,0.0739181872267493,0.07391818722674963,0.5281282139796329,0.9908225672912814,0.045376634330348185,0.04537663433034815,0.025971426782721817,0.07554641422403878,0.0006999678682096531,0.07006372827597881,0.07006372827597884,0.5121253094987164,0.9887761185222607,0.043141715819052844,0.04314171581905297,0.025629709549016395,0.06848971661547035,0.0005243385764122724,0.06621458800142332,0.06621458800142262,0.5008207271422087,0.9872122950839982,0.03805069298772893,0.03805069298772901,0.023448347828994413,0.06374662403895527
wclprice_hist_5_gt_0,0.10353252613610178,0.503541777931189,0.02620424304583652,0.22653349259140243,0.2432903860357587,0.5451837190148455,0.09766640814335593,0.611925149747913,0.6119251497479145,0.07687336668846255,0.046105166545239544,0.7255988388937678,0.7255988388937678,0.10379615582414405,0.10675469194712607,0.08512765164275297,0.6930184300500571,0.6930184300500577,0.1892757092816697,0.036883120273820895,1.0,1.0,0.07775131837080801,0.11498203768084123,0.07768101429206832,0.6820488434845186,0.6820488434845207,0.25698504821385576,0.026500340620402334,0.8580098301303828,0.8580098301303828,0.06219553167290205,0.11803343360719622,0.07289544046964865,0.6536251366371233,0.6536251366371228,0.30136421983806233,0.018571760583303815,0.7578614877508009,0.7578614877508006,0.04902008636541404,0.1167860900211941,0.06958809453167179,0.623159800936184,0.6231598009361833,0.3323614954594171,0.012549801613807268,0.6935458907940012,0.6935458907940016,0.036838302812355894,0.11282243780348444,0.06715727277952564,0.594653902984957,0.594653902984957,0.3550622832138094,0.007878283777020113,0.6415566428519076,0.6415566428519079,0.0244276855846992,0.10755909507905292,0.06528008742314648,0.5690048325088733,0.5690048325088742,0.3723300347848462,0.004172546538430976,0.6017175349670306,0.6017175349670303,0.013001882145346368,0.10210545348337052
wclprice_hist_5_lt_0,0.10353252613610145,0.503541777931189,0.02620424304583654,0.22653349259140249,0.24329038603575856,0.5451837190148459,0.09766640814335571,0.6119251497479128,0.6119251497479142,0.07687336668846265,0.046105166545239634,0.7255988388937684,0.725598838893768,0.10379615582414406,0.10675469194712599,0.08512765164275266,0.6930184300500574,0.6930184300500578,0.1892757092816695,0.036883120273820916,1.0,1.0,0.07775131837080818,0.11498203768084128,0.07768101429206817,0.6820488434845187,0.6820488434845202,0.2569850482138559,0.026500340620402317,0.8580098301303826,0.858009830130383,0.06219553167290233,0.11803343360719622,0.07289544046964831,0.6536251366371232,0.6536251366371225,0.3013642198380621,0.01857176058330387,0.7578614877508008,0.7578614877508006,0.04902008636541414,0.11678609002119411,0.06958809453167167,0.6231598009361841,0.6231598009361835,0.33236149545941734,0.012549801613807305,0.693545890794001,0.6935458907940019,0.036838302812356026,0.11282243780348451,0.06715727277952518,0.5946539029849568,0.5946539029849572,0.35506228321380945,0.007878283777020106,0.6415566428519079,0.6415566428519083,0.02442768558469936,0.10755909507905295,0.06528008742314627,0.5690048325088732,0.5690048325088741,0.37233003478484633,0.004172546538430968,0.6017175349670304,0.6017175349670305,0.013001882145346566,0.10210545348337059
wclprice_hist_5_abs,0.30953096615151265,0.2087469501005961,0.04405798803420079,0.01032866744782586,0.003896851122735936,0.021682923212829823,0.3119730161871262,0.23492783476964513,0.23492783476964627,0.07197687712321567,0.0003250172978897518,0.044541209161717686,0.044541209161717825,0.8612816613825377,0.6662345334453047,0.31680607040193265,0.24620205603777023,0.2462020560377723,0.11064730616546908,0.015223188510777004,0.07775131837080801,0.07775131837080818,1.0,0.7681232938627615,0.3199207595405554,0.2404211785115084,0.24042117851150765,0.13004469462675633,0.0221656843187648,0.09414302514717483,0.09414302514717451,0.9543974964136117,0.7808428564182143,0.32217104907319055,0.2307958602634953,0.2307958602634981,0.1430844152024325,0.02617275978845492,0.10329668384961788,0.103296683849618,0.8859327190627698,0.7684606347502695,0.32388631041166666,0.21997110215822271,0.21997110215822502,0.15275099300044917,0.028845019811069978,0.11323034321635587,0.11323034321635592,0.8241051055944058,0.7523577894558237,0.3252356222314814,0.20886398711623674,0.20886398711623502,0.16030745454353,0.03077797222522172,0.11218243226770132,0.11218243226770043,0.7714382039659206,0.735889303931813,0.32631635669365594,0.1978510712597483,0.1978510712597486,0.16643010347369044,0.032250677663601984,0.10947057484101995,0.1094705748410193,0.7261795193399054,0.7205443819391735
wclprice_5_strength,0.20478424802077416,0.37464390943744447,0.17620684332207526,0.052299938735284046,0.055192633387098365,0.08446840270711756,0.20858882784958888,0.38159501708710764,0.38159501708710847,0.21482046713112027,0.09715272575848204,0.0974982721240015,0.09749827212400161,0.8343478706220048,0.9571760981855649,0.21497472189808656,0.3629694119751005,0.3629694119751026,0.2603674786312842,0.12865876278994542,0.11498203768084123,0.11498203768084128,0.7681232938627615,1.0,0.21866170511895386,0.34114866034531655,0.341148660345316,0.2835730828036611,0.14090199051795435,0.12136249476122998,0.12136249476122962,0.6843873080146553,0.9811406807494137,0.22115363512941633,0.3205273646025029,0.3205273646025037,0.29913338083727736,0.1477903803587757,0.12774128912591154,0.12774128912591157,0.617313124107465,0.9487182204502334,0.2229667938648861,0.30170874091663985,0.30170874091664146,0.31046192204880024,0.15231974606409823,0.13286433368310785,0.1328643336831079,0.5659823267582581,0.9190314847696652,0.22434725317151988,0.28461109023039044,0.28461109023038883,0.3191369884261086,0.1555577609826593,0.1318994213978609,0.13189942139786032,0.5245672693643382,0.8912626137553465,0.22542776408572496,0.2690110155578784,0.2690110155578794,0.32603120677467307,0.15799899182732993,0.12852427483284967,0.1285242748328492,0.4900310176430216,0.8660527939891624
wclprice_signal_8,0.9992698054105955,0.020424708138346095,0.005700701647704927,0.032168138729250964,0.07145061319818227,0.04134725528552912,0.9995207152949518,0.03022608312922946,0.03022608312922823,0.008443892565418644,0.001129546516017778,0.06227870885200855,0.06227870885200842,0.3098717451514143,0.22177156616695518,0.9999073291389333,0.05536119063623748,0.05536119063623044,0.013663491227795307,0.0022127964213900426,0.07768101429206832,0.07768101429206817,0.3199207595405554,0.21866170511895386,1.0,0.07690739204013784,0.07690739204013819,0.016926506122632662,0.0028459664850014796,0.08497672224885455,0.08497672224885623,0.3211010824486507,0.21983094724146168,0.9999363635687888,0.09630567054740373,0.09630567054739902,0.019314181439487217,0.003260173526510753,0.11339079021236968,0.11339079021236982,0.32044284177193255,0.22309257287226664,0.9997801109832086,0.1140444589417203,0.11404445894171661,0.0211520001257569,0.0035616296237610296,0.11229623400884088,0.11229623400884053,0.3196648730081193,0.22646385164533486,0.9995643720719076,0.13034279002139335,0.1303427900214011,0.02259187546657316,0.0037959212395816174,0.12248781146454543,0.1224878114645485,0.317857804895648,0.22889651268102285,0.9993078882336196,0.1453620310971846,0.14536203109718318,0.023728899260846186,0.003985458908571521,0.13510117193759835,0.13510117193759974,0.31437813104899065,0.23086976576136203
wclprice_signal_8_slope,0.1149461334956092,0.6436829442622397,0.007557811629685353,0.19427377513643446,0.21555930126653747,0.4520826986955512,0.10720508345688119,0.806290919338277,0.8062909193382777,0.04680084430960787,0.07966478063264812,0.5679259072360429,0.5679259072360433,0.25223194558912726,0.31091933504285396,0.08902608659961005,0.9735528754976293,0.9735528754976283,0.17330444908259507,0.07415379810618765,0.6820488434845186,0.6820488434845187,0.2404211785115084,0.34114866034531655,0.07690739204013784,1.0,1.0000000000000024,0.2573402269156333,0.06557912020761425,0.7007341821733628,0.7007341821733634,0.22744155273527134,0.3574816612642513,0.0684366622194069,0.9875938326002892,0.9875938326002892,0.3165254168754339,0.05832999819503065,0.6912234641112075,0.6912234641112075,0.21017122592322887,0.3591151650931826,0.062212772696861846,0.9624321526760694,0.9624321526760695,0.36015779715549157,0.05247073541428783,0.6733613404899743,0.6733613404899742,0.1906862006223229,0.35270309833596475,0.05744225766455082,0.9334748851669474,0.9334748851669464,0.39351722746311785,0.04772562064957014,0.6539879802668092,0.6539879802668097,0.17010912653932814,0.3422997606893525,0.05366051337807113,0.904186912413118,0.9041869124131217,0.419802708449168,0.04383922619606798,0.6334919163234903,0.6334919163234907,0.1499042046969246,0.3301847582015674
wclprice_hist_8,0.11494613349560939,0.6436829442622402,0.007557811629685319,0.19427377513643462,0.215559301266538,0.4520826986955518,0.10720508345688119,0.8062909193382789,0.8062909193382801,0.046800844309607986,0.07966478063264808,0.5679259072360412,0.5679259072360411,0.2522319455891272,0.31091933504285413,0.08902608659961023,0.9735528754976269,0.9735528754976253,0.17330444908259454,0.07415379810618768,0.6820488434845207,0.6820488434845202,0.24042117851150765,0.341148660345316,0.07690739204013819,1.0000000000000024,1.0,0.25734022691563346,0.06557912020761442,0.7007341821733605,0.7007341821733608,0.2274415527352706,0.35748166126425196,0.0684366622194073,0.9875938326002872,0.9875938326002887,0.3165254168754352,0.05832999819503081,0.691223464111205,0.6912234641112047,0.2101712259232285,0.35911516509318303,0.06221277269686212,0.9624321526760669,0.9624321526760687,0.3601577971554918,0.05247073541428771,0.673361340489976,0.6733613404899761,0.19068620062232178,0.35270309833596425,0.05744225766455115,0.9334748851669479,0.9334748851669468,0.39351722746311746,0.047725620649570026,0.653987980266806,0.6539879802668066,0.17010912653932733,0.3422997606893519,0.05366051337807141,0.9041869124131185,0.9041869124131188,0.419802708449167,0.04383922619606798,0.633491916323492,0.6334919163234919,0.14990420469692403,0.33018475820156745
wclprice_hist_8_slope,0.007002581245738468,0.9051634061997902,0.7507893070115017,0.38046030310615664,0.3816394383996389,0.5801124160398375,0.014244973329560984,0.747915327015924,0.7479153270159249,0.8913122597753657,0.44630467197396956,0.47387978312750767,0.4738797831275075,0.1501815177246246,0.26601348922903983,0.01821757996864467,0.41674338129380584,0.41674338129380556,0.9894698224851582,0.5928103902554415,0.25698504821385576,0.2569850482138559,0.13004469462675633,0.2835730828036611,0.016926506122632662,0.2573402269156333,0.25734022691563346,1.0,0.6463673437368458,0.14878681100714242,0.14878681100714242,0.08967427884449287,0.2524722477810887,0.015098215733781437,0.16892389948794737,0.16892389948794775,0.9963339189594539,0.6736310914973865,0.08390873188186329,0.08390873188186336,0.06530108239841968,0.22694233527718932,0.013417392019870591,0.11448845398637163,0.1144884539863714,0.989830448504843,0.6899691450373133,0.05113949944550942,0.05113949944550943,0.0463667378348794,0.2009700846921786,0.011981968033586182,0.07854013993723513,0.0785401399372351,0.9831851106192282,0.7007754439294328,0.030960371874971526,0.030960371874971533,0.031067344983851056,0.17778942965766895,0.010773220758788294,0.053575523664929646,0.0535755236649305,0.9770935859837909,0.7084157678037722,0.0185994929580638,0.018599492958063832,0.019850021552679523,0.15890813078402893
wclprice_hist_8_acceleration,0.005348594976472183,0.48305345143761147,0.989296478081914,0.2966700191461908,0.29809736164998535,0.2892908047539247,0.007281081177650779,0.19937056108920612,0.1993705610892064,0.9029773894219777,0.9539933955316194,0.10335089507673359,0.10335089507673366,0.08323548061350639,0.14981494607670948,0.00463381153791576,0.027019583557522767,0.027019583557522618,0.7233727016784053,0.9970876127709924,0.026500340620402334,0.026500340620402317,0.0221656843187648,0.14090199051795435,0.0028459664850014796,0.06557912020761425,0.06557912020761442,0.6463673437368458,1.0,0.051332101867372845,0.0513321018673729,0.011662645951386169,0.1096517165746334,0.0018827800098645542,0.07323896387034579,0.07323896387034555,0.6055394203678901,0.9992798679689772,0.05438252756397421,0.05438252756397424,0.022041420873823454,0.09291371212009249,0.0013201874592374389,0.07309887956810393,0.07309887956810442,0.5805950971155687,0.9981682334260114,0.047466609377930534,0.04746660937793057,0.024759634387558124,0.08283061886705606,0.0009663035524456585,0.07067782480533406,0.07067782480533416,0.56390310264988,0.9971541687573287,0.045700883791633104,0.045700883791633014,0.025297208545566132,0.07434482153565589,0.0007302743324079665,0.06765328213169715,0.06765328213169639,0.5520030848325475,0.9963014810370389,0.04076591561854373,0.040765915618543896,0.02368393375008992,0.06848208595762001
wclprice_hist_8_gt_0,0.11151745616252878,0.4260718425743615,0.015983865537715417,0.1765867812157341,0.19849661532366925,0.4483821157894011,0.10632817518893452,0.5424407141609134,0.5424407141609134,0.012295808704011387,0.05164956451305998,0.6014730409023837,0.6014730409023834,0.12645428780843662,0.11982526159425079,0.09363533528855114,0.674199283619673,0.6741992836196735,0.09139573185966092,0.054463260227338196,0.8580098301303828,0.8580098301303826,0.09414302514717483,0.12136249476122998,0.08497672224885455,0.7007341821733628,0.7007341821733605,0.14878681100714242,0.051332101867372845,1.0,1.0000000000000002,0.07993313865934927,0.12718276029961567,0.07891356693792893,0.695733505063567,0.6957335050635628,0.19053028605750083,0.04776605345191801,0.8943665597728306,0.8943665597728301,0.06780605111318264,0.128402599517272,0.07447989942809055,0.6797654016951825,0.6797654016951815,0.22173716426971649,0.044554793234537725,0.8237771731156817,0.8237771731156818,0.05538645776494522,0.12564415753388025,0.07109883771556483,0.6602776937509905,0.660277693750991,0.24571894871414648,0.04180214914462022,0.7663098083812552,0.7663098083812548,0.042207955732791985,0.12086523017994748,0.06842638450903109,0.640233146710815,0.6402331467108139,0.26462874916613793,0.03946870344757331,0.7201961647708274,0.7201961647708275,0.03008539552074185,0.11555679171017827
wclprice_hist_8_lt_0,0.11151745616253073,0.4260718425743618,0.015983865537715462,0.17658678121573418,0.19849661532366952,0.4483821157894011,0.10632817518893632,0.5424407141609134,0.5424407141609134,0.01229580870401138,0.05164956451306007,0.6014730409023833,0.6014730409023837,0.12645428780843632,0.1198252615942505,0.09363533528855303,0.6741992836196734,0.6741992836196736,0.09139573185966092,0.054463260227338356,0.8580098301303828,0.858009830130383,0.09414302514717451,0.12136249476122962,0.08497672224885623,0.7007341821733634,0.7007341821733608,0.14878681100714242,0.0513321018673729,1.0000000000000002,1.0,0.07993313865934891,0.12718276029961542,0.07891356693793079,0.695733505063567,0.6957335050635627,0.1905302860575009,0.047766053451918,0.8943665597728313,0.8943665597728312,0.06780605111318223,0.1284025995172717,0.07447989942809244,0.6797654016951827,0.6797654016951814,0.22173716426971643,0.04455479323453764,0.8237771731156819,0.8237771731156823,0.05538645776494492,0.12564415753388,0.07109883771556666,0.6602776937509908,0.6602776937509909,0.24571894871414635,0.04180214914462022,0.7663098083812556,0.7663098083812556,0.04220795573279177,0.12086523017994727,0.06842638450903288,0.6402331467108153,0.6402331467108138,0.2646287491661382,0.03946870344757333,0.7201961647708282,0.7201961647708282,0.03008539552074152,0.11555679171017791
wclprice_hist_8_abs,0.3112043480561023,0.17106553653530765,0.007052907504036289,0.01520454775486245,0.003073801674235956,0.006992792771528534,0.3133775786167518,0.20705845300724326,0.20705845300724462,0.02788604920253943,0.02210745030260216,0.02517374629037076,0.02517374629037097,0.7411944968573794,0.5653508497743223,0.31808568486331507,0.23141797720687823,0.23141797720688098,0.0674477823917648,0.016067673961542156,0.06219553167290205,0.06219553167290233,0.9543974964136117,0.6843873080146553,0.3211010824486507,0.22744155273527134,0.2274415527352706,0.08967427884449287,0.011662645951386169,0.07993313865934927,0.07993313865934891,1.0,0.7367182636728934,0.32322759266398027,0.21768132851050676,0.21768132851050895,0.1043561077383369,0.008667760140929195,0.08749675628457224,0.08749675628457233,0.977290487357287,0.7477645699482455,0.32482387752321507,0.20653324016954874,0.20653324016955002,0.11492828533443693,0.006510954927378982,0.09607986002572151,0.09607986002572157,0.9352226605657433,0.7432802347737887,0.32606883131733333,0.19522606978663634,0.19522606978663404,0.12298901279946861,0.0048852238172074946,0.09277559670986252,0.09277559670986153,0.8900455373724786,0.732817225133926,0.32706134997952124,0.18416385833619328,0.18416385833619367,0.12939248538574052,0.003616106266701895,0.09143663102677228,0.09143663102677166,0.8463778194283713,0.7204823952773228
wclprice_8_strength,0.20532328427183968,0.3571976733642124,0.14320624524788095,0.04876205244636829,0.05323946768047487,0.07913250925604709,0.2090728697657863,0.3758825240754125,0.3758825240754128,0.17902486046870877,0.07297781673340392,0.09360425914600463,0.09360425914600472,0.8158821788669283,0.9231931062115601,0.21580840589560654,0.3738902657279284,0.3738902657279299,0.22645354294819614,0.09903851786071434,0.11803343360719622,0.11803343360719622,0.7808428564182143,0.9811406807494137,0.21983094724146168,0.3574816612642513,0.35748166126425196,0.2524722477810887,0.1096517165746334,0.12718276029961567,0.12718276029961542,0.7367182636728934,1.0,0.22257662790877278,0.33899693772322814,0.338996937723229,0.2701126348661492,0.11584927375642654,0.1312001486330103,0.1312001486330103,0.6875565532948683,0.9896695128001943,0.22458689914709914,0.32108219357808276,0.32108219357808376,0.28296419231891373,0.12002325584267974,0.13508029297020668,0.1350802929702068,0.6423458674332295,0.9704092650286515,0.22612596030005178,0.30432724433965586,0.30432724433965364,0.2927932233284508,0.12305453673178694,0.13376252352332194,0.13376252352332116,0.602223995642745,0.9481104639164618,0.227337872103392,0.2887851268253994,0.28878512682540003,0.3005912762514667,0.1253650539458182,0.1313728109073301,0.13137281090732988,0.5667284656883076,0.9256347095791835
wclprice_signal_11,0.9988817914055282,0.01814655817548449,0.004517245879830375,0.03187866884298013,0.07084173886253699,0.039600295301878405,0.9991679574112644,0.026561496343620386,0.026561496343619113,0.006874884294527978,0.0006471519076479966,0.05948475479021658,0.05948475479021621,0.3123783963630215,0.224118587153142,0.9996982698524947,0.04867177791377382,0.04867177791376687,0.011736573243210284,0.0014149946802087673,0.07289544046964865,0.07289544046964831,0.32217104907319055,0.22115363512941633,0.9999363635687888,0.0684366622194069,0.0684366622194073,0.015098215733781437,0.0018827800098645542,0.07891356693792893,0.07891356693793079,0.32322759266398027,0.22257662790877278,1.0,0.08679557655184478,0.08679557655183999,0.017716495024050948,0.0022026319039864404,0.10653729310272653,0.10653729310272686,0.3224478293254072,0.22598127126424858,0.9999516171395086,0.1039352494325012,0.10393524943249739,0.019811498677124666,0.002447014163458021,0.10498888100770155,0.10498888100770114,0.32157272794557706,0.22945882041608853,0.9998270834284825,0.1199027524518544,0.11990275245186216,0.021499297120368223,0.002645207751230457,0.1149625160095908,0.11496251600959385,0.3196769617458798,0.2319524255952252,0.9996482085114018,0.13475925103596176,0.13475925103596048,0.022863928951576733,0.0028111068496700763,0.12747744410297912,0.12747744410298045,0.3160982593571752,0.23394791642120913
wclprice_signal_11_slope,0.13379765295602464,0.5682031035562126,0.031097372901972873,0.16400242763032216,0.18917698858931664,0.4030377639846205,0.12681592846554904,0.7288941009401645,0.7288941009401664,0.00462568261218893,0.07447869179191556,0.5192164949476665,0.5192164949476664,0.2460371574697251,0.2929772525922613,0.10913683427267053,0.9281903200759282,0.9281903200759278,0.09910430957244357,0.07667554962073851,0.6536251366371233,0.6536251366371232,0.2307958602634953,0.3205273646025029,0.09630567054740373,0.9875938326002892,0.9875938326002872,0.16892389948794737,0.07323896387034579,0.695733505063567,0.695733505063567,0.21768132851050676,0.33899693772322814,0.08679557655184478,1.0,0.9999999999999998,0.22147166685387418,0.06937668932912544,0.7055542188822633,0.705554218882263,0.20120976048673525,0.343206665207848,0.0795034960798368,0.9928231849780321,0.992823184978034,0.262035686130625,0.0658515571330352,0.700607960225974,0.7006079602259744,0.18346499587710635,0.34014565632188876,0.07373238362466075,0.9769103525657864,0.9769103525657847,0.2941231661942646,0.0627842148119817,0.6898672253116299,0.6898672253116299,0.16504901990748677,0.3329424140821378,0.06904336947862316,0.9571651049557675,0.9571651049557669,0.3200825043772379,0.06014765494271172,0.6757943888266299,0.6757943888266295,0.14677199355990697,0.3235607465985744
wclprice_hist_11,0.1337976529560195,0.5682031035562133,0.031097372901972575,0.1640024276303223,0.1891769885893161,0.4030377639846197,0.12681592846554426,0.7288941009401642,0.7288941009401663,0.0046256826121895515,0.07447869179191549,0.5192164949476654,0.5192164949476652,0.246037157469727,0.2929772525922617,0.10913683427266556,0.9281903200759263,0.928190320075927,0.09910430957244394,0.07667554962073833,0.6536251366371228,0.6536251366371225,0.2307958602634981,0.3205273646025037,0.09630567054739902,0.9875938326002892,0.9875938326002887,0.16892389948794775,0.07323896387034555,0.6957335050635628,0.6957335050635627,0.21768132851050895,0.338996937723229,0.08679557655183999,0.9999999999999998,1.0,0.22147166685387487,0.06937668932912512,0.7055542188822622,0.7055542188822621,0.20120976048673617,0.34320666520784926,0.07950349607983193,0.9928231849780303,0.9928231849780336,0.2620356861306258,0.06585155713303481,0.7006079602259716,0.7006079602259723,0.1834649958771077,0.3401456563218893,0.07373238362465596,0.9769103525657836,0.9769103525657832,0.2941231661942652,0.06278421481198145,0.6898672253116283,0.6898672253116283,0.16504901990748816,0.3329424140821388,0.06904336947861814,0.9571651049557678,0.957165104955765,0.32008250437723773,0.060147654942711265,0.6757943888266258,0.6757943888266258,0.1467719935599078,0.323560746598574
wclprice_hist_11_slope,0.007113407234800428,0.9282942909023396,0.7147440253540939,0.38423159105666643,0.38505807751288007,0.597984653355474,0.01479089744430792,0.7928649316848627,0.7928649316848624,0.8588213036064526,0.41099405166835923,0.5061710198099855,0.5061710198099854,0.1612527281840346,0.2793447337891946,0.02000679250285299,0.47918549814384476,0.47918549814384387,0.974195029343358,0.5523582153589194,0.30136421983806233,0.3013642198380621,0.1430844152024325,0.29913338083727736,0.019314181439487217,0.3165254168754339,0.3165254168754352,0.9963339189594539,0.6055394203678901,0.19053028605750083,0.1905302860575009,0.1043561077383369,0.2701126348661492,0.017716495024050948,0.22147166685387418,0.22147166685387487,1.0,0.6331605556846414,0.12024532727959415,0.12024532727959418,0.07992184661785064,0.2451014999135319,0.016088251935672888,0.16050964569346446,0.1605096456934645,0.9983109789485447,0.6499555405156031,0.08241466816797284,0.08241466816797295,0.060012916189120205,0.21876672608264086,0.01462000138117864,0.11886724925192017,0.11886724925192026,0.9949641071306013,0.6611849409298562,0.05823071429679228,0.058230714296792024,0.04324950797657532,0.19484314528029179,0.0133380436609192,0.08909268314343359,0.08909268314343406,0.991218676680033,0.6691900358262948,0.042304816331625104,0.04230481633162508,0.03044841432549768,0.17504672998947038
wclprice_hist_11_acceleration,0.005483481138038296,0.5078341176187688,0.9938869263223756,0.3040991008031395,0.3055856836337871,0.30554242491487044,0.007655809710090531,0.22414431879575664,0.2241443187957568,0.9181848850516648,0.9435703638344091,0.11940916295415567,0.11940916295415563,0.08607563071292844,0.15573695662608822,0.005136966589229153,0.01332738468761637,0.013327384687616224,0.7486735384489303,0.9935495274855453,0.018571760583303815,0.01857176058330387,0.02617275978845492,0.1477903803587757,0.003260173526510753,0.05832999819503065,0.05832999819503081,0.6736310914973865,0.9992798679689772,0.04776605345191801,0.047766053451918,0.008667760140929195,0.11584927375642654,0.0022026319039864404,0.06937668932912544,0.06937668932912512,0.6331605556846414,1.0,0.0533247667820412,0.053324766782041164,0.019912692780714215,0.09835801898296478,0.0015649205744707982,0.0711402305180322,0.07114023051803256,0.6081524008142655,0.9997416529480871,0.04766248584796704,0.04766248584796711,0.023381535122217686,0.08735794548994327,0.001153848082238562,0.06985546254010386,0.06985546254010389,0.5912822121110776,0.9992845784564905,0.046424022927819164,0.04642402292781911,0.0244883982515955,0.0780983950376696,0.0008742558734386425,0.06754127910134684,0.06754127910134594,0.5791831882328669,0.9988210279773369,0.04179810396000731,0.04179810396000732,0.023296129103539676,0.07161035357641489
wclprice_hist_11_gt_0,0.1394625685005612,0.37050711597121044,0.03103171424333772,0.1433373502300775,0.1690698295046944,0.39246782304681793,0.13484827506111763,0.48460131931552414,0.4846013193155238,0.01690451218464479,0.04531585695036533,0.5244060199241263,0.5244060199241262,0.13607347126218838,0.12814236099733944,0.12257453927442193,0.6394218351792866,0.6394218351792864,0.03785664046013905,0.05380346033071729,0.7578614877508009,0.7578614877508008,0.10329668384961788,0.12774128912591154,0.11339079021236968,0.6912234641112075,0.691223464111205,0.08390873188186329,0.05438252756397421,0.8943665597728306,0.8943665597728313,0.08749675628457224,0.1312001486330103,0.10653729310272653,0.7055542188822633,0.7055542188822622,0.12024532727959415,0.0533247667820412,1.0,0.9999999999999996,0.07453438899973962,0.13099912134092237,0.10129276992430072,0.703571455817077,0.7035714558170769,0.14894493098717715,0.05187035401854131,0.9258957336089172,0.925895733608917,0.06404768504034017,0.12994075814976633,0.09716219994069351,0.6940928811411244,0.6940928811411241,0.17190886731795532,0.05039291025147997,0.8638599766223043,0.8638599766223044,0.05256280704951486,0.12645450126247706,0.09382316227607507,0.6812130254903818,0.6812130254903812,0.19059070002767792,0.04901472860743872,0.8150309532703468,0.8150309532703466,0.04163685603996856,0.12208836606265129
wclprice_hist_11_lt_0,0.13946256850056155,0.3705071159712103,0.031031714243337713,0.14333735023007763,0.1690698295046948,0.3924678230468178,0.13484827506111793,0.48460131931552425,0.48460131931552347,0.01690451218464478,0.045315856950365344,0.5244060199241263,0.5244060199241259,0.1360734712621886,0.12814236099733953,0.1225745392744223,0.6394218351792866,0.6394218351792862,0.03785664046013906,0.053803460330717215,0.7578614877508006,0.7578614877508006,0.103296683849618,0.12774128912591157,0.11339079021236982,0.6912234641112075,0.6912234641112047,0.08390873188186336,0.05438252756397424,0.8943665597728301,0.8943665597728312,0.08749675628457233,0.1312001486330103,0.10653729310272686,0.705554218882263,0.7055542188822621,0.12024532727959418,0.053324766782041164,0.9999999999999996,1.0,0.0745343889997398,0.13099912134092234,0.1012927699243009,0.7035714558170767,0.7035714558170769,0.14894493098717712,0.0518703540185413,0.9258957336089164,0.9258957336089167,0.06404768504034046,0.12994075814976644,0.09716219994069378,0.6940928811411247,0.6940928811411241,0.17190886731795524,0.05039291025147993,0.8638599766223035,0.8638599766223041,0.05256280704951508,0.12645450126247704,0.09382316227607541,0.6812130254903817,0.6812130254903812,0.1905907000276779,0.0490147286074386,0.8150309532703466,0.8150309532703467,0.041636856039968764,0.12208836606265139
wclprice_hist_11_abs,0.31121035388262014,0.14416597323205932,0.006592934004235002,0.01899956674336793,0.002761991093644633,0.0005452912820496636,0.31313763623342655,0.1816459020541869,0.18164590205418715,0.008213408212468637,0.025538556836292192,0.014124571844656214,0.014124571844656339,0.6651224813932171,0.5021775203865736,0.3175730594140016,0.21211981172133718,0.21211981172134034,0.043456893576060335,0.024607226971718278,0.04902008636541404,0.04902008636541414,0.8859327190627698,0.617313124107465,0.32044284177193255,0.21017122592322887,0.2101712259232285,0.06530108239841968,0.022041420873823454,0.06780605111318264,0.06780605111318223,0.977290487357287,0.6875565532948683,0.3224478293254072,0.20120976048673525,0.20120976048673617,0.07992184661785064,0.019912692780714215,0.07453438899973962,0.0745343889997398,1.0,0.7194255155568811,0.3239425082201432,0.1905756064206894,0.19057560642069132,0.090411109679586,0.018248584985765027,0.08212142721258747,0.0821214272125875,0.9864004583918786,0.7290889229572501,0.3251043191655641,0.17973277378043162,0.17973277378042915,0.0983537632140451,0.016939961717168096,0.0761486159827525,0.07614861598275179,0.9579976911877126,0.728029628933042,0.3260296439871757,0.16913713961632174,0.1691371396163222,0.10462153472269956,0.015892699209791902,0.07475795977459247,0.07475795977459186,0.9243429823191873,0.7220908429114126
wclprice_11_strength,0.20851031716437615,0.3376974200919328,0.12383409581512655,0.0448643726809711,0.05035828263869453,0.07408126999421467,0.21212508526077115,0.361773641977228,0.3617736419772286,0.15553686798739222,0.062122547381482464,0.08920185599201763,0.0892018559920178,0.7978589143128646,0.8902481139588685,0.218917168126666,0.3707256784317176,0.370725678431719,0.20058437139878238,0.08386854277324644,0.1167860900211941,0.11678609002119411,0.7684606347502695,0.9487182204502334,0.22309257287226664,0.3591151650931826,0.35911516509318303,0.22694233527718932,0.09291371212009249,0.128402599517272,0.1284025995172717,0.7477645699482455,0.9896695128001943,0.22598127126424858,0.343206665207848,0.34320666520784926,0.2451014999135319,0.09835801898296478,0.13099912134092237,0.13099912134092234,0.7194255155568811,1.0,0.2281188376946559,0.3268913353843028,0.3268913353843032,0.25841115044157525,0.10209901744707513,0.13419868778020297,0.13419868778020314,0.6860784488975291,0.9937198957066347,0.22977075467439487,0.31120383348430625,0.311203833484305,0.2686279423884346,0.10485155685828873,0.13205725219721132,0.13205725219721046,0.6525011055706199,0.9799598042594531,0.23108291954556012,0.2963996854901719,0.2963996854901722,0.2767568350603618,0.10696860166438077,0.1301692413987827,0.13016924139878214,0.6205091011229149,0.963181521100083
wclprice_signal_14,0.998487604261176,0.01673995650742758,0.003708780119673061,0.03182569816044448,0.07044772128518426,0.03848133211735869,0.9987961877972319,0.024223089984973797,0.02422308998497257,0.005744039829387175,0.00039711990359823733,0.05763095612562179,0.05763095612562155,0.314298755856585,0.22582808991567077,0.999427844606647,0.04403553980231597,0.044035539802308996,0.01015058413046586,0.0009703059021833962,0.06958809453167179,0.06958809453167167,0.32388631041166666,0.2229667938648861,0.9997801109832086,0.062212772696861846,0.06221277269686212,0.013417392019870591,0.0013201874592374389,0.07447989942809055,0.07447989942809244,0.32482387752321507,0.22458689914709914,0.9999516171395086,0.0795034960798368,0.07950349607983193,0.016088251935672888,0.0015649205744707982,0.10129276992430072,0.1012927699243009,0.3239425082201432,0.2281188376946559,1.0,0.09592829139237588,0.09592829139237208,0.01829512248403016,0.0017594532725470412,0.09921124225881288,0.09921124225881267,0.32299487022562196,0.23170381514129354,0.9999609296568476,0.11142042622464471,0.11142042622465254,0.020115518830801572,0.0019233701256549034,0.1088651209344229,0.10886512093442573,0.3210428120796589,0.23427412377710582,0.9998573277660833,0.12596594617430015,0.12596594617429896,0.021616379746990235,0.0020649641310274253,0.12116929537054433,0.12116929537054555,0.3174009858936432,0.2363155049493673
wclprice_signal_14_slope,0.15050697376899216,0.5140240554158764,0.041386214222883,0.14277542084662823,0.1716487381991966,0.36754896367082596,0.14411315030170896,0.6690890786420512,0.6690890786420527,0.01655634990466676,0.06850837793117162,0.481152829555923,0.48115282955592314,0.2370338598291891,0.2760886184540117,0.1271155794168097,0.8822788437547718,0.8822788437547718,0.05629892507558167,0.0739181872267493,0.623159800936184,0.6231598009361841,0.21997110215822271,0.30170874091663985,0.1140444589417203,0.9624321526760694,0.9624321526760669,0.11448845398637163,0.07309887956810393,0.6797654016951825,0.6797654016951827,0.20653324016954874,0.32108219357808276,0.1039352494325012,0.9928231849780321,0.9928231849780303,0.16050964569346446,0.0711402305180322,0.703571455817077,0.7035714558170767,0.1905756064206894,0.3268913353843028,0.09592829139237588,1.0,1.0000000000000004,0.19731512133003462,0.06901471774176439,0.7088639552768178,0.7088639552768179,0.17404945718499903,0.3260939643724643,0.08942925559046942,0.9953303429100663,0.995330342910064,0.22722174448586946,0.0670012003276009,0.7056692970280599,0.7056692970280604,0.15726777829715502,0.32121302262398294,0.08404167989724017,0.9843800602869156,0.9843800602869149,0.2519374276772118,0.06517758991727134,0.6977239166815794,0.6977239166815788,0.1405305811696903,0.3139204321535498
wclprice_hist_14,0.1505069737689887,0.514024055415876,0.04138621422288365,0.14277542084662725,0.17164873819919596,0.36754896367082535,0.14411315030170482,0.6690890786420537,0.6690890786420544,0.016556349904667228,0.06850837793117201,0.4811528295559244,0.4811528295559246,0.2370338598291907,0.276088618454014,0.12711557941680587,0.8822788437547728,0.8822788437547715,0.05629892507558121,0.07391818722674963,0.6231598009361833,0.6231598009361835,0.21997110215822502,0.30170874091664146,0.11404445894171661,0.9624321526760695,0.9624321526760687,0.1144884539863714,0.07309887956810442,0.6797654016951815,0.6797654016951814,0.20653324016955002,0.32108219357808376,0.10393524943249739,0.992823184978034,0.9928231849780336,0.1605096456934645,0.07114023051803256,0.7035714558170769,0.7035714558170769,0.19057560642069132,0.3268913353843032,0.09592829139237208,1.0000000000000004,1.0,0.19731512133003398,0.069014717741765,0.7088639552768172,0.7088639552768174,0.17404945718500114,0.3260939643724664,0.0894292555904656,0.9953303429100704,0.9953303429100683,0.22722174448586965,0.06700120032760144,0.7056692970280586,0.7056692970280594,0.15726777829715713,0.3212130226239855,0.08404167989723625,0.9843800602869166,0.9843800602869169,0.2519374276772113,0.06517758991727171,0.6977239166815805,0.6977239166815803,0.14053058116969117,0.3139204321535515
wclprice_hist_14_slope,0.00727240658656281,0.9423367160071046,0.6919063485762837,0.3863272530724086,0.3868303194968036,0.6089493799836996,0.015224761503788552,0.8212559625110218,0.821255962511022,0.836737575403638,0.3906408880104401,0.5267102397279673,0.5267102397279669,0.17025785660233458,0.28936690020730554,0.02132791475887067,0.5224142093976228,0.522414209397623,0.9607549029019795,0.5281282139796329,0.3323614954594171,0.33236149545941734,0.15275099300044917,0.31046192204880024,0.0211520001257569,0.36015779715549157,0.3601577971554918,0.989830448504843,0.5805950971155687,0.22173716426971649,0.22173716426971643,0.11492828533443693,0.28296419231891373,0.019811498677124666,0.262035686130625,0.2620356861306258,0.9983109789485447,0.6081524008142655,0.14894493098717715,0.14894493098717712,0.090411109679586,0.25841115044157525,0.01829512248403016,0.19731512133003462,0.19731512133003398,1.0,0.6250567477976524,0.10823990663848444,0.10823990663848443,0.0699251914397211,0.23199054845984599,0.01685853215469433,0.15204154842784023,0.15204154842784023,0.9990877099042461,0.6364377393941671,0.08148208082586934,0.08148208082586932,0.05228005154559949,0.20768338508271963,0.015563669708076409,0.1189937717273938,0.11899377172739461,0.9971456721527039,0.6445955130665996,0.06308985825283801,0.06308985825283804,0.03849943593723833,0.18734809201472533
wclprice_hist_14_acceleration,0.0055592925618833805,0.5233506474727437,0.9960490512185491,0.3088100266674727,0.31032785182408296,0.3158004463678878,0.00788725936078712,0.24022113476422124,0.24022113476422094,0.9264993736134731,0.9371088098482487,0.12992282947661968,0.12992282947661968,0.08801279854740271,0.15962586363279815,0.005480247654594064,0.0033811379911241795,0.0033811379911240676,0.7634406898569753,0.9908225672912814,0.012549801613807268,0.012549801613807305,0.028845019811069978,0.15231974606409823,0.0035616296237610296,0.05247073541428783,0.05247073541428771,0.6899691450373133,0.9981682334260114,0.044554793234537725,0.04455479323453764,0.006510954927378982,0.12002325584267974,0.002447014163458021,0.0658515571330352,0.06585155713303481,0.6499555405156031,0.9997416529480871,0.05187035401854131,0.0518703540185413,0.018248584985765027,0.10209901744707513,0.0017594532725470412,0.06901471774176439,0.069014717741765,0.6250567477976524,1.0,0.04716601038306006,0.0471660103830601,0.022187709268746254,0.09054163389020242,0.0013081557588411972,0.0686126637286566,0.06861266372865664,0.6081722739415668,0.9998853107582306,0.04639435510050356,0.046394355100503534,0.023683748835719744,0.08079645332410551,0.000996597707237524,0.06687859886207885,0.06687859886207809,0.59601396940909,0.999663529297112,0.04206896979424666,0.0420689697942467,0.022798062067766925,0.07390668419411664
wclprice_hist_14_gt_0,0.13768753296180003,0.3366978675544773,0.03131140938290242,0.12304126110363306,0.1500168160621335,0.3521286530057884,0.13346383223949673,0.44414419595867,0.4441441959586716,0.023412136099647932,0.03715857554709538,0.4760471706681602,0.4760471706681602,0.14438878123794738,0.13347688083900033,0.12167211781375531,0.6068123632737283,0.6068123632737285,0.014245604649136578,0.045376634330348185,0.6935458907940012,0.693545890794001,0.11323034321635587,0.13286433368310785,0.11229623400884088,0.6733613404899743,0.673361340489976,0.05113949944550942,0.047466609377930534,0.8237771731156817,0.8237771731156819,0.09607986002572151,0.13508029297020668,0.10498888100770155,0.700607960225974,0.7006079602259716,0.08241466816797284,0.04766248584796704,0.9258957336089172,0.9258957336089164,0.08212142721258747,0.13419868778020297,0.09921124225881288,0.7088639552768178,0.7088639552768172,0.10823990663848444,0.04716601038306006,1.0,1.0,0.07099942081845438,0.13241448592261906,0.094546779809339,0.7072681472476297,0.7072681472476312,0.12957517375946934,0.04642291900099441,0.9378339556329996,0.9378339556329992,0.05953642939026603,0.12904732605400032,0.09070551492819628,0.7003945620337022,0.7003945620337023,0.14736806612261263,0.04561683202670757,0.8871664836627259,0.8871664836627255,0.04830651788990053,0.12462182856102487
wclprice_hist_14_lt_0,0.13768753296179978,0.3366978675544774,0.031311409382902465,0.12304126110363303,0.15001681606213343,0.3521286530057884,0.1334638322394964,0.4441441959586701,0.4441441959586719,0.023412136099647974,0.037158575547095396,0.47604717066816027,0.4760471706681601,0.14438878123794738,0.13347688083900042,0.121672117813755,0.6068123632737285,0.6068123632737286,0.014245604649136545,0.04537663433034815,0.6935458907940016,0.6935458907940019,0.11323034321635592,0.1328643336831079,0.11229623400884053,0.6733613404899742,0.6733613404899761,0.05113949944550943,0.04746660937793057,0.8237771731156818,0.8237771731156823,0.09607986002572157,0.1350802929702068,0.10498888100770114,0.7006079602259744,0.7006079602259723,0.08241466816797295,0.04766248584796711,0.925895733608917,0.9258957336089167,0.0821214272125875,0.13419868778020314,0.09921124225881267,0.7088639552768179,0.7088639552768174,0.10823990663848443,0.0471660103830601,1.0,1.0,0.07099942081845438,0.1324144859226192,0.09454677980933865,0.7072681472476303,0.7072681472476317,0.1295751737594693,0.04642291900099446,0.9378339556329998,0.9378339556329992,0.059536429390266044,0.12904732605400038,0.09070551492819606,0.7003945620337029,0.7003945620337028,0.14736806612261288,0.04561683202670757,0.8871664836627262,0.8871664836627259,0.04830651788990066,0.12462182856102488
wclprice_hist_14_abs,0.3111819426143979,0.12059959187131811,0.01256701605238212,0.021478278989936105,0.0030411658678578504,0.005583088709584012,0.31286467200650175,0.15637944720430055,0.15637944720430139,0.0025982358610246504,0.024076751082884196,0.006002204234574596,0.006002204234574784,0.6136203030906888,0.459844337864979,0.31694835991755826,0.1899348416092542,0.18993484160925628,0.026572171562808593,0.025971426782721817,0.036838302812355894,0.036838302812356026,0.8241051055944058,0.5659823267582581,0.3196648730081193,0.1906862006223229,0.19068620062232178,0.0463667378348794,0.024759634387558124,0.05538645776494522,0.05538645776494492,0.9352226605657433,0.6423458674332295,0.32157272794557706,0.18346499587710635,0.1834649958771077,0.060012916189120205,0.023381535122217686,0.06404768504034017,0.06404768504034046,0.9864004583918786,0.6860784488975291,0.32299487022562196,0.17404945718499903,0.17404945718500114,0.0699251914397211,0.022187709268746254,0.07099942081845438,0.07099942081845438,1.0,0.7083746247071154,0.3240986756285016,0.16413694807423618,0.16413694807423443,0.07747543653991745,0.021199900798891107,0.06279892647741016,0.06279892647740928,0.9909410567708352,0.7170623608541058,0.32497623147282073,0.15429949281599153,0.15429949281599267,0.08345125109546161,0.020385113122959136,0.06104023763460232,0.06104023763460165,0.970601698255066,0.7183605310459816
wclprice_14_strength,0.2121149187852986,0.31430777704602925,0.11013842251797779,0.04085115920828649,0.04695272260244247,0.06849435029472913,0.2155280644778834,0.3407387732501512,0.34073877325015206,0.1361598941301744,0.05818357853949959,0.08380175698757102,0.08380175698757118,0.7854865218561238,0.8655058847149658,0.22221183241712156,0.3589079866717389,0.35890798667174034,0.17583768358300875,0.07554641422403878,0.11282243780348444,0.11282243780348451,0.7523577894558237,0.9190314847696652,0.22646385164533486,0.35270309833596475,0.35270309833596425,0.2009700846921786,0.08283061886705606,0.12564415753388025,0.12564415753388,0.7432802347737887,0.9704092650286515,0.22945882041608853,0.34014565632188876,0.3401456563218893,0.21876672608264086,0.08735794548994327,0.12994075814976633,0.12994075814976644,0.7290889229572501,0.9937198957066347,0.23170381514129354,0.3260939643724643,0.3260939643724664,0.23199054845984599,0.09054163389020242,0.13241448592261906,0.1324144859226192,0.7083746247071154,1.0,0.23345638134439636,0.31201010608605945,0.3120101060860578,0.2422345895601279,0.09292097544847923,0.12941314567136117,0.12941314567136047,0.6833561413570781,0.9956565082880151,0.23486025593364795,0.29837450316542596,0.29837450316542713,0.2504417574413771,0.09477137738468452,0.1279313291656705,0.12793132916567004,0.6569190105874263,0.9856930907120899
wclprice_signal_17,0.9980898451258775,0.015778315038683592,0.0031279203328101507,0.031877875051370845,0.07014466721753741,0.03767498850754828,0.9984139801620691,0.022593904721489796,0.022593904721488586,0.004905673742197944,0.0002523689760647457,0.05627897413938848,0.05627897413938823,0.31580933313583986,0.2271248797035073,0.9991208528481781,0.040626708280480164,0.04062670828047326,0.008878972612842689,0.0006999678682096531,0.06715727277952564,0.06715727277952518,0.3252356222314814,0.22434725317151988,0.9995643720719076,0.05744225766455082,0.05744225766455115,0.011981968033586182,0.0009663035524456585,0.07109883771556483,0.07109883771556666,0.32606883131733333,0.22612596030005178,0.9998270834284825,0.07373238362466075,0.07373238362465596,0.01462000138117864,0.001153848082238562,0.09716219994069351,0.09716219994069378,0.3251043191655641,0.22977075467439487,0.9999609296568476,0.08942925559046942,0.0894292555904656,0.01685853215469433,0.0013081557588411972,0.094546779809339,0.09454677980933865,0.3240986756285016,0.23345638134439636,1.0,0.10439351497871949,0.10439351497872734,0.018741855872227563,0.0014430061836467277,0.10384659835371858,0.10384659835372134,0.3221052835500352,0.23610586280385723,0.9999671832774936,0.11855771551985528,0.118557715519854,0.020319986173544725,0.0015630628881811814,0.11588409355476668,0.11588409355476811,0.31841675852916074,0.23820172914475138
wclprice_signal_17_slope,0.1656356815718177,0.4728165704823511,0.04616501298997822,0.12692595250842031,0.15925392038742747,0.3406552832620743,0.15971030299740668,0.6215378560839082,0.6215378560839092,0.028250317677490016,0.06323427683978383,0.4508633775359825,0.4508633775359822,0.22685396227265234,0.2604226411168173,0.14341252893542697,0.8400071689340453,0.8400071689340455,0.02949982759038216,0.07006372827597881,0.594653902984957,0.5946539029849568,0.20886398711623674,0.28461109023039044,0.13034279002139335,0.9334748851669474,0.9334748851669479,0.07854013993723513,0.07067782480533406,0.6602776937509905,0.6602776937509908,0.19522606978663634,0.30432724433965586,0.1199027524518544,0.9769103525657864,0.9769103525657836,0.11886724925192017,0.06985546254010386,0.6940928811411244,0.6940928811411247,0.17973277378043162,0.31120383348430625,0.11142042622464471,0.9953303429100663,0.9953303429100704,0.15204154842784023,0.0686126637286566,0.7072681472476297,0.7072681472476303,0.16413694807423618,0.31201010608605945,0.10439351497871949,1.0,0.9999999999999998,0.17959078561791736,0.06729053772667892,0.7103257566752246,0.7103257566752248,0.14860566758495336,0.30886856361721765,0.09847061749882434,0.9967216760144626,0.9967216760144646,0.2027616476712785,0.0660165078719822,0.7078320336805805,0.7078320336805801,0.13307139145559524,0.3032021276782486
wclprice_hist_17,0.165635681571825,0.47281657048235004,0.04616501298997808,0.12692595250842043,0.1592539203874279,0.340655283262074,0.15971030299741434,0.6215378560839077,0.6215378560839084,0.02825031767748996,0.06323427683978398,0.45086337753598266,0.45086337753598255,0.2268539622726506,0.2604226411168149,0.14341252893543496,0.8400071689340448,0.8400071689340446,0.02949982759038208,0.07006372827597884,0.594653902984957,0.5946539029849572,0.20886398711623502,0.28461109023038883,0.1303427900214011,0.9334748851669464,0.9334748851669468,0.0785401399372351,0.07067782480533416,0.660277693750991,0.6602776937509909,0.19522606978663404,0.30432724433965364,0.11990275245186216,0.9769103525657847,0.9769103525657832,0.11886724925192026,0.06985546254010389,0.6940928811411241,0.6940928811411241,0.17973277378042915,0.311203833484305,0.11142042622465254,0.995330342910064,0.9953303429100683,0.15204154842784023,0.06861266372865664,0.7072681472476312,0.7072681472476317,0.16413694807423443,0.3120101060860578,0.10439351497872734,0.9999999999999998,1.0,0.17959078561791736,0.0672905377266789,0.7103257566752237,0.7103257566752244,0.14860566758495114,0.3088685636172153,0.09847061749883193,0.9967216760144622,0.9967216760144628,0.202761647671278,0.06601650787198234,0.7078320336805788,0.7078320336805787,0.13307139145559377,0.3032021276782467
wclprice_hist_17_slope,0.007428601472685448,0.9517479372693014,0.6761854723522952,0.3875894259705471,0.38782619504853644,0.6162855455123233,0.01556995222800443,0.8407748844959062,0.8407748844959063,0.8208861927948926,0.377505701384527,0.5408657713886077,0.5408657713886076,0.17764643032180885,0.29719032029166903,0.022333842269944153,0.5540194494147203,0.5540194494147191,0.949685060630332,0.5121253094987164,0.3550622832138094,0.35506228321380945,0.16030745454353,0.3191369884261086,0.02259187546657316,0.39351722746311785,0.39351722746311746,0.9831851106192282,0.56390310264988,0.24571894871414648,0.24571894871414635,0.12298901279946861,0.2927932233284508,0.021499297120368223,0.2941231661942646,0.2941231661942652,0.9949641071306013,0.5912822121110776,0.17190886731795532,0.17190886731795524,0.0983537632140451,0.2686279423884346,0.020115518830801572,0.22722174448586946,0.22722174448586965,0.9990877099042461,0.6081722739415668,0.12957517375946934,0.1295751737594693,0.07747543653991745,0.2422345895601279,0.018741855872227563,0.17959078561791736,0.17959078561791736,1.0,0.6195965991063864,0.1011546849209687,0.10115468492096841,0.05925222500439388,0.21772429820018158,0.017467532862014436,0.14427682106533934,0.14427682106534018,0.9994528772743317,0.6278167342553284,0.08102880318917813,0.08102880318917813,0.044822025506931706,0.19705409832065707
wclprice_hist_17_acceleration,0.005610882386690864,0.5339961316467349,0.9972377609123055,0.3120634620597943,0.31359628912796567,0.3228793457653845,0.008048054742582206,0.2515017289212598,0.25150172892126005,0.9316674297248821,0.9327518794380764,0.13734413801284645,0.13734413801284642,0.08945801782829191,0.16241317936504251,0.005733935443381021,0.004134618549750194,0.004134618549750273,0.7730302018823384,0.9887761185222607,0.007878283777020113,0.007878283777020106,0.03077797222522172,0.1555577609826593,0.0037959212395816174,0.04772562064957014,0.047725620649570026,0.7007754439294328,0.9971541687573287,0.04180214914462022,0.04180214914462022,0.0048852238172074946,0.12305453673178694,0.002645207751230457,0.0627842148119817,0.06278421481198145,0.6611849409298562,0.9992845784564905,0.05039291025147997,0.05039291025147993,0.016939961717168096,0.10485155685828873,0.0019233701256549034,0.0670012003276009,0.06700120032760144,0.6364377393941671,0.9998853107582306,0.04642291900099441,0.04642291900099446,0.021199900798891107,0.09292097544847923,0.0014430061836467277,0.06729053772667892,0.0672905377266789,0.6195965991063864,1.0,0.04604051146162748,0.046040511461627465,0.02297568725354208,0.08284252869222448,0.001107510208955543,0.06602715253577343,0.0660271525357726,0.6074351211067653,0.9999415115506382,0.04197838040039082,0.04197838040039079,0.02231841847572168,0.07567218894676292
wclprice_hist_17_gt_0,0.14709921444171858,0.3121947807191033,0.033641854623682674,0.11861399260575853,0.1469334859618143,0.324082672133114,0.14316043237238385,0.41523428356499,0.41523428356499026,0.02900807538381534,0.03473051033575064,0.44096023354592645,0.44096023354592606,0.14299551799947902,0.1318489330884107,0.13184495902958263,0.5792353055336832,0.5792353055336813,0.00022188377321354604,0.043141715819052844,0.6415566428519076,0.6415566428519079,0.11218243226770132,0.1318994213978609,0.12248781146454543,0.6539879802668092,0.653987980266806,0.030960371874971526,0.045700883791633104,0.7663098083812552,0.7663098083812556,0.09277559670986252,0.13376252352332194,0.1149625160095908,0.6898672253116299,0.6898672253116283,0.05823071429679228,0.046424022927819164,0.8638599766223043,0.8638599766223035,0.0761486159827525,0.13205725219721132,0.1088651209344229,0.7056692970280599,0.7056692970280586,0.08148208082586934,0.04639435510050356,0.9378339556329996,0.9378339556329998,0.06279892647741016,0.12941314567136117,0.10384659835371858,0.7103257566752246,0.7103257566752237,0.1011546849209687,0.04604051146162748,1.0,1.0000000000000009,0.052630511358127845,0.1262908145766736,0.09964960928354932,0.70853941656996,0.7085394165699604,0.11787080296044648,0.04555465612044669,0.9493661580293886,0.9493661580293882,0.042738939547989636,0.12244490464797753
wclprice_hist_17_lt_0,0.1470992144417212,0.3121947807191032,0.033641854623682514,0.11861399260575846,0.14693348596181494,0.3240826721331137,0.14316043237238696,0.4152342835649898,0.41523428356499026,0.029008075383815363,0.03473051033575057,0.44096023354592684,0.4409602335459265,0.14299551799947804,0.1318489330884101,0.13184495902958573,0.5792353055336834,0.5792353055336816,0.0002218837732135518,0.04314171581905297,0.6415566428519079,0.6415566428519083,0.11218243226770043,0.13189942139786032,0.1224878114645485,0.6539879802668097,0.6539879802668066,0.030960371874971533,0.045700883791633014,0.7663098083812548,0.7663098083812556,0.09277559670986153,0.13376252352332116,0.11496251600959385,0.6898672253116299,0.6898672253116283,0.058230714296792024,0.04642402292781911,0.8638599766223044,0.8638599766223041,0.07614861598275179,0.13205725219721046,0.10886512093442573,0.7056692970280604,0.7056692970280594,0.08148208082586932,0.046394355100503534,0.9378339556329992,0.9378339556329992,0.06279892647740928,0.12941314567136047,0.10384659835372134,0.7103257566752248,0.7103257566752244,0.10115468492096841,0.046040511461627465,1.0000000000000009,1.0,0.05263051135812717,0.12629081457667293,0.0996496092835524,0.7085394165699606,0.7085394165699616,0.11787080296044655,0.04555465612044674,0.9493661580293883,0.9493661580293871,0.042738939547988894,0.12244490464797676
wclprice_hist_17_abs,0.3101700654277366,0.09943159616952768,0.015958207822178643,0.02426508700265163,0.002506476175400704,0.010887330626647478,0.3116193885532523,0.1323199697565522,0.13231996975655283,0.009390929647459067,0.022363521010483552,0.0021903693575871393,0.0021903693575869897,0.5752715217734171,0.42759938994374846,0.3153101746373708,0.16671069786579526,0.1667106978657976,0.013987777923107339,0.025629709549016395,0.0244276855846992,0.02442768558469936,0.7714382039659206,0.5245672693643382,0.317857804895648,0.17010912653932814,0.17010912653932733,0.031067344983851056,0.025297208545566132,0.042207955732791985,0.04220795573279177,0.8900455373724786,0.602223995642745,0.3196769617458798,0.16504901990748677,0.16504901990748816,0.04324950797657532,0.0244883982515955,0.05256280704951486,0.05256280704951508,0.9579976911877126,0.6525011055706199,0.3210428120796589,0.15726777829715502,0.15726777829715713,0.05228005154559949,0.023683748835719744,0.05953642939026603,0.059536429390266044,0.9909410567708352,0.6833561413570781,0.3221052835500352,0.14860566758495336,0.14860566758495114,0.05925222500439388,0.02297568725354208,0.052630511358127845,0.05263051135812717,1.0,0.7006590312561328,0.3229494721909716,0.13975197490066568,0.13975197490066738,0.06482289177182726,0.0223703937443334,0.050444585583461606,0.05044458558346106,0.9936021115207196,0.7089952930455302
wclprice_17_strength,0.2149373060787304,0.29137330565184594,0.09835936536039006,0.03646923201571155,0.04302480561638348,0.06271325353188725,0.21814119271387003,0.3189588134256263,0.3189588134256262,0.11962945081523206,0.05461408164498227,0.07794872874495548,0.07794872874495552,0.7750224123462353,0.8433223524174492,0.22463577663978962,0.34385900007600684,0.3438590000760088,0.15428318942053135,0.06848971661547035,0.10755909507905292,0.10755909507905295,0.735889303931813,0.8912626137553465,0.22889651268102285,0.3422997606893525,0.3422997606893519,0.17778942965766895,0.07434482153565589,0.12086523017994748,0.12086523017994727,0.732817225133926,0.9481104639164618,0.2319524255952252,0.3329424140821378,0.3329424140821388,0.19484314528029179,0.0780983950376696,0.12645450126247706,0.12645450126247704,0.728029628933042,0.9799598042594531,0.23427412377710582,0.32121302262398294,0.3212130226239855,0.20768338508271963,0.08079645332410551,0.12904732605400032,0.12904732605400038,0.7170623608541058,0.9956565082880151,0.23610586280385723,0.30886856361721765,0.3088685636172153,0.21772429820018158,0.08284252869222448,0.1262908145766736,0.12629081457667293,0.7006590312561328,1.0,0.2375860241639071,0.29656335488312563,0.2965633548831264,0.22582883388858743,0.08445028052612179,0.12517475333208056,0.12517475333207997,0.6805439179219398,0.996892673742362
wclprice_signal_20,0.9976893821378316,0.015072092544874644,0.0026924349135424982,0.03198029846842853,0.06988441642770386,0.037040306465795245,0.9980249969861139,0.02138526831129631,0.021385268311295065,0.004263941193228751,0.00016162061428295395,0.055221741162673706,0.055221741162673595,0.31701780572184235,0.22813297694187257,0.9987899824229223,0.03800555394101345,0.0380055539410065,0.007852910324257329,0.0005243385764122724,0.06528008742314648,0.06528008742314627,0.32631635669365594,0.22542776408572496,0.9993078882336196,0.05366051337807113,0.05366051337807141,0.010773220758788294,0.0007302743324079665,0.06842638450903109,0.06842638450903288,0.32706134997952124,0.227337872103392,0.9996482085114018,0.06904336947862316,0.06904336947861814,0.0133380436609192,0.0008742558734386425,0.09382316227607507,0.09382316227607541,0.3260296439871757,0.23108291954556012,0.9998573277660833,0.08404167989724017,0.08404167989723625,0.015563669708076409,0.000996597707237524,0.09070551492819628,0.09070551492819606,0.32497623147282073,0.23486025593364795,0.9999671832774936,0.09847061749882434,0.09847061749883193,0.017467532862014436,0.001107510208955543,0.09964960928354932,0.0996496092835524,0.3229494721909716,0.2375860241639071,1.0,0.1122254437787424,0.11222544377874112,0.019084752789050054,0.0012092703284400938,0.11139598883002062,0.11139598883002216,0.3192225951185085,0.23973814614187336
wclprice_signal_20_slope,0.17947732996265045,0.4401623193428208,0.0483208830126892,0.1145741815726766,0.15008589459112315,0.31956228884522053,0.17393523158190433,0.5827138202271985,0.5827138202271974,0.035072505333432334,0.05877034365382498,0.42624079742033527,0.4262407974203352,0.2162642313482944,0.2459219183091139,0.1583031228556684,0.8020725133337061,0.8020725133337043,0.011738098956178035,0.06621458800142332,0.5690048325088733,0.5690048325088732,0.1978510712597483,0.2690110155578784,0.1453620310971846,0.904186912413118,0.9041869124131185,0.053575523664929646,0.06765328213169715,0.640233146710815,0.6402331467108153,0.18416385833619328,0.2887851268253994,0.13475925103596176,0.9571651049557675,0.9571651049557678,0.08909268314343359,0.06754127910134684,0.6812130254903818,0.6812130254903817,0.16913713961632174,0.2963996854901719,0.12596594617430015,0.9843800602869156,0.9843800602869166,0.1189937717273938,0.06687859886207885,0.7003945620337022,0.7003945620337029,0.15429949281599153,0.29837450316542596,0.11855771551985528,0.9967216760144626,0.9967216760144622,0.14427682106533934,0.06602715253577343,0.70853941656996,0.7085394165699606,0.13975197490066568,0.29656335488312563,0.1122254437787424,1.0,1.0000000000000013,0.16585766430478133,0.06513737405444331,0.7107687985804602,0.7107687985804599,0.1251689465201148,0.2921810743269758
wclprice_hist_20,0.1794773299626493,0.4401623193428219,0.04832088301268844,0.1145741815726767,0.1500858945911233,0.3195622888452207,0.17393523158190347,0.5827138202271998,0.5827138202272002,0.0350725053334316,0.058770343653824435,0.42624079742033544,0.4262407974203354,0.21626423134829528,0.24592191830911464,0.1583031228556676,0.8020725133337068,0.8020725133337052,0.011738098956178776,0.06621458800142262,0.5690048325088742,0.5690048325088741,0.1978510712597486,0.2690110155578794,0.14536203109718318,0.9041869124131217,0.9041869124131188,0.0535755236649305,0.06765328213169639,0.6402331467108139,0.6402331467108138,0.18416385833619367,0.28878512682540003,0.13475925103596048,0.9571651049557669,0.957165104955765,0.08909268314343406,0.06754127910134594,0.6812130254903812,0.6812130254903812,0.1691371396163222,0.2963996854901722,0.12596594617429896,0.9843800602869149,0.9843800602869169,0.11899377172739461,0.06687859886207809,0.7003945620337023,0.7003945620337028,0.15429949281599267,0.29837450316542713,0.118557715519854,0.9967216760144646,0.9967216760144628,0.14427682106534018,0.0660271525357726,0.7085394165699604,0.7085394165699616,0.13975197490066738,0.2965633548831264,0.11222544377874112,1.0000000000000013,1.0,0.16585766430478238,0.06513737405444245,0.7107687985804587,0.7107687985804587,0.1251689465201157,0.29218107432697643
wclprice_hist_20_slope,0.007554143301860877,0.9584860810234238,0.664718856378233,0.38838908089545837,0.38842079707303323,0.6214963349887994,0.015833258910277957,0.8550021676719632,0.8550021676719622,0.8089973188870311,0.3683658837281934,0.5511844380300107,0.5511844380300106,0.18380341031760528,0.30348636654078714,0.023106812557579855,0.5780996033791634,0.5780996033791638,0.9406224695496902,0.5008207271422087,0.3723300347848462,0.37233003478484633,0.16643010347369044,0.32603120677467307,0.023728899260846186,0.419802708449168,0.419802708449167,0.9770935859837909,0.5520030848325475,0.26462874916613793,0.2646287491661382,0.12939248538574052,0.3005912762514667,0.022863928951576733,0.3200825043772379,0.32008250437723773,0.991218676680033,0.5791831882328669,0.19059070002767792,0.1905907000276779,0.10462153472269956,0.2767568350603618,0.021616379746990235,0.2519374276772118,0.2519374276772113,0.9971456721527039,0.59601396940909,0.14736806612261263,0.14736806612261288,0.08345125109546161,0.2504417574413771,0.020319986173544725,0.2027616476712785,0.202761647671278,0.9994528772743317,0.6074351211067653,0.11787080296044648,0.11787080296044655,0.06482289177182726,0.22582883388858743,0.019084752789050054,0.16585766430478133,0.16585766430478238,1.0,0.6156755323700239,0.09650985058650982,0.09650985058650993,0.04993612024755501,0.20494499675274525
wclprice_hist_20_acceleration,0.005650790346016975,0.5417565418982982,0.997960718636825,0.31444382723211106,0.31598224609155795,0.3280610454437876,0.008168809637089583,0.2598528693346657,0.2598528693346656,0.9351616153972612,0.929628911959866,0.14286121438949445,0.14286121438949448,0.09059008045694841,0.1645215786886669,0.00593148704612775,0.00999720401117098,0.00999720401117111,0.7797203349532551,0.9872122950839982,0.004172546538430976,0.004172546538430968,0.032250677663601984,0.15799899182732993,0.003985458908571521,0.04383922619606798,0.04383922619606798,0.7084157678037722,0.9963014810370389,0.03946870344757331,0.03946870344757333,0.003616106266701895,0.1253650539458182,0.0028111068496700763,0.06014765494271172,0.060147654942711265,0.6691900358262948,0.9988210279773369,0.04901472860743872,0.0490147286074386,0.015892699209791902,0.10696860166438077,0.0020649641310274253,0.06517758991727134,0.06517758991727171,0.6445955130665996,0.999663529297112,0.04561683202670757,0.04561683202670757,0.020385113122959136,0.09477137738468452,0.0015630628881811814,0.0660165078719822,0.06601650787198234,0.6278167342553284,0.9999415115506382,0.04555465612044669,0.04555465612044674,0.0223703937443334,0.08445028052612179,0.0012092703284400938,0.06513737405444331,0.06513737405444245,0.6156755323700239,1.0,0.04171683926571482,0.04171683926571477,0.0218880530051684,0.07707287277707668
wclprice_hist_20_gt_0,0.15888074930051882,0.29338961974629785,0.03173358479026018,0.10176528696678587,0.1326132727050411,0.30282508566804467,0.15518363444338065,0.39092642529566807,0.39092642529566746,0.028766518625377057,0.030868328790541726,0.4161574844671655,0.41615748446716555,0.13492605788674805,0.12616812007218361,0.1443454063266658,0.553417773963588,0.5534177739635869,0.006896715540084422,0.03805069298772893,0.6017175349670306,0.6017175349670304,0.10947057484101995,0.12852427483284967,0.13510117193759835,0.6334919163234903,0.633491916323492,0.0185994929580638,0.04076591561854373,0.7201961647708274,0.7201961647708282,0.09143663102677228,0.1313728109073301,0.12747744410297912,0.6757943888266299,0.6757943888266258,0.042304816331625104,0.04179810396000731,0.8150309532703468,0.8150309532703466,0.07475795977459247,0.1301692413987827,0.12116929537054433,0.6977239166815794,0.6977239166815805,0.06308985825283801,0.04206896979424666,0.8871664836627259,0.8871664836627262,0.06104023763460232,0.1279313291656705,0.11588409355476668,0.7078320336805805,0.7078320336805788,0.08102880318917813,0.04197838040039082,0.9493661580293886,0.9493661580293883,0.050444585583461606,0.12517475333208056,0.11139598883002062,0.7107687985804602,0.7107687985804587,0.09650985058650982,0.04171683926571482,1.0,0.9999999999999994,0.0408727037840988,0.12147211980013192
wclprice_hist_20_lt_0,0.15888074930051993,0.2933896197462978,0.03173358479026028,0.10176528696678597,0.13261327270504086,0.3028250856680447,0.15518363444338193,0.3909264252956677,0.3909264252956674,0.028766518625377123,0.030868328790541733,0.41615748446716555,0.4161574844671654,0.13492605788674739,0.12616812007218328,0.14434540632666706,0.5534177739635875,0.5534177739635866,0.006896715540084405,0.03805069298772901,0.6017175349670303,0.6017175349670305,0.1094705748410193,0.1285242748328492,0.13510117193759974,0.6334919163234907,0.6334919163234919,0.018599492958063832,0.040765915618543896,0.7201961647708275,0.7201961647708282,0.09143663102677166,0.13137281090732988,0.12747744410298045,0.6757943888266295,0.6757943888266258,0.04230481633162508,0.04179810396000732,0.8150309532703466,0.8150309532703467,0.07475795977459186,0.13016924139878214,0.12116929537054555,0.6977239166815788,0.6977239166815803,0.06308985825283804,0.0420689697942467,0.8871664836627255,0.8871664836627259,0.06104023763460165,0.12793132916567004,0.11588409355476811,0.7078320336805801,0.7078320336805787,0.08102880318917813,0.04197838040039079,0.9493661580293882,0.9493661580293871,0.05044458558346106,0.12517475333207997,0.11139598883002216,0.7107687985804599,0.7107687985804587,0.09650985058650993,0.04171683926571477,0.9999999999999994,1.0,0.04087270378409822,0.12147211980013152
wclprice_hist_20_abs,0.30747747190226665,0.08166015823697305,0.01670679269699254,0.027165147589477533,0.0018523365063481468,0.01549607585093473,0.30871861440288934,0.1109613350051404,0.11096133500514102,0.012613038768326637,0.019663502264553285,0.009059566829783452,0.009059566829783296,0.5443475766397267,0.40125912071909275,0.3120148515074591,0.1444968961231211,0.14449689612312308,0.005549721783617971,0.023448347828994413,0.013001882145346368,0.013001882145346566,0.7261795193399054,0.4900310176430216,0.31437813104899065,0.1499042046969246,0.14990420469692403,0.019850021552679523,0.02368393375008992,0.03008539552074185,0.03008539552074152,0.8463778194283713,0.5667284656883076,0.3160982593571752,0.14677199355990697,0.1467719935599078,0.03044841432549768,0.023296129103539676,0.04163685603996856,0.041636856039968764,0.9243429823191873,0.6205091011229149,0.3174009858936432,0.1405305811696903,0.14053058116969117,0.03849943593723833,0.022798062067766925,0.04830651788990053,0.04830651788990066,0.970601698255066,0.6569190105874263,0.31841675852916074,0.13307139145559524,0.13307139145559377,0.044822025506931706,0.02231841847572168,0.042738939547989636,0.042738939547988894,0.9936021115207196,0.6805439179219398,0.3192225951185085,0.1251689465201148,0.1251689465201157,0.04993612024755501,0.0218880530051684,0.0408727037840988,0.04087270378409822,1.0,0.694996788795609
wclprice_20_strength,0.21736756851523306,0.2710908491864956,0.0896732568408083,0.03217723006417865,0.03914647514359853,0.05745164868888953,0.22037706377648428,0.29873706798653443,0.29873706798653427,0.10706466301513612,0.052487179066118356,0.07252104028269664,0.07252104028269678,0.7656919574419954,0.8232086397726741,0.22664732240798163,0.32808668853885276,0.3280866885388544,0.1371503740747962,0.06374662403895527,0.10210545348337052,0.10210545348337059,0.7205443819391735,0.8660527939891624,0.23086976576136203,0.3301847582015674,0.33018475820156745,0.15890813078402893,0.06848208595762001,0.11555679171017827,0.11555679171017791,0.7204823952773228,0.9256347095791835,0.23394791642120913,0.3235607465985744,0.323560746598574,0.17504672998947038,0.07161035357641489,0.12208836606265129,0.12208836606265139,0.7220908429114126,0.963181521100083,0.2363155049493673,0.3139204321535498,0.3139204321535515,0.18734809201472533,0.07390668419411664,0.12462182856102487,0.12462182856102488,0.7183605310459816,0.9856930907120899,0.23820172914475138,0.3032021276782486,0.3032021276782467,0.19705409832065707,0.07567218894676292,0.12244490464797753,0.12244490464797676,0.7089952930455302,0.996892673742362,0.23973814614187336,0.2921810743269758,0.29218107432697643,0.20494499675274525,0.07707287277707668,0.12147211980013192,0.12147211980013152,0.694996788795609,1.0
