channel,coverage
open,1.0
high,1.0
low,1.0
close_raw,1.0
close_adjust,1.0
volume_matched,1.0
value_matched,1.0
volume_negotiated,1.0
value_negotiated,1.0
n_buy_orders,0.9638582492372683
buy_order_vol,0.9638582492372683
avg_vol_per_buy_order,0.9638582492372683
n_sell_orders,0.9638582492372683
sell_order_vol,0.9638582492372683
avg_vol_per_sell_order,0.9638582492372683
foreign_buy_volume,0.7254165688805445
foreign_buy_value,0.7254165688805445
foreign_sell_volume,0.7254165688805445
foreign_sell_value,0.7254165688805445
foreign_net_volume,0.7254165688805445
foreign_net_value,0.7254165688805445
foreign_room_left,0.7254165688805445
foreign_own,0.7254165688805445
prop_buy_vol,0.2058202299929594
prop_sell_vol,0.2058202299929594
prop_buy_val,0.2058202299929594
prop_sell_val,0.2058202299929594
drv_range_hl_pct,1.0
drv_body_pct,1.0
drv_clv,0.9988265665336775
drv_upper_shadow,0.9988265665336775
drv_lower_shadow,0.9988265665336775
drv_gap_open_pct,0.9997653133067355
drv_intraday_pct,1.0
drv_ret_1d,0.9997653133067355
drv_ret_log_1d,0.9997653133067355
drv_vwap_raw,1.0
drv_close_vs_vwap,1.0
drv_negotiated_value_share,1.0
drv_order_count_imb,0.9540014081201595
drv_order_vol_imb,0.9542360948134241
drv_log_order_size_ratio,0.9540014081201595
drv_avg_order_size,0.9540014081201595
drv_order_fill_ratio,0.9542360948134241
drv_foreign_net_value_ratio,0.7254165688805445
drv_foreign_participation,0.7254165688805445
drv_foreign_own_chg_5,0.7141516076038489
drv_foreign_own_chg_21,0.6881013846514903
drv_prop_net_value_ratio,0.20558554329969492
drv_prop_participation,0.20558554329969492
drv_parkinson_5,0.9990612532269421
drv_parkinson_21,0.9953062661347102
drv_garman_klass_5,0.9990612532269421
drv_garman_klass_21,0.9953062661347102
drv_rogers_satchell_5,0.9990612532269421
drv_rogers_satchell_21,0.9953062661347102
drv_realized_vol_10,0.9978878197606196
drv_realized_vol_63,0.9854494250176015
drv_downside_vol_21,0.9938981459751232
drv_close_z_21,0.9953062661347102
drv_close_z_63,0.9854494250176015
drv_close_pos_21,0.9953062661347102
drv_close_pos_63,0.9854494250176015
drv_close_pos_252,0.9410936399906126
drv_dist_from_high_21,0.9953062661347102
drv_dist_from_high_63,0.9854494250176015
drv_dist_from_high_252,0.9410936399906126
drv_dist_from_low_21,0.9953062661347102
drv_dist_from_low_63,0.9854494250176015
drv_volume_z_21,0.9953062661347102
drv_volume_pos_63,0.9854494250176015
drv_value_z_21,0.9953062661347102
drv_amihud_21,0.9953062661347102
drv_amihud_63,0.9854494250176015
drv_no_trade_days_21,0.9953062661347102
drv_foreign_flow_ratio_5,0.7340999765313306
drv_foreign_flow_ratio_21,0.7578033325510444
drv_order_count_imb_5,0.969021356489087
drv_order_count_imb_21,0.969021356489087
drv_order_vol_imb_5,0.969021356489087
drv_order_vol_imb_21,0.969021356489087
drv_order_count_imb_z21,0.9537667214268951
drv_vol_ratio_10_63,0.9854494250176015
drv_ret_skew_63,0.9854494250176015
drv_ret_kurt_63,0.9854494250176015
mainland_china__economy__business__economics__cnbcoi,1.0
mainland_china__economy__business__economics__cncap,1.0
mainland_china__economy__business__economics__cncar,1.0
mainland_china__economy__business__economics__cncep,0.9471954940154893
mainland_china__economy__business__economics__cncli,1.0
mainland_china__economy__business__economics__cncorpi,1.0
mainland_china__economy__business__economics__cncorr,1.0
mainland_china__economy__business__economics__cncpr,0.969021356489087
mainland_china__economy__business__economics__cnedbr,0.7197840882421966
mainland_china__economy__business__economics__cnelp,0.9671438629429712
mainland_china__economy__business__economics__cnic,1.0
mainland_china__economy__business__economics__cnipyy,1.0
mainland_china__economy__business__economics__cnlei,1.0
mainland_china__economy__business__economics__cnno,1.0
mainland_china__economy__business__economics__cnsp,1.0
mainland_china__economy__business__economics__cntvs,1.0
mainland_china__economy__business__fred__chnpieati01gym,0.8014550574982399
mainland_china__economy__business__fred__rtfpnacna632nrug,0.8960337948838301
mainland_china__economy__consumer__economics__cnblr,0.9748885238206993
mainland_china__economy__consumer__economics__cncci,1.0
mainland_china__economy__consumer__economics__cnccr,0.8350152546350622
mainland_china__economy__consumer__economics__cncs,1.0
mainland_china__economy__consumer__economics__cndpi,1.0
mainland_china__economy__consumer__economics__cnhdg,1.0
mainland_china__economy__consumer__economics__cnps,0.5442384416803567
mainland_china__economy__consumer__economics__cnrsyy,1.0
mainland_china__economy__gdp__economics__cnfygdpg,1.0
mainland_china__economy__gdp__economics__cngdp,1.0
mainland_china__economy__gdp__economics__cngdpa,1.0
mainland_china__economy__gdp__economics__cngdpc,1.0
mainland_china__economy__gdp__economics__cngdpcp,1.0
mainland_china__economy__gdp__economics__cngdpman,1.0
mainland_china__economy__gdp__economics__cngdpmin,0.7197840882421966
mainland_china__economy__gdp__economics__cngdppc,1.0
mainland_china__economy__gdp__economics__cngdppcp,1.0
mainland_china__economy__gdp__economics__cngdps,1.0
mainland_china__economy__gdp__economics__cngdpt,1.0
mainland_china__economy__gdp__economics__cngdpyy,1.0
mainland_china__economy__gdp__economics__cngfcf,1.0
mainland_china__economy__gdp__economics__cngnp,1.0
mainland_china__economy__gdp__fred__chngdpnqdsmei,0.85684111710866
mainland_china__economy__gdp__fred__chnlorsgpnostsam,0.8598920441210983
mainland_china__economy__gdp__fred__mktgdpcna646nwdb,1.0
mainland_china__economy__gdp__fred__nygdppcapkdchn,1.0
mainland_china__economy__gdp__fred__rgdpnacna666nrug,0.8960337948838301
mainland_china__economy__government__economics__cnfe,1.0
mainland_china__economy__government__economics__cngbp,1.0
mainland_china__economy__government__economics__cngbv,1.0
mainland_china__economy__government__economics__cngdg,1.0
mainland_china__economy__government__economics__cngr,1.0
mainland_china__economy__government__economics__cngsp,1.0
mainland_china__economy__government__economics__cnme,1.0
mainland_china__economy__government__fred__gggdtacna188n,0.9537667214268951
mainland_china__economy__housing__economics__cnhst,1.0
mainland_china__economy__housing__economics__cnnhs,1.0
mainland_china__economy__housing__economics__cnprin,1.0
mainland_china__economy__labor__economics__cnemp,1.0
mainland_china__economy__labor__economics__cnjv,0.593053273879371
mainland_china__economy__labor__economics__cnmw,1.0
mainland_china__economy__labor__economics__cnpop,1.0
mainland_china__economy__labor__economics__cnram,0.955644214973011
mainland_china__economy__labor__economics__cnraw,0.955644214973011
mainland_china__economy__labor__economics__cnup,0.7840882421966674
mainland_china__economy__labor__economics__cnur,0.8472189626848158
mainland_china__economy__labor__economics__cnwag,1.0
mainland_china__economy__labor__economics__cnwm,1.0
mainland_china__economy__money__economics__cnbbs,1.0
mainland_china__economy__money__economics__cncbbs,1.0
mainland_china__economy__money__economics__cncrr,1.0
mainland_china__economy__money__economics__cndir,0.899319408589533
mainland_china__economy__money__economics__cnfai,1.0
mainland_china__economy__money__economics__cnfer,1.0
mainland_china__economy__money__economics__cninbr,0.9985918798404131
mainland_china__economy__money__economics__cnlb,0.9605726355315654
mainland_china__economy__money__economics__cnlg,1.0
mainland_china__economy__money__economics__cnlps,0.9605726355315654
mainland_china__economy__money__economics__cnlr,0.7960572635531565
mainland_china__economy__money__economics__cnm0,1.0
mainland_china__economy__money__economics__cnm1,1.0
mainland_china__economy__money__economics__cnm2,1.0
mainland_china__economy__money__economics__cnm3,0.8598920441210983
mainland_china__economy__money__fred__dexchus,1.0
mainland_china__economy__money__fred__intdsrcnm193n,0.9469608073222249
mainland_china__economy__money__fred__ir3tts01cnm156n,0.8561370570288664
mainland_china__economy__money__fred__myagm1cnm189n,0.6061957287021826
mainland_china__economy__money__fred__myagm2cnm189n,0.6061957287021826
mainland_china__economy__money__fred__qcnpam770a,0.9873269185637175
mainland_china__economy__money__fred__rbcnbis,1.0
mainland_china__economy__money__fred__tresegcnm052n,1.0
mainland_china__economy__prices__economics__cnccp,1.0
mainland_china__economy__prices__economics__cncir,1.0
mainland_china__economy__prices__economics__cncirmm,1.0
mainland_china__economy__prices__economics__cnep,0.9955409528279746
mainland_china__economy__prices__economics__cnfi,1.0
mainland_china__economy__prices__economics__cngdpd,1.0
mainland_china__economy__prices__economics__cnipri,0.9955409528279746
mainland_china__economy__prices__economics__cnirmm,1.0
mainland_china__economy__prices__economics__cniryy,1.0
mainland_china__economy__prices__economics__cnppiyy,1.0
mainland_china__economy__prices__economics__cnrinf,1.0
mainland_china__economy__prices__fred__chncpiallminmei,0.9375733395916451
mainland_china__economy__prices__fred__chntot,1.0
mainland_china__economy__prices__fred__fpcpitotlzgchn,1.0
mainland_china__economy__prices__fred__qcnr628bis,1.0
mainland_china__economy__taxes__economics__cnctr,1.0
mainland_china__economy__taxes__economics__cnpitr,1.0
mainland_china__economy__taxes__economics__cnssr,1.0
mainland_china__economy__taxes__economics__cnssrc,1.0
mainland_china__economy__taxes__economics__cnssre,1.0
mainland_china__economy__taxes__economics__cnstr,0.9880309786435109
mainland_china__economy__trade__economics__cnbot,1.0
mainland_china__economy__trade__economics__cnca,1.0
mainland_china__economy__trade__economics__cncag,1.0
mainland_china__economy__trade__economics__cncf,1.0
mainland_china__economy__trade__economics__cncop,0.9950715794414456
mainland_china__economy__trade__economics__cndil,1.0
mainland_china__economy__trade__economics__cned,1.0
mainland_china__economy__trade__economics__cnexp,1.0
mainland_china__economy__trade__economics__cnexpyy,1.0
mainland_china__economy__trade__economics__cnfdi,1.0
mainland_china__economy__trade__economics__cnft,1.0
mainland_china__economy__trade__economics__cnftca,1.0
mainland_china__economy__trade__economics__cnfth,1.0
mainland_china__economy__trade__economics__cnftr,1.0
mainland_china__economy__trade__economics__cnftw,1.0
mainland_china__economy__trade__economics__cngres,1.0
mainland_china__economy__trade__economics__cnimp,1.0
mainland_china__economy__trade__economics__cnimpyy,1.0
mainland_china__economy__trade__economics__cnta,1.0
mainland_china__economy__trade__economics__cnti,1.0
mainland_china__economy__trade__economics__cntot,0.9955409528279746
mainland_china__economy__trade__economics__cntr,0.7197840882421966
mainland_china__economy__trade__economics__cnwes,1.0
mainland_china__economy__trade__fred__xtexva01cnm667s,0.9953062661347102
