symbol,exchange,template,period,year,quarter,method,source,publish_date,assurance,consolidated,cash_flow_method,unit,n_columns,document,shares_authorized,shares_issued,shares_outstanding,i_tien_mat_vang_bac_da_quy,ii_tien_gui_tai_nhnn,iii_tien_vang_gui_tai_cac_tctd_khac_va_cho_vay_cac_tctd_khac,iii_1_tien_gui_tai_cac_tctd_khac,iii_2_cho_vay_cac_tctd_khac,iii_3_du_phong_rui_ro_cho_vay_cac_tctd_khac,iv_chung_khoan_kinh_doanh,iv_1_chung_khoan_kinh_doanh,iv_2_du_phong_rui_ro_chung_khoan_kinh_doanh,v_cac_cong_cu_tai_chinh_phai_sinh_va_cac_tai_san_tai_chinh_khac,vi_cho_vay_khach_hang,vi_1_cho_vay_va_cho_thue_tai_chinh_khach_hang,vi_2_du_phong_rui_ro_cho_vay_va_cho_thue_tai_chinh_khach_hang,vii_hoat_dong_mua_no,vii_1_mua_no,vii_2_du_phong_rui_ro_hoat_dong_mua_no,viii_chung_khoan_dau_tu,viii_1_chung_khoan_dau_tu_san_sang_de_ban,viii_2_chung_khoan_dau_tu_giu_den_ngay_dao_han,viii_3_du_phong_rui_ro_chung_khoan_dau_tu,ix_gop_von_dau_tu_dai_han,ix_1_dau_tu_vao_cong_ty_con,ix_2_von_gop_lien_doanh,ix_3_dau_tu_vao_cong_ty_lien_ket,ix_4_dau_tu_dai_han_khac,ix_5_du_phong_giam_gia_dau_tu_dai_han,x_tai_san_co_dinh,x_1_tai_san_co_dinh_huu_hinh,x_1_a_nguyen_gia_tai_san_co_dinh,x_1_b_hao_mon_tai_san_co_dinh,x_2_tai_san_co_dinh_thue_tai_chinh,x_2_a_nguyen_gia_tai_san_co_dinh,x_2_b_hao_mon_tai_san_co_dinh,x_3_tai_san_co_dinh_vo_hinh,x_3_a_nguyen_gia_tai_san_co_dinh,x_3_b_hao_mon_tai_san_co_dinh,xi_bat_dong_san_dau_tu,xi_a_nguyen_gia_bdsdt,xi_b_hao_mon_bdsdt,xii_tai_san_co_khac,xii_1_cac_khoan_phai_thu,xii_2_cac_khoan_lai_phi_phai_thu,xii_3_tai_san_thue_thu_nhap_doanh_nghiep_hoan_lai,xii_4_tai_san_co_khac,xii_4_trong_do_loi_the_thuong_mai,xii_5_cac_khoan_du_phong_rui_ro_cho_cac_tai_san_co_noi_bang_khac,tong_tai_san,b_no_phai_tra_va_von_chu_so_huu,i_cac_khoan_no_chinh_phu_va_nhnn,i_1_tien_gui_va_vay_chinh_phu_ngan_hang_nha_nuoc,i_2_giao_dich_ban_va_mua_lai_trai_phieu_chinh_phu_voi_kho_bac_nha_nuoc,ii_tien_gui_va_vay_cac_tctd_khac,ii_1_tien_gui_cua_cac_to_chuc_tin_dung_khac,ii_2_vay_cac_to_chuc_tin_dung_khac,iii_tien_gui_cua_khach_hang,iv_cac_cong_cu_tai_chinh_phai_sinh_va_cac_khoan_no_tai_chinh_khac,v_von_tai_tro_uy_thac_dau_tu_cho_vay_to_chuc_tin_dung_chiu_rui_ro,vi_phat_hanh_giay_to_co_gia,vii_cac_khoan_no_khac,vii_1_cac_khoan_lai_phi_phai_tra,vii_2_cac_khoan_phai_tra_va_cong_no_khac,vii_3_du_phong_rui_ro_khac,tong_no_phai_tra,viii_von_chu_so_huu,viii_1_von_cua_tctd,viii_1_a_von_dieu_le,viii_1_b_thang_du_von_co_phan,viii_1_c_von_dau_tu_xay_dung_co_ban_mua_sam_tai_san_co_dinh,viii_1_d_co_phieu_quy,viii_2_quy_cua_tctd,viii_3_chenh_lech_ty_gia_hoi_doai,viii_4_chenh_lech_danh_gia_lai_tai_san,viii_5_loi_nhuan_chua_phan_phoi,viii_5_a_loi_nhuan_nam_nay,viii_5_b_loi_nhuan_luy_ke_nam_truoc,ix_loi_ich_cua_co_dong_thieu_so,tong_no_phai_tra_va_von_chu_so_huu,1_bao_lanh_vay_von,2_cam_ket_giao_dich_hoi_doai,2_cam_ket_mua_ngoai_te,2_cam_ket_ban_ngoai_te,2_cam_ket_giao_dich_hoan_doi,2_cam_ket_giao_dich_tuong_lai,3_cam_ket_cho_vay_khong_huy_ngang,4_cam_ket_trong_nghiep_vu_l_c,5_bao_lanh_khac,6_cac_cam_ket_khac,7_lai_cho_vay_va_phi_phai_thu_chua_thu_duoc,8_no_kho_doi_da_xu_ly,9_tai_san_va_chung_tu_khac
VCB,HOSE,bank,Q4-2008,2008,4,onnx@200,pdf,2009-01-14,unaudited,True,,1000000,2,FY-2008_bao_cao_tai_chinh_hop_nhat_5_thang_dau_nam_2008.pdf,,,,3131538000000,4721195000000,,3157921000000,35145414000000,-13834000000,212388000000,336389000000,-124001000000,,109762527000000,,,,,,32159344000000,27299465000000,4859879000000,,2020476000000,,,591246000000,1463515000000,-34285000000,1143228000000,862198000000,2269253000000,-1407055000000,,,,281030000000,412238000000,-131208000000,,,,2534608000000,,,,,,,191151945000000,,,,,21138455000000,15555931000000,869300000000,127015694000000,,,2605870000000,14599419000000,,11939476000000,,176461050000000,14600017000000,,,,,,,,,,,,90878000000,,,,,,,,,,,,,,
VCB,HOSE,bank,Q1-2009,2009,1,,missing,2009-04-27,unaudited,,,,,,,,,,,,,,,,,,,,,,,,,,,,,,,,,,,,,,,,,,,,,,,,,,,,,,,,,,,,,,,,,,,,,,,,,,,,,,,,,,,,,,,,,,,,,,,,,,
VCB,HOSE,bank,Q2-2009,2009,2,,missing,2009-07-20,unaudited,,,,,,,,,,,,,,,,,,,,,,,,,,,,,,,,,,,,,,,,,,,,,,,,,,,,,,,,,,,,,,,,,,,,,,,,,,,,,,,,,,,,,,,,,,,,,,,,,,
VCB,HOSE,bank,Q3-2009,2009,3,onnx@200,pdf,2009-10-20,audited,True,,1000000,2,Q3-2009_bao_cao_tai_chinh_hop_nhat_quy_3_nam_2009_da_kiem_toan.pdf,,1210086026,1210086026,3559605000000,20461162000000,19413232000000,18027117000000,1400644000000,-14529000000,83930000000,96368000000,-12438000000,,133511788000000,,,,,,40585494000000,28182082000000,12634046000000,,2995815000000,,1238883000000,28542000000,1944428000000,-216038000000,1234192000000,927841000000,2776009000000,-1848168000000,,,,306351000000,475770000000,-169419000000,,,,3247398000000,1430939000000,1347891000000,,468568000000,,,225092616000000,9817079000000,,,,27681966000000,25058316000000,2623650000000,158464162000000,324991000000,18000000,742504000000,12161333000000,2052788000000,9351439000000,,209192053000000,15797845000000,12160915000000,12100860000000,,,,322578000000,338960000000,9451000000,2965941000000,,,102718000000,225092616000000,250000000,,,,,,,,10809879000000,4947779000000,,,
VCB,HOSE,bank,Q4-2009,2009,4,onnx@200,pdf,2010-01-01,audited,True,,1000000,2,FY-2009_bao_cao_tai_chinh_hop_nhat_nam_2009_da_kiem_toan.pdf,,1210086026,1210086026,4485150000000,25174674000000,,46480842000000,982218000000,-6398000000,5768000000,6001000000,-233000000,,136996006000000,,,,,,32634887000000,21020349000000,12040643000000,-426105000000,3637730000000,,1270718000000,22850000000,2447542000000,-103380000000,1505260000000,1181841000000,,,,3152487000000,-1970646000000,323419000000,500504000000,-177085000000,,,,3599746000000,1565526000000,1616209000000,,418011000000,,,255495883000000,22578400000000,,,,38835516000000,31977936000000,6857580000000,169071562000000,81843000000,19000000,386058000000,7722844000000,1848712000000,5033207000000,,238676242000000,16710333000000,12146020000000,12100860000000,,,,1283539000000,167838000000,8873000000,3104063000000,,,109308000000,255495883000000,,,,,,,,,13338765000000,,,,
VCB,HOSE,bank,Q1-2010,2010,1,onnx@200,pdf,2010-05-04,unaudited,True,,1,2,Q1-2010_bao_cao_tai_chinh_hop_nhat_quy_1_nam_2010.pdf,,1210086026,1210086026,4316980726833,12802832710308,33283280981275,,1234842098603,-10663215089,6548976164,6781948785,,,146445572814000,,,,,,32299781900920,20520962638854,12204924686401,-426105424335,3688189173910,1295543420370,,30473197544,2465552393137,-103379837141,1466807976937,1114799305819,3195647985756,-2080848679937,1876566771,,-1876566771,352008671118,535961731425,-183953060307,0,,,4739356327933,2658430609515,1542555484130,538370234288,,,,239127324004167,,,,,31391731764838,26755731764838,4636000000000,166890115054330,,,306614166523,11954702710611,2233529291619,8880918392687,839755774509,221508996670482,10965813205163,12146019847597,12100860260000,,,,999620892501,170411912503,10301479289,4170658257255,1067939036026,3102719221229,121314944540,239127324004167,31170020388902,,,,,,,,14231307004932,5103308800000,,,
VCB,HOSE,bank,Q2-2010,2010,2,onnx@200,pdf,2010-08-18,reviewed,True,,1000000,2,Q2-2010_bao_cao_tai_chinh_hop_nhat_quy_2_nam_2010_da_soat_xet.pdf,,1210086026,1210086026,4082656000000,7079723000000,,46779619000000,1533030000000,-11498000000,8705000000,8938000000,-233000000,8207000000,147898047000000,,,,,,30637949000000,21652621000000,9411433000000,-426105000000,3747276000000,,1362715000000,26205000000,2461736000000,-103380000000,1392219000000,1059032000000,3242926000000,-2183894000000,,,,333187000000,518189000000,-185002000000,,,,4412435000000,2093476000000,1967208000000,,351751000000,,,247568368000000,12915737000000,,,,26768767000000,22132767000000,4636000000000,182065349000000,,20000000,121862000000,8373524000000,2949014000000,4632849000000,,230245259000000,17196007000000,12146020000000,12100860000000,,,,976269000000,277522000000,12091000000,3784105000000,,,127102000000,247568368000000,,,,,,,,,14549064000000,,,,
VCB,HOSE,bank,Q3-2010,2010,3,onnx@200,pdf,2010-10-29,unaudited,True,,1000000,2,Q3-2010_bao_cao_tai_chinh_hop_nhat_quy_3_nam_2010.pdf,,1322371452,1322371452,4716768000000,5259359000000,,50310895000000,303091000000,-3384000000,13903000000,14475000000,-572000000,,158524445000000,,,,,,30870322000000,21437902000000,9862687000000,-430267000000,3730660000000,,1454432000000,31138000000,2350489000000,-105399000000,1364015000000,1045872000000,3338419000000,-2292547000000,,,,318143000000,499717000000,-181574000000,,,,5226155000000,2538703000000,1967498000000,,719954000000,,,260316229000000,10169539000000,,,,29407362000000,24674362000000,4733000000000,190074588000000,9103000000,20000000,2285268000000,8121726000000,2253986000000,4812542000000,,240067606000000,20130674000000,14255875000000,13223715000000,987000000000,,,834734000000,342078000000,12108000000,4685879000000,,,117949000000,260316229000000,10000000000,,,,,,,,15922566000000,,,,
VCB,HOSE,bank,Q4-2010,2010,4,onnx@200,pdf,2011-03-31,audited,True,,1000000,2,FY-2010_bao_cao_tai_chinh_hop_nhat_nam_2010_da_kiem_toan.pdf,,1322371452,1322371452,5232743000000,8239851000000,,79499786000000,159666000000,-5622000000,7181000000,10830000000,-3649000000,34686000000,171124824000000,,,,,,32811215000000,22780947000000,10329560000000,-299292000000,3955000000000,,1563346000000,22965000000,2524588000000,-155899000000,1586004000000,1178724000000,3539200000000,-2360476000000,,,,407280000000,606920000000,-199640000000,,,,4850756000000,1919777000000,2349959000000,,581020000000,,,307496090000000,10076936000000,,,,59535634000000,53950694000000,5584940000000,204755949000000,,20000000,3563985000000,8774055000000,2637441000000,5124795000000,,286706579000000,20669479000000,14255875000000,13223715000000,987000000000,,,1456675000000,269314000000,35631000000,4651984000000,,,120032000000,307496090000000,251000000,,,,,,,,15630554000000,,,,
VCB,HOSE,bank,Q1-2011,2011,1,onnx@200,pdf,2011-05-12,unaudited,True,,1000000,2,Q1-2011_bao_cao_tai_chinh_hop_nhat_quy_1_nam_2011.pdf,,1758754031,1758754031,5008962000000,,,69159033000000,2005030000000,-5641000000,9552000000,13201000000,-3649000000,39102000000,197931008000000,,,,,,31098815000000,27529576000000,3868531000000,-299292000000,4062122000000,,1737334000000,24985000000,2419431000000,-119628000000,1520908000000,1119873000000,3606339000000,-2486466000000,,,,401035000000,609362000000,-208327000000,,,,5260634000000,2236073000000,2601471000000,,423090000000,,,332476987000000,,,,,70988798000000,62285188000000,8703610000000,205224636000000,0,45000000000,2623794000000,12415174000000,2690930000000,8712239000000,,305777278000000,26561802000000,18619700000000,17587540000000,987000000000,,,1456675000000,364282000000,35631000000,6085514000000,1434549000000,,137907000000,332476987000000,,,,,,,,,16732364000000,,,,
VCB,HOSE,bank,Q2-2011,2011,2,onnx@200,pdf,2011-07-01,reviewed,True,,1000000,2,Q2-2011_bao_cao_tai_chinh_hop_nhat_quy_2_nam_2011_da_soat_xet.pdf,,1758754031,1758754031,,,,78074819000000,1916023000000,-14340000000,54085000000,60852000000,-6767000000,54888000000,185068933000000,,,,,,30481872000000,27000550000000,3780614000000,-299292000000,4074440000000,,1748463000000,26174000000,2419431000000,-119628000000,1455020000000,1058038000000,3638359000000,-2580321000000,,,,396982000000,612730000000,-215748000000,,,,6235028000000,2808108000000,3050247000000,,376673000000,,,344207378000000,,26706332000000,,,68683444000000,59930482000000,8752962000000,176650494000000,,26996360000000,2548110000000,14923840000000,3401184000000,10349836000000,,316508580000000,27555243000000,18619700000000,17587540000000,987000000000,,,1456675000000,379184000000,31407000000,7068277000000,2420875000000,,143555000000,344207378000000,,,,,,,,,17055912000000,,,,
VCB,HOSE,bank,Q3-2011,2011,3,onnx@200,pdf,2011-11-15,unaudited,True,,1000000,2,Q3-2011_bao_cao_tai_chinh_hop_nhat_quy_3_nam_2011.pdf,,1969804514,1969804514,,,,73898629000000,2143352000000,-14653000000,54511000000,61278000000,-6767000000,89394000000,182726892000000,,,,,,32767383000000,29237612000000,3829063000000,-299292000000,4122755000000,,1800060000000,22892000000,2419431000000,-119628000000,1689913000000,1028360000000,3674657000000,-2646297000000,,,,661553000000,886068000000,-224515000000,,,,11484537000000,2486015000000,3037512000000,,5961010000000,,,333735143000000,,,,,49981111000000,39613293000000,10367818000000,201216378000000,,8217706000000,2125801000000,17569684000000,3446299000000,12950569000000,,305074425000000,28533082000000,20739157000000,19698045000000,995952000000,,,1456404000000,378886000000,31395000000,5927240000000,3478859000000,,127636000000,333735143000000,251000000,,,,,,,,15528245000000,,,,
VCB,HOSE,bank,Q4-2011,2011,4,onnx@200,pdf,2012-03-15,audited,True,,1000000,2,FY-2011_bao_cao_tai_chinh_hop_nhat_nam_2011_da_kiem_toan.pdf,,1969804514,1969804514,5393766000000,10616759000000,,71822547000000,33197058000000,-14546000000,817631000000,825372000000,-7741000000,,,,,,,,29456514000000,26027134000000,3750522000000,-321142000000,2618418000000,,646292000000,18693000000,2161359000000,-207926000000,2605744000000,1460829000000,4190184000000,-2729355000000,,,,1144915000000,1386884000000,-241969000000,,,,6118909000000,2318052000000,3378930000000,,421927000000,,,366722279000000,38866234000000,,,,47962375000000,22725480000000,25236895000000,227016854000000,11474000000,,2071383000000,22012029000000,2949343000000,18157982000000,,337940349000000,28638696000000,20739157000000,19698045000000,,,,2116611000000,191020000000,70442000000,5521466000000,2845283000000,,143234000000,366722279000000,,,,,,,,,15384088000000,,,,
VCB,HOSE,bank,Q1-2012,2012,1,onnx@200,pdf,2012-05-15,unaudited,True,,1000000,2,Q1-2012_bao_cao_tai_chinh_hop_nhat_quy_1_nam_2012.pdf,,2317417076,2317417076,5394441000000,19159458000000,,50426970000000,41665485000000,-330205000000,106287000000,106689000000,-402000000,53846000000,202259907000000,,,,,,24896139000000,21466581000000,3750700000000,-321142000000,2856728000000,,715644000000,20277000000,2323982000000,-203175000000,2595505000000,1461625000000,4303690000000,-2842065000000,,,,1133880000000,1392119000000,-258239000000,,,,9823565000000,5672051000000,2529095000000,,1622419000000,,,358908126000000,19144308000000,,,,49558275000000,18939426000000,30618849000000,224479126000000,,,2067357000000,21867476000000,2554593000000,18408153000000,,317116542000000,41643601000000,32420728000000,23174171000000,9201397000000,,,2116574000000,173151000000,70442000000,6862706000000,1341868000000,,147983000000,358908126000000,32119301000000,,,,,,,,14800757000000,316020000000,,,
VCB,HOSE,bank,Q2-2012,2012,2,onnx@400,pdf,2012-08-14,reviewed,True,,1000000,2,Q2-2012_bao_cao_tai_chinh_hop_nhat_quy_2_nam_2012_da_soat_xet.pdf,,2317417076,2317417076,5651786000000,13571629000000,,70585974000000,35914782000000,-362677000000,1349704000000,1350106000000,-402000000,208435766000000,215508925000000,,,,,,44552281000000,41558468000000,3314955000000,-321142000000,2868783000000,,729917000000,17247000000,2324794000000,-203175000000,2537231000000,1377431000000,4323670000000,-2946239000000,,,,1159800000000,1434607000000,-274807000000,,,,6557677000000,2316422000000,2871536000000,,1369719000000,,,391662936000000,31739654000000,,,,47361909000000,20216086000000,27145823000000,242630412000000,198941000000,,2066095000000,27361865000000,3159843000000,23413685000000,,351358876000000,40152835000000,32420728000000,23174171000000,,,,2126661000000,151285000000,70308000000,5383853000000,2248689000000,,151225000000,391662936000000,36732340000000,,,,,,,,14983339000000,,,,
VCB,HOSE,bank,Q3-2012,2012,3,onnx@200,pdf,2012-11-14,unaudited,True,,1000000,3,Q3-2012_bao_cao_tai_chinh_hop_nhat_quy_3_nam_2012.pdf,,2317417076,2317417076,5546898000000,27098444000000,,73341775000000,29749633000000,-346366000000,825372000000,1158421000000,-402000000,220710941000000,-6619556000000,,,,,,46841836000000,43468454000000,3694524000000,-321142000000,2861478000000,,18693000000,18644000000,2324794000000,-203175000000,2497306000000,1316973000000,4379561000000,-3062588000000,,,,1180333000000,1475406000000,-295073000000,,,,7280553000000,2527938000000,3305605000000,,1447010000000,,,416740517000000,36263778000000,,,,45766214000000,20567802000000,25198412000000,262107261000000,78010000000,,2049642000000,29068210000000,3609564000000,24670122000000,,375333115000000,41253000000000,23174171000000,9201397000000,45160000000,,,2126544000000,154777000000,63883000000,6487068000000,3354409000000,,154402000000,416740517000000,,,,,,,,,16094146000000,,,,
VCB,HOSE,bank,Q4-2012,2012,4,onnx@200,pdf,2013-03-15,audited,True,,1000000,2,FY-2012_bao_cao_tai_chinh_hop_nhat_nam_2012_da_kiem_toan.pdf,2317417076,2317417076,2317417076,5627307000000,15732095000000,,60509084000000,5320515000000,-116873000000,520876000000,521239000000,-363000000,,,,,,,,78521304000000,73945195000000,4843173000000,-267064000000,3020788000000,,719266000000,13966000000,2324794000000,-37238000000,3659582000000,2304003000000,5471618000000,-3167615000000,,,,1355579000000,1676224000000,-320645000000,,,,5810418000000,1566149000000,3436613000000,,807656000000,,,414475073000000,24806433000000,,,,34066352000000,16963858000000,17102494000000,284414568000000,5461000000,,2027567000000,27449714000000,3454890000000,23364269000000,,372770095000000,41553063000000,32420728000000,23174171000000,9201397000000,,,2793880000000,121228000000,72800000000,6144427000000,3086401000000,,151915000000,414475073000000,19400000000,,,,,,,,17353819000000,,,,
VCB,HOSE,bank,Q1-2013,2013,1,onnx@200,pdf,2013-05-15,unaudited,True,,1000000,2,Q1-2013_bao_cao_tai_chinh_hop_nhat_quy_1_nam_2013.pdf,,2317417076,2317417076,5029253000000,17381212000000,,59108703000000,11363331000000,-120784000000,141737000000,142100000000,-363000000,,239174418000000,,,,,,79487279000000,74148142000000,5650161000000,-311024000000,3067181000000,,720579000000,15096000000,2368744000000,-37238000000,3519041000000,2188043000000,5482794000000,-3294751000000,,,,1330998000000,1676224000000,-345226000000,,,,8337798000000,4971411000000,3047273000000,,319114000000,,,420480386000000,12654503000000,,,,37774788000000,21850151000000,15924637000000,297758690000000,349834000000,,2020675000000,27283190000000,3430922000000,23229085000000,,377841680000000,42482022000000,32420728000000,23174171000000,9201397000000,,,2793880000000,-59009000000,71003000000,7255420000000,1112451000000,,156684000000,420480386000000,,,,,,,,,,,,,
VCB,HOSE,bank,Q2-2013,2013,2,onnx@200,pdf,2013-08-14,reviewed,True,,1000000,2,Q2-2013_bao_cao_tai_chinh_hop_nhat_quy_2_nam_2013_da_soat_xet.pdf,2317417076,2317417076,2317417076,5231973000000,26279109000000,,86231895000000,13917659000000,-119319000000,116353000000,117542000000,-1189000000,,,,,,,,60880619000000,52816513000000,8318924000000,-254818000000,3066704000000,,717892000000,17306000000,2368744000000,-37238000000,3462996000000,2163942000000,5585131000000,-3421189000000,,,,1299054000000,1659595000000,-360541000000,,,,5766271000000,2876331000000,2555824000000,,334116000000,,,436470622000000,,27209948000000,,,42490878000000,34158621000000,8332257000000,304811711000000,227694000000,,2020344000000,18940675000000,4021820000000,14236102000000,,395701250000000,40602641000000,23174171000000,,9201397000000,,,2811938000000,-7768000000,71001000000,5306742000000,1976145000000,,166731000000,436470622000000,32654000000,,,,,,,,15827363000000,,,,
VCB,HOSE,bank,Q3-2013,2013,3,onnx@200,pdf,2013-11-14,unaudited,True,,1000000,2,Q3-2013_bao_cao_tai_chinh_hop_nhat_quy_3_nam_2013.pdf,,2317417076,2317417076,5894863000000,23079579000000,,73016695000000,6250202000000,-85193000000,49248000000,50437000000,-1189000000,,250687130000000,,,,,,73948362000000,60294420000000,13908760000000,-254818000000,3059243000000,,709127000000,18610000000,2368744000000,-37238000000,3338189000000,1925251000000,5015197000000,-3089946000000,,,,1412938000000,1809560000000,-396622000000,,,,7576062000000,2537711000000,3201420000000,,1836931000000,,,439657246000000,24410626000000,,,,40132999000000,31107499000000,9025500000000,316188876000000,391774000000,,2016411000000,14855766000000,4696017000000,9487725000000,,397996452000000,41514360000000,32420728000000,23174171000000,9201397000000,,,2811938000000,-136282000000,71001000000,6346975000000,3016038000000,,146434000000,439657246000000,,,,,,,,,16654823000000,,,,
VCB,HOSE,bank,Q4-2013,2013,4,onnx@200,pdf,2014-03-20,audited,True,,1000000,2,FY-2013_bao_cao_tai_chinh_hop_nhat_nam_2013_da_kiem_toan.pdf,2317417076,2317417076,2317417076,6059673000000,24843632000000,,83810806000000,7992267000000,-66024000000,195270000000,196158000000,-888000000,136725000000,,,,,,,64463096000000,47127209000000,17360833000000,-24946000000,3041790000000,,707078000000,14986000000,2356016000000,-36290000000,4085686000000,2556047000000,5769752000000,-3213705000000,,,,1529639000000,1948036000000,-418397000000,,,,6567707000000,2098143000000,3649335000000,2893000000,,,,468994032000000,32622411000000,,,,44044289000000,31181723000000,12862566000000,332245598000000,,,2013597000000,15532445000000,4394123000000,10492739000000,,426458340000000,42386065000000,32420728000000,23174171000000,9201397000000,,,3468552000000,123853000000,82306000000,6290626000000,3011824000000,,149627000000,468994032000000,,,,,,,,,15467905000000,,,,
VCB,HOSE,bank,Q1-2014,2014,1,onnx@200,pdf,2014-05-14,unaudited,True,,1000000,2,Q1-2014_bao_cao_tai_chinh_hop_nhat_quy_1_nam_2014.pdf,,2317417076,2317417076,6222082000000,16693296000000,,41649237000000,10318989000000,-93984000000,162412000000,163300000000,-888000000,,279149107000000,,,,,,85800534000000,69194546000000,16633583000000,-27595000000,3056686000000,,703280000000,15887000000,2373809000000,-36290000000,3954129000000,2446998000000,5777256000000,-3330258000000,,,,1507131000000,1948100000000,-440969000000,,,,6868340000000,2755386000000,3093822000000,2893000000,1016239000000,,,446117972000000,13125149000000,,,,25397750000000,19190550000000,6207200000000,342997716000000,57757000000,,2010919000000,18416641000000,3539663000000,14273194000000,,402005932000000,43958700000000,32420728000000,23174171000000,9201397000000,,,3468322000000,532402000000,82306000000,7454942000000,1165965000000,,153340000000,446117972000000,,,,,,,,,17846241000000,,,,
VCB,HOSE,bank,Q2-2014,2014,2,onnx@200,pdf,2014-08-11,reviewed,True,,1000000,2,Q2-2014_bao_cao_tai_chinh_hop_nhat_quy_2_nam_2014_da_soat_xet.pdf,2317417076,2317417076,2317417076,,10564613000000,,67697729000000,27999356000000,,3686491000000,3688029000000,-1538000000,136872000000,,,,,,,87719628000000,69346241000000,18454760000000,,3054536000000,,700437000000,16872000000,2373517000000,-36290000000,3899399000000,2380845000000,5834955000000,-3454110000000,,,,1518554000000,,-463717000000,,,,9499510000000,2639825000000,2686514000000,2881000000,4170290000000,,,504432098000000,30008203000000,,,,40716640000000,29366625000000,11350015000000,378559234000000,,,2010683000000,8509131000000,3646103000000,4845522000000,,459803891000000,44492642000000,32420728000000,23174171000000,9201397000000,,,3467784000000,22981000000,82306000000,8498843000000,2222912000000,,135565000000,504432098000000,132472000000,,,,,,,,19378065000000,,,,
VCB,HOSE,bank,Q3-2014,2014,3,onnx@200,pdf,2014-11-12,unaudited,True,,1000000,2,Q3-2014_bao_cao_tai_chinh_hop_nhat_quy_3_nam_2014.pdf,,2665020334,2665020334,6077870000000,19483434000000,,64789240000000,45479909000000,-42025000000,7247792000000,7249330000000,-1538000000,104937000000,302180749000000,,,,,,78443568000000,60303931000000,18413058000000,-273421000000,3053438000000,,698209000000,18003000000,2373516000000,-36290000000,3883620000000,2381841000000,5967459000000,-3585618000000,,,,1501779000000,1988536000000,-486757000000,,,,7650299000000,3223562000000,3126834000000,2881000000,1297022000000,,,530226286000000,45281442000000,,,,38398696000000,30124046000000,8274650000000,387326343000000,,,2009024000000,13823752000000,4577987000000,9228259000000,,486839257000000,43248451000000,32420728000000,26650203000000,5725365000000,,,3467782000000,521045000000,82306000000,6756590000000,3261681000000,,138578000000,530226286000000,,,,,,,,,19131743000000,,,,
VCB,HOSE,bank,Q4-2014,2014,4,onnx@200,pdf,2015-03-30,audited,True,,1000000,2,FY-2014_bao_cao_tai_chinh_hop_nhat_nam_2014_da_kiem_toan.pdf,2665020334,2665020334,2665020334,8323385000000,13267101000000,,88909474000000,-32479000000,,10122143000000,10126592000000,-4449000000,,,,,,,,67103565000000,49197775000000,18180227000000,-274437000000,3546171000000,,693144000000,9773000000,2869095000000,-25841000000,4445613000000,2811969000000,653133000000,1325369000000,,,,1633644000000,2136008000000,,,,,7824897000000,2588961000000,3647147000000,2234000000,1586555000000,,,576988837000000,54093072000000,,,,43237798000000,33697181000000,9540617000000,422203780000000,75278000000,,2208641000000,11671696000000,4797481000000,6856492000000,,533490265000000,43350720000000,32420681000000,26650203000000,5725318000000,,,4151991000000,67236000000,83405000000,6627407000000,3118382000000,,147852000000,576988837000000,150024000000,,,,,,,,21020044000000,,,,
VCB,HOSE,bank,Q1-2015,2015,1,onnx@200,pdf,2015-05-14,unaudited,True,,1000000,2,Q1-2015_bao_cao_tai_chinh_hop_nhat_quy_1_nam_2015.pdf,,2665020334,2665020334,6772543000000,17144249000000,,43100285000000,52921999000000,-296847000000,11597940000000,11602692000000,-4752000000,,330781893000000,,,,,,68872044000000,51797407000000,17367588000000,-292951000000,3534318000000,,688644000000,10418000000,2858095000000,-22839000000,4345342000000,2720989000000,6581057000000,-3860068000000,,,,1624353000000,2142268000000,-517915000000,,,,9274858000000,3508956000000,3502947000000,2234000000,2260721000000,,,539756977000000,13893896000000,,,,31767599000000,27813827000000,3953772000000,436319798000000,277916000000,,2508709000000,10354585000000,4314051000000,6022657000000,,495122503000000,44483454000000,32420681000000,26650203000000,5725318000000,,,4151991000000,67026000000,83405000000,7760351000000,1131529000000,,151020000000,539756977000000,157084000000,6912556000000,4044676000000,2867880000000,,,,,20015169000000,26303000000,,,
VCB,HOSE,bank,Q2-2015,2015,2,onnx@300,pdf,2015-08-13,reviewed,True,,1000000,2,Q2-2015_bao_cao_tai_chinh_hop_nhat_quy_2_nam_2015_da_soat_xet.pdf,26650203,2665020334,2665020334,6891011000000,12005944000000,,52200816000000,56144695000000,-15379000000,9833377000000,9837575000000,-4198000000,,332614607000000,,,,,,91072071000000,49893460000000,,-297194000000,3523767000000,,680096000000,11417000000,2858095000000,-25841000000,4334443000000,2724312000000,6721825000000,-3997513000000,,,,1610131000000,2142977000000,-532846000000,,,,7924694000000,3524790000000,3323466000000,2234000000,1075271000000,,-1067000000,576530046000000,7792564000000,,,,48571367000000,31817842000000,16753525000000,459626276000000,128933000000,,2501675000000,12079335000000,4093859000000,7967397000000,,530700150000000,45829896000000,,26650203000000,5725318000000,,,4151940000000,-61839000000,83405000000,9081014000000,2452601000000,,154695000000,576530046000000,,9041578000000,3956103000000,5085475000000,,,,,22470504000000,165523000000,,,
VCB,HOSE,bank,Q3-2015,2015,3,onnx@200,pdf,2015-11-12,unaudited,True,,1000000,2,Q3-2015_bao_cao_tai_chinh_hop_nhat_quy_3_nam_2015.pdf,,2665020334,2665020334,6947028000000,10442220000000,,100037416000000,43803479000000,-29652000000,5082489000000,5087753000000,-5264000000,,356398009000000,,,,,,83593500000000,41388344000000,42510632000000,-305476000000,3599349000000,,774738000000,8494000000,2841958000000,-25841000000,4296640000000,2694255000000,6839433000000,-4145178000000,,,,1602385000000,2148916000000,-546531000000,,,,9098984000000,3506762000000,4396650000000,2234000000,1194405000000,,-1067000000,615575404000000,8878262000000,,,,55842211000000,47202722000000,8639489000000,487713370000000,291528000000,,2485532000000,16201149000000,4653318000000,11529571000000,,571412052000000,44163352000000,32420681000000,26650203000000,5725318000000,,,4149996000000,-220865000000,83405000000,7572219000000,3624716000000,,157916000000,615575404000000,52403000000,10520871000000,4507350000000,6013521000000,,,,,23759954000000,104736000000,,,
VCB,HOSE,bank,Q4-2015,2015,4,onnx@200,pdf,2016-03-11,audited,True,,1000000,2,FY-2015_bao_cao_tai_chinh_hop_nhat_nam_2015_da_kiem_toan.pdf,2665020334,2665020334,2665020334,8519334000000,19715035000000,,92587537000000,38939836000000,,9467305000000,9468255000000,-950000000,628000000,378541826000000,,,,,,108055236000000,42941175000000,65818278000000,-704217000000,3556750000000,,753772000000,9349000000,2829418000000,-35789000000,5039473000000,3385622000000,7661735000000,-4276113000000,,,,1653851000000,2211799000000,-557948000000,,,,9971680000000,3532456000000,4842275000000,1943000000,1596073000000,,-1067000000,674394640000000,,41479553000000,,,72135381000000,51743682000000,20391699000000,500528267000000,,,2479070000000,12600027000000,4988305000000,7592278000000,,629222298000000,45172342000000,,26650203000000,5725318000000,,,4941362000000,79969000000,89222000000,7475808000000,3554314000000,,165300000000,674394640000000,74143000000,19757401000000,8852550000000,10904851000000,,,,,30826079000000,26797000000,,,
VCB,HOSE,bank,Q1-2016,2016,1,onnx@300,pdf,2016-04-19,unaudited,True,,1000000,2,Q1-2016_bao_cao_tai_chinh_hop_nhat_quy_1_nam_2016.pdf,,2665020334,2665020334,7642463000000,13420795000000,,70089174000000,36006692000000,-255000000,8233876000000,8247423000000,-13547000000,36020000000,401741175000000,,,,,,105917551000000,38713701000000,67904005000000,-700155000000,3568276000000,,764632000000,10015000000,2829418000000,-35789000000,4913668000000,3248348000000,7691599000000,-4443251000000,,,,1665320000000,2231307000000,-565987000000,,,,10754758000000,3399626000000,4758899000000,2875000000,2594402000000,,-1044000000,662324193000000,21560994000000,,,,65175497000000,45590530000000,19584967000000,513996943000000,,,,11969734000000,4508434000000,7441960000000,,615176422000000,47147771000000,32420681000000,26650203000000,5725318000000,,,4940756000000,238159000000,89222000000,9314394000000,1836686000000,,144559000000,662324193000000,19867969000000,,9565464000000,10302505000000,,,,,28149974000000,230991000000,,,
VCB,HOSE,bank,Q2-2016,2016,2,onnx@200,pdf,2016-08-12,reviewed,True,,1000000,2,Q2-2016_bao_cao_tai_chinh_hop_nhat_quy_2_nam_2016_da_soat_xet.pdf,2665020334,2665020334,2665020334,8230533000000,19732309000000,,63112388000000,36679954000000,-255000000,8796343000000,8814903000000,-18560000000,108759000000,418764081000000,,,,,,105702249000000,40947231000000,67193054000000,-2438036000000,3578774000000,,774525000000,10620000000,2829418000000,-35789000000,4870123000000,3207270000000,7795669000000,-4588399000000,,,,1662853000000,2236971000000,-574118000000,,,,9425701000000,3696318000000,4299989000000,2713000000,1427618000000,,-937000000,679000959000000,31670701000000,,,,49476949000000,38600555000000,10876394000000,535648094000000,,,2473166000000,11156005000000,4689775000000,6446851000000,,630424915000000,48576044000000,,26650203000000,5725318000000,,,4936561000000,78970000000,89222000000,10902265000000,3421045000000,,148345000000,679000959000000,,15148240000000,7000648000000,8147592000000,,,,,31394574000000,48099000000,,,
VCB,HOSE,bank,Q3-2016,2016,3,onnx@200,pdf,2016-10-21,unaudited,True,,1000000,2,Q3-2016_bao_cao_tai_chinh_hop_nhat_quy_3_nam_2016.pdf,,3597768575,3597768575,8778862000000,21083502000000,,71189614000000,35765360000000,-255000000,6036729000000,6082974000000,-46245000000,156703000000,437976900000000,,,,,,135275015000000,69080510000000,68604787000000,-2410282000000,3594152000000,,788617000000,11906000000,2829418000000,-35789000000,5054402000000,3326603000000,8056782000000,-4730179000000,,,,1727799000000,2311324000000,-583525000000,,,,12673873000000,5277217000000,5957887000000,3002000000,1436704000000,,-937000000,737584857000000,41910369000000,,,,57100860000000,47644963000000,9455897000000,573152682000000,,,2454363000000,15429732000000,5543612000000,9866649000000,,690048006000000,47536851000000,36022846000000,35977686000000,,,,4936094000000,73950000000,89222000000,6263141000000,5057906000000,,151598000000,737584857000000,96411000000,26849480000000,12244287000000,14605193000000,,,,,33357370000000,44703000000,,,
VCB,HOSE,bank,Q4-2016,2016,4,onnx@200,pdf,2017-03-29,audited,True,,1000000,2,FY-2016_bao_cao_tai_chinh_hop_nhat_nam_2016_da_kiem_toan.pdf,3597768575,3597768575,3597768575,9692053000000,17382418000000,,103236053000000,48609517000000,,4233529000000,4271362000000,-37833000000,230658000000,452684316000000,,,,,,131771107000000,51931950000000,284000000,-180127000000,3627814000000,,803098000000,9645000000,2829418000000,-14347000000,5639382000000,3717046000000,8621996000000,-4904950000000,,,,1922336000000,2518777000000,-596441000000,,,,10800045000000,2950677000000,5786098000000,1943000000,2062000000,,-937000000,787906892000000,54151413000000,,,,72238405000000,53282230000000,18956175000000,590451344000000,,,10286376000000,12677844000000,6454174000000,6205209000000,,739805382000000,48101510000000,,35977686000000,,,,5936667000000,84245000000,83285000000,5830946000000,4626044000000,,143521000000,787906892000000,222549000000,24605699000000,9019812000000,15585887000000,,,,,36683048000000,63624000000,,,
VCB,HOSE,bank,Q1-2017,2017,1,onnx@200,pdf,2017-04-20,unaudited,True,,1000000,2,Q1-2017_bao_cao_tai_chinh_hop_nhat_quy_1_nam_2017.pdf,,3597768575,35977686,8866965000000,24076718000000,,87541637000000,29257629000000,-255000000,10471789000000,10497064000000,-25275000000,703058000000,490076491000000,,,,,,122949670000000,35087405000000,88060558000000,-198293000000,3646690000000,,820874000000,10746000000,2829418000000,-14348000000,5550728000000,3638898000000,697063000000,165000000,,,,1911830000000,2518894000000,-607064000000,,,,11137854000000,3570231000000,5562979000000,1943000000,2003638000000,,-937000000,794278974000000,50366699000000,,,,57538693000000,41044753000000,16493940000000,609313907000000,,,10055615000000,16690865000000,6626303000000,10046003000000,,743965779000000,50313195000000,36022846000000,977686000000,45160000000,,,5936667000000,86327000000,83285000000,8036830000000,7000000,,147240000000,794278974000000,227029000000,16407712000000,7657462000000,250000000,,,,,36738385000000,104704000000,,,
VCB,HOSE,bank,Q2-2017,2017,2,onnx@200,pdf,2017-08-11,reviewed,True,,1000000,2,Q2-2017_bao_cao_tai_chinh_hop_nhat_quy_2_nam_2017_da_soat_xet.pdf,3597768575,3597768575,3597768575,10197518000000,36549788000000,,97890514000000,45231617000000,-255000000,6503770000000,6525271000000,-21501000000,405104000000,513575109000000,,,,,,119404934000000,30385221000000,89215495000000,-195782000000,3662384000000,,835418000000,11896000000,2829418000000,-14348000000,5538781000000,3637629000000,8849531000000,-5211902000000,,,,1901152000000,2518893000000,-617741000000,,,,10793208000000,3661411000000,5261373000000,3560000000,1867801000000,,-937000000,849752472000000,70661272000000,,,,46511762000000,37273747000000,9238015000000,650128698000000,,2450000000,13037014000000,17301417000000,6702608000000,10580193000000,,797642613000000,52109859000000,,35977686000000,,,,5934834000000,87932000000,83285000000,9829079000000,4222300000000,,151883000000,849752472000000,264463000000,26944692000000,4248202000000,22696490000000,,,,,37326188000000,111246000000,,,
VCB,HOSE,bank,Q3-2017,2017,3,onnx@200,pdf,2017-10-20,unaudited,True,,1000000,2,Q3-2017_bao_cao_tai_chinh_hop_nhat_quy_3_nam_2017.pdf,,3597768575,3597768575,9252890000000,26413881000000,,128191814000000,53219637000000,-255000000,8350120000000,8417758000000,-67638000000,729633000000,525869255000000,,,,,,124515924000000,34401853000000,90251651000000,-137580000000,3676419000000,,851990000000,9359000000,2829418000000,-14348000000,5476421000000,3568549000000,8927025000000,-5358476000000,,,,1907872000000,2536517000000,-628645000000,,,,12788329000000,4413517000000,6754734000000,3730000000,1618123000000,,-1775000000,898484068000000,67132292000000,,,,45505277000000,36845727000000,8659550000000,688000458000000,,11726000000,16257159000000,27331355000000,8027589000000,19285189000000,,844238267000000,54245801000000,36022846000000,35977686000000,,,,5932975000000,87527000000,83285000000,11962733000000,6366397000000,,156435000000,898484068000000,264463000000,80822009000000,10886467000000,69935542000000,,,,,37326188000000,263796000000,,,
VCB,HOSE,bank,Q4-2017,2017,4,onnx@200,pdf,2018-03-30,audited,True,,1000000,2,FY-2017_bao_cao_tai_chinh_hop_nhat_nam_2017_da_kiem_toan.pdf,,,,10102861000000,93615618000000,,159043345000000,73930058000000,,9669033000000,9750244000000,-81211000000,832354000000,535321404000000,,,,,,129952272000000,34688298000000,95404021000000,-140047000000,3552828000000,,861567000000,10434000000,2705966000000,-25139000000,6162361000000,4198053000000,9701927000000,-5503874000000,,,,1964308000000,2606775000000,-642467000000,,,,13111149000000,4505735000000,6025653000000,5548000000,2576228000000,,-2015000000,1035293283000000,171385068000000,,,,66942203000000,55803878000000,11138325000000,708519717000000,,23153000000,18214504000000,17650679000000,8467337000000,9163290000000,,982735324000000,52557959000000,,35977686000000,,,,7253682000000,94485000000,83285000000,8715252000000,6239252000000,,89324000000,1035293283000000,265179000000,74729089000000,8223247000000,66505842000000,,,,,51953402000000,284135000000,,,
VCB,HOSE,bank,Q1-2018,2018,1,onnx@200,pdf,2018-04-19,unaudited,True,,1000000,2,Q1-2018_bao_cao_tai_chinh_hop_nhat_quy_1_nam_2018.pdf,,3597768575,3597768575,9656186000000,27848779000000,,107376389000000,49697592000000,,12497227000000,12565202000000,-67975000000,945052000000,568031472000000,,,,,,205137354000000,99846994000000,105458038000000,-167678000000,3398372000000,,875353000000,11671000000,2536486000000,-25138000000,6077063000000,4128275000000,9799439000000,-5671164000000,,,,1948788000000,2606865000000,-658077000000,,,,13240308000000,4602047000000,6386923000000,5546000000,2247644000000,,-1852000000,1003905794000000,,,,,40590347000000,35261051000000,5329296000000,730986638000000,,26758000000,18295001000000,26560333000000,8486716000000,18053587000000,,947840056000000,131380979000000,36321931000000,35977686000000,,,,7253682000000,96485000000,83285000000,12217085000000,3503948000000,,93270000000,1003905794000000,282978000000,76795308000000,23582419000000,53212889000000,,,,,40799011000000,303656000000,,,
VCB,HOSE,bank,Q2-2018,2018,2,onnx@200,pdf,2018-07-20,reviewed,True,,1000000,2,Q2-2018_bao_cao_tai_chinh_hop_nhat_quy_2_nam_2018_da_soat_xet.pdf,3597768575,3597768575,3597768575,12662976000000,13341730000000,,106228747000000,36273896000000,,8289267000000,8359718000000,-70451000000,,596234984000000,,,,,,182871587000000,66150721000000,117011609000000,-290743000000,3289920000000,,881955000000,7585000000,2425519000000,-25139000000,5993507000000,4044348000000,9889778000000,-5845430000000,,,,1949159000000,2621576000000,-672417000000,,,,12495341000000,4226959000000,6517366000000,5863000000,1748600000000,,-3447000000,977681955000000,71700823000000,,,,39529573000000,36604573000000,2925000000000,764496671000000,375822000000,28274000000,21172268000000,21775340000000,8152601000000,13602292000000,,919078771000000,58603184000000,,35977686000000,,,,7258817000000,80804000000,105280000000,14737469000000,6430711000000,,98471000000,977681955000000,267466000000,100003635000000,19345264000000,80658371000000,,,,,44720447000000,309479000000,,,
VCB,HOSE,bank,Q3-2018,2018,3,onnx@200,pdf,2018-10-19,unaudited,True,,1000000,2,Q3-2018_bao_cao_tai_chinh_hop_nhat_quy_3_nam_2018.pdf,,3597768575,3597768575,9857302000000,30488651000000,,99535717000000,52838877000000,-1029000000,3744047000000,3819597000000,-75550000000,14493000000,616408960000000,,,,,,159115162000000,40997646000000,118446566000000,-329050000000,3213660000000,,880589000000,9137000000,2349073000000,-25139000000,6140145000000,4204238000000,10225743000000,-6021505000000,,,,1935907000000,2621736000000,-685829000000,,,,13755420000000,3985848000000,8165526000000,5857000000,1601635000000,,-3446000000,995111405000000,81234750000000,,,,34175703000000,31218203000000,2957500000000,773406098000000,,27050000000,21095279000000,23646046000000,8530721000000,15094491000000,,933584926000000,61526479000000,36322343000000,35977686000000,,,,7254472000000,108454000000,107274000000,17650348000000,9365336000000,,83588000000,995111405000000,237483000000,58886151000000,16002922000000,42883229000000,,,,,53914903000000,316591000000,,,
VCB,HOSE,bank,Q4-2018,2018,4,onnx@200,pdf,2019-03-31,audited,True,,1000000,2,FY-2018_bao_cao_tai_chinh_hop_nhat_nam_2018_da_kiem_toan.pdf,3597768575,3597768575,3597768575,12792045000000,10845701000000,,187352500000000,63875537000000,-1000000000000,2654806000000,2725051000000,-70245000000,275983000000,621573249000000,,,,,,149296430000000,35321259000000,114251030000000,-275859000000,2476067000000,,897308000000,10339000000,1635418000000,-66998000000,6527466000000,4459292000000,10534068000000,-6074776000000,,,,2068174000000,2772517000000,-704343000000,,,,17356776000000,4065268000000,7409149000000,6740000000,5879141000000,,-3522000000,1074026560000000,90685315000000,,,,76524079000000,75245679000000,1278400000000,801929115000000,,25803000000,21461132000000,21221737000000,8717540000000,12484902000000,,1011847181000000,62179379000000,,35977686000000,,,,9445732000000,84450000000,119178000000,16138687000000,10755119000000,,68989000000,1074026560000000,,61831282000000,12471111000000,49360171000000,,,,,54250031000000,295856000000,,,
VCB,HOSE,bank,Q1-2019,2019,1,onnx@200,pdf,2019-04-19,unaudited,True,,1000000,2,Q1-2019_bao_cao_tai_chinh_hop_nhat_quy_1_nam_2019.pdf,,3708877448,3708877448,10339124000000,39616873000000,,115193607000000,55484279000000,-1000000000000,4064542000000,4133808000000,-69266000000,95343000000,661260823000000,,,,,,155710612000000,33580660000000,122424846000000,-294894000000,2505232000000,,925202000000,11610000000,1635418000000,-66998000000,6379677000000,4294994000000,10528483000000,-6233489000000,,,,2084683000000,2802497000000,-717814000000,,,,23681852000000,6495706000000,7964540000000,5909000000,9219219000000,,-3522000000,1073331964000000,79113565000000,,,,39264447000000,36941947000000,2322500000000,838277163000000,,25339000000,21349085000000,22310487000000,9636141000000,12655103000000,,1000340086000000,72991878000000,42428831000000,37088774000000,4995400000000,,,9445732000000,79973000000,118856000000,20845932000000,4707336000000,,72554000000,1073331964000000,,58270195000000,19538526000000,38731669000000,,,,,53798255000000,297536000000,,,
VCB,HOSE,bank,Q2-2019,2019,2,onnx@200,pdf,2019-08-14,reviewed,True,,1000000,2,Q2-2019_bao_cao_tai_chinh_hop_nhat_quy_2_nam_2019_da_soat_xet.pdf,3708877448,3708877448,3708877448,12011456000000,50092949000000,,127209203000000,47961686000000,-1000000000000,4986634000000,5053763000000,-67129000000,108943000000,682822870000000,,,,,,166995578000000,38707837000000,128735924000000,-448183000000,2480250000000,,946599000000,12826000000,1587823000000,-66998000000,6439761000000,4259646000000,10662327000000,-6402681000000,,,,2180115000000,2920876000000,-740761000000,,,,22545228000000,10843905000000,7531378000000,6071000000,4167571000000,,-3697000000,1122654558000000,,,,,48792342000000,47155842000000,1636500000000,871229465000000,,23911000000,21339119000000,25266446000000,10142500000000,15104525000000,,1046257226000000,76397332000000,,37088774000000,4995389000000,,,9443149000000,69370000000,116817000000,24262720000000,9068271000000,,76456000000,1122654558000000,,68103477000000,24383925000000,43719552000000,,,,,55883998000000,321731000000,,,
VCB,HOSE,bank,Q3-2019,2019,3,onnx@200,pdf,2019-10-21,unaudited,True,,1000000,2,Q3-2019_bao_cao_tai_chinh_hop_nhat_quy_3_nam_2019.pdf,,3708877448,3708877448,12321593000000,32427277000000,,169161049000000,48578224000000,-1000000000000,3454865000000,3531164000000,-76299000000,89200000000,693973370000000,,,,,,169626712000000,43498998000000,126563376000000,-435662000000,2500312000000,,970251000000,9236000000,1587823000000,-66998000000,6322844000000,4146505000000,10711523000000,-6565018000000,,,,2176339000000,2936192000000,-759853000000,,,,20034561000000,9750429000000,8352322000000,5980000000,1929349000000,,-3519000000,1157490007000000,79127286000000,,,,41331112000000,39520112000000,1811000000000,902184481000000,,22116000000,21320813000000,32113305000000,10680415000000,21410500000000,,1076099113000000,81390894000000,42428820000000,37088774000000,4995389000000,,,9441199000000,40434000000,115899000000,29285510000000,14116613000000,,79032000000,1157490007000000,140295404000000,,40360549000000,99934855000000,,,,,58936570000000,329625000000,,,
VCB,HOSE,bank,Q4-2019,2019,4,onnx@200,pdf,2020-03-11,audited,True,,1000000,2,FY-2019_bao_cao_tai_chinh_hop_nhat_nam_2019_da_kiem_toan.pdf,3708877448,3708877448,3708877448,,34684091000000,,190100329000000,62370043000000,-3000000000000,1801126000000,1889628000000,-88502000000,98312000000,724290102000000,,,,,,167529689000000,35699090000000,132271302000000,-440703000000,2464493000000,,940807000000,10863000000,1587823000000,-75000000000,6710443000000,4449649000000,11161239000000,-6711590000000,,,,2260794000000,3050669000000,-789875000000,,,,21891872000000,8829375000000,8150156000000,405543000000,4510592000000,,-3794000000,1222718858000000,92365806000000,,,,73617085000000,71046512000000,2570573000000,928450869000000,,20431000000,21383932000000,25997753000000,10382357000000,15593373000000,,1141835876000000,80882982000000,,37088774000000,4995389000000,,,12186141000000,16361000000,113011000000,26055190000000,13866636000000,,83459000000,1222718858000000,292563000000,91594629000000,25775812000000,65818817000000,,,,,53276574000000,349311000000,,,
VCB,HOSE,bank,Q1-2020,2020,1,onnx@300,pdf,2020-04-20,unaudited,True,,1000000,2,Q1-2020_bao_cao_tai_chinh_hop_nhat_quy_1_nam_2020.pdf,,3708877448,3708877448,13051765000000,16569663000000,,124434685000000,53105939000000,,4119276000000,4251400000000,-132124000000,,739956924000000,,,,,,164724158000000,33877042000000,131308990000000,-461874000000,1487109000000,,962384000000,11902000000,1587823000000,-75000000000,6551316000000,4285267000000,11176414000000,-6891147000000,,,,2266049000000,3080303000000,-814254000000,,,,20269427000000,9272066000000,8570014000000,408138000000,2022382000000,,,1144270262000000,32453089000000,,,,43642452000000,42548452000000,1094000000000,934048243000000,365859000000,19090000000,21371902000000,27297641000000,10802719000000,16472408000000,,1059198276000000,85071986000000,42428820000000,37088774000000,4995389000000,,,12186084000000,18249000000,115528000000,30234825000000,4177915000000,,88480000000,1144270262000000,90184864000000,,26691356000000,63493508000000,,,,,54139232000000,,,,
VCB,HOSE,bank,Q2-2020,2020,2,onnx@200,pdf,2020-08-13,reviewed,True,,1000000,2,Q2-2020_bao_cao_tai_chinh_hop_nhat_quy_2_nam_2020_da_soat_xet.pdf,3708877448,3708877448,3708877448,,71566703000000,,128821053000000,22940835000000,-1000000000000,3556653000000,3641851000000,-85198000000,,754374040000000,,,,,,163458200000000,28375703000000,135577712000000,-495215000000,2329091000000,,712707000000,13258000000,1678126000000,-75000000000,6713876000000,4409846000000,11485261000000,17075416000000,,,,2314030000000,161594000000,-847664000000,,,,21237667000000,10727414000000,6871123000000,6821000000,3636257000000,,-3948000000,1185871662000000,10326096000000,,,,48404237000000,46551237000000,1853000000000,981240858000000,59126000000,17930000000,21294140000000,34950815000000,10928812000000,24021760000000,,1096293202000000,42428820000000,37088774000000,,389000000,,,12183712000000,27265000000,,34845164000000,8788254000000,,91499000000,1185871662000000,,102686836000000,38014891000000,64671945000000,,,,,53656297000000,489226000000,,,
VCB,HOSE,bank,Q3-2020,2020,3,onnx@200,pdf,2020-10-20,unaudited,True,,1000000,2,Q3-2020_bao_cao_tai_chinh_hop_nhat_quy_3_nam_2020.pdf,,3708877448,3708877448,11526350000000,24743965000000,,149619503000000,25878310000000,-1000000000000,2250624000000,2304262000000,-53638000000,,766794848000000,,,,,,175191060000000,37720737000000,138032750000000,-562427000000,2347260000000,,734715000000,9419000000,1678126000000,-75000000000,7030365000000,4713049000000,12026277000000,-7313228000000,,,,2317316000000,3206724000000,-889408000000,,,,24189798000000,8220432000000,7931109000000,6048000000,8036144000000,,-3935000000,1188572083000000,6050819000000,,,,52329301000000,50569301000000,1760000000000,981492077000000,33796000000,16402000000,21261806000000,33811862000000,10996265000000,22815354000000,,1094996063000000,93576020000000,42428820000000,37088774000000,4995389000000,,,12181294000000,26817000000,,38840704000000,12779157000000,,,1188572083000000,120041741000000,,36192398000000,83849343000000,,,,,53128073000000,645486000000,,,
VCB,HOSE,bank,Q4-2020,2020,4,onnx@200,pdf,2021-03-31,audited,True,,1000000,2,FY-2020_bao_cao_tai_chinh_hop_nhat_nam_2020_da_kiem_toan.pdf,3708877448,3708877448,3708877448,15095394000000,33139373000000,,204713783000000,64255862000000,,1954061000000,1991861000000,-37800000000,,820545467000000,,,,,,156931097000000,42148831000000,115382544000000,-600278000000,2239006000000,,714935000000,11248000000,1587823000000,-75000000000,8539362000000,5411139000000,12866189000000,-7455050000000,,,,3128223000000,4211880000000,-1083657000000,,,,19816687000000,6668595000000,7206125000000,909263000000,5036638000000,,-3934000000,1326230092000000,41176995000000,,,,103583833000000,100916433000000,2667400000000,1032113567000000,52031000000,14679000000,21240197000000,33953811000000,9797834000000,24155977000000,,1232135113000000,94094979000000,,37088774000000,4995389000000,,,14925803000000,,,36650228000000,13846698000000,,85024000000,1326230092000000,654296000000,116656912000000,53984032000000,62672880000000,,,,,50892327000000,680372000000,,,
VCB,HOSE,bank,Q1-2021,2021,1,onnx@200,pdf,2021-04-29,unaudited,True,,1000000,2,Q1-2021_bao_cao_tai_chinh_hop_nhat_quy_1_nam_2021.pdf,,3708877448,3708877448,24008360000000,203604117000000,,36951178000000,-1000000000000,,3866240000000,3906378000000,-40138000000,,850460935000000,,,,,,149886637000000,46062651000000,104464547000000,-640561000000,2261397000000,,12296000000,1587823000000,-75000000000,,8333301000000,5292741000000,12930147000000,-7637406000000,,,,3040560000000,4211425000000,-1170865000000,,,,24267237000000,8546642000000,8421916000000,909571000000,6393042000000,,-3934000000,1278965858000000,18538368000000,,,,80758597000000,2488000000000,1025547607000000,,63982000000,21408307000000,31630334000000,9420234000000,22210100000000,,,1177958179000000,101007679000000,,37088774000000,4995389000000,,,14925755000000,10387000000,,43552776000000,6902578000000,,89940000000,1278965858000000,124606684000000,,57697306000000,66909378000000,,,,,53210638000000,782875000000,,,
VCB,HOSE,bank,Q2-2021,2021,2,onnx@200,pdf,2021-08-13,reviewed,True,,1000000,2,Q2-2021_bao_cao_tai_chinh_hop_nhat_quy_2_nam_2021_da_soat_xet.pdf,3708877448,3708877448,3708877448,,23485760000000,,164585658000000,22291943000000,,3182256000000,3221327000000,-39071000000,,897798104000000,,,,,,147996760000000,49339958000000,99230545000000,-573743000000,2281134000000,,754888000000,13423000000,1587823000000,-75000000000,8317891000000,5363219000000,13221132000000,-7857913000000,,,,2954672000000,4213943000000,-1259271000000,,,,22107315000000,9714405000000,6187719000000,909210000000,5300001000000,,-4020000000,1304179106000000,,,,,84188617000000,80671606000000,3517011000000,1051273660000000,30621000000,9884000000,21398107000000,33261223000000,9366261000000,23894962000000,,1199239588000000,104939518000000,,37088774000000,4995389000000,,,14916935000000,1708000000,,47408227000000,10862683000000,,94464000000,1304179106000000,,131720422000000,8985672000000,8865761000000,113868989000000,,,,55032284000000,762265000000,,,
VCB,HOSE,bank,Q3-2021,2021,3,onnx@200,pdf,2021-10-29,unaudited,True,,1000000,2,Q3-2021_bao_cao_tai_chinh_hop_nhat_quy_3_nam_2021.pdf,,3708877448,3708877448,13356519000000,60969106000000,,166228757000000,39687528000000,-1000000000000,3583497000000,3621712000000,-38215000000,259485000000,909910950000000,,,,,,157248652000000,55437932000000,102404130000000,-593410000000,2391940000000,,781363000000,14252000000,1671325000000,-75000000000,8177405000000,5276646000000,13335075000000,18058429000000,,,,2900759000000,4256512000000,-1355753000000,,,,24421565000000,11781220000000,7019743000000,909265000000,4715357000000,,-4020000000,1385235404000000,8709185000000,,,,106138767000000,101596167000000,4542600000000,1108418876000000,,8784000000,21378159000000,31054781000000,10029236000000,21025545000000,,1275708552000000,109526852000000,42428821000000,37088774000000,4995389000000,,,14919178000000,-4418000000,,52084482000000,15456813000000,,98789000000,1385235404000000,,88516181000000,4778157000000,4762198000000,78975826000000,,,,57439651000000,810074000000,,,
VCB,HOSE,bank,Q4-2021,2021,4,onnx@200,pdf,2022-03-21,audited,True,,1000000,2,FY-2021_bao_cao_tai_chinh_hop_nhat_nam_2021_da_kiem_toan.pdf,3708877448,3708877448,3708877448,18011766000000,22506711000000,,181036981000000,48727565000000,-4000000000000,2766098000000,2822531000000,-56433000000,303202000000,934774287000000,,,,,,170604700000000,71122502000000,99657595000000,-175397000000,2346176000000,,748895000000,10820000000,1661461000000,-75000000000,8626043000000,5552624000000,13725160000000,-8172536000000,,,,3073419000000,4622229000000,-1548810000000,,,,28969058000000,15796141000000,7149313000000,7137000000,6020487000000,,-4020000000,1414672587000000,9468116000000,,,,109757777000000,104043817000000,5713960000000,1135323913000000,,7707000000,17387747000000,33609934000000,9326334000000,24283600000000,,1305555194000000,109117393000000,,37088774000000,4995389000000,,,18173068000000,-5109000000,,48433500000000,16606772000000,,87113000000,1414672587000000,2447477000000,81044022000000,3470214000000,3466305000000,74107503000000,,,,51576893000000,196990000000,,,
VCB,HOSE,bank,Q1-2022,2022,1,onnx@200,pdf,2022-04-29,unaudited,True,,1000000,2,Q1-2022_bao_cao_tai_chinh_hop_nhat_quy_1_nam_2022.pdf,,4732516571,4732516571,14868054000000,38888399000000,,156548126000000,39451222000000,-1000000000000,3297566000000,3372631000000,-75065000000,,997707933000000,,,,,,171953037000000,75001289000000,97125603000000,-173855000000,2366013000000,,769437000000,11979000000,1659597000000,-75000000000,8344847000000,5386077000000,13748800000000,-8362723000000,,,,2958770000000,4620978000000,-1662208000000,,,,30322961000000,18941095000000,8216704000000,10798000000,3158305000000,,-3941000000,1462748158000000,36310440000000,,,,81277695000000,75589555000000,5688140000000,1179668881000000,5215000000,6585000000,17380178000000,31021476000000,10137639000000,20883837000000,,1345670470000000,117077688000000,52665213000000,47325166000000,4995389000000,,,18173014000000,-9856000000,,46156897000000,7962184000000,,,1462748158000000,69702746000000,,6415326000000,6466478000000,56820942000000,,,,57162498000000,207744000000,872504000000,55445134000000,367927233000000
VCB,HOSE,bank,Q2-2022,2022,2,onnx@200,pdf,2022-08-29,reviewed,True,,1000000,2,Q2-2022_bao_cao_tai_chinh_hop_nhat_quy_2_nam_2022_da_soat_xet.pdf,,4732516571,37088774,15097807000000,28813961000000,,206455463000000,50081519000000,-1000000000000,3150052000000,3187225000000,-37173000000,,1066990245000000,,,,,,191407933000000,101203452000000,90293045000000,-88564000000,2380804000000,,788086000000,8121000000,1659597000000,-75000000000,8103519000000,5249947000000,13797299000000,-8547352000000,,,,2853572000000,4617993000000,-1764421000000,,,,30199661000000,18005150000000,7156290000000,7927000000,5035736000000,,-5442000000,1601680964000000,61020549000000,,61020549000000,,171676891000000,159084451000000,12592440000000,1195391576000000,19457000000,5485000000,14367033000000,36210276000000,10960439000000,25249837000000,,1478691267000000,122989697000000,,47325166000000,4995389000000,,,18171942000000,-1782000000,,52056550000000,13899138000000,,97774000000,1601680964000000,2194712000000,102458696000000,6855324000000,6963778000000,88639594000000,,,,54722026000000,197733000000,940399000000,55443492000000,388991662000000
VCB,HOSE,bank,Q3-2022,2022,3,onnx@200,pdf,2022-10-28,unaudited,True,,1000000,2,Q3-2022_bao_cao_tai_chinh_hop_nhat_quy_3_nam_2022.pdf,,4732516571,4732516571,16293080000000,11378539000000,,254958471000000,48968688000000,-1000000000000,1347762000000,1407066000000,-59304000000,,1093971420000000,,,,,,177219709000000,87411490000000,89896772000000,-88553000000,2217065000000,,753246000000,9674000000,1529145000000,-75000000000,7820512000000,5060100000000,13806057000000,-8745957000000,,,,2760412000000,4624053000000,-1863641000000,,,,36489081000000,24545840000000,8044556000000,5782000000,3898300000000,,-5397000000,1649664327000000,93953298000000,,93953298000000,,179758633000000,173006463000000,6752170000000,1197150901000000,120079000000,4385000000,14698727000000,35588754000000,12813118000000,22775636000000,,1521274777000000,128389550000000,53130392000000,47325166000000,4995389000000,,,18122983000000,-741021000000,,57774989000000,19964008000000,,,1649664327000000,,114152129000000,4352676000000,4387583000000,105411870000000,,,,51110329000000,157275000000,1040489000000,56162820000000,577462095000000
VCB,HOSE,bank,Q4-2022,2022,4,onnx@200,pdf,2023-03-31,audited,True,,1000000,2,FY-2022_bao_cao_tai_chinh_hop_nhat_nam_2022_da_kiem_toan.pdf,4712516571,4732516571,4732516571,18348534000000,92557809000000,,283727719000000,40749725000000,-10840000000000,1499687000000,1543575000000,-43888000000,156515000000,1120286832000000,,,,,,196171213000000,100739670000000,95513376000000,-81833000000,2193535000000,,771075000000,11314000000,1529145000000,-117999000000,7985400000000,5170083000000,13950174000000,-8780091000000,,,,2815317000000,4789089000000,-1973772000000,,,,60978201000000,24483406000000,9209121000000,958065000000,26339829000000,,-12220000000,1813815170000000,67314816000000,,67314816000000,,231510850000000,222040585000000,10470265000000,1243468471000000,,3298000000,25337894000000,109533756000000,12485332000000,97048424000000,,1678169085000000,135646085000000,53130392000000,47325166000000,4995389000000,,,22556958000000,-863071000000,,60733423000000,23125996000000,,88383000000,1813815170000000,,83320732000000,1027038000000,1028925000000,81264769000000,,,,48477552000000,35760608000000,1301468000000,60213929000000,521264498000000
VCB,HOSE,bank,Q1-2023,2023,1,onnx@200,pdf,2023-04-28,unaudited,True,,1000000,2,Q1-2023_bao_cao_tai_chinh_hop_nhat_quy_1_nam_2023.pdf,,4732516571,4732516571,15537950000000,139256635000000,,324773255000000,15695589000000,-5721000000000,1595430000000,1618113000000,-22683000000,224625000000,1142187065000000,,,,,,174526186000000,77663390000000,96941064000000,-78268000000,2221085000000,,797275000000,12664000000,1529145000000,-117999000000,7732058000000,5015683000000,14021442000000,-9005759000000,,,,2716375000000,4791697000000,-2075322000000,,,,28402412000000,15382146000000,10053102000000,953984000000,2025613000000,,-12433000000,1846431290000000,62167768000000,,62167768000000,,255334468000000,237183063000000,18151405000000,1281487916000000,,2186000000,27337890000000,75442704000000,15749162000000,59693542000000,,1701772932000000,144658358000000,53130392000000,47325166000000,4995389000000,,,22556829000000,-842553000000,,69719946000000,8986435000000,,,1846431290000000,,99401497000000,1393615000000,1368829000000,96639053000000,,,,53725934000000,23210897000000,1534601000000,60475131000000,570354371000000
VCB,HOSE,bank,Q2-2023,2023,2,onnx@200,pdf,2023-08-14,reviewed,True,,1000000,2,Q2-2023_bao_cao_tai_chinh_hop_nhat_quy_2_nam_2023_da_soat_xet.pdf,4732516571,4732516571,4732516571,,56430924000000,,266930956000000,20475812000000,-1000000000000,1375964000000,1394711000000,-18747000000,217428000000,1139981404000000,,,,,,156871470000000,65672102000000,91277142000000,-77774000000,2248021000000,,822679000000,14196000000,1529145000000,-117999000000,7598470000000,4918188000000,14154402000000,-9236214000000,,,,2680282000000,4864567000000,-2184285000000,,,,37008578000000,24959159000000,8954322000000,953110000000,2154222000000,,-12235000000,1704273133000000,2270345000000,,2270345000000,,160661447000000,155314392000000,5347055000000,1326853836000000,,1088000000,16323830000000,46161459000000,19005982000000,27155477000000,,1552272005000000,152001128000000,,47325166000000,4995389000000,,,22564054000000,-886284000000,,77094650000000,16409258000000,,98316000000,1704273133000000,,183365502000000,8395565000000,10653444000000,164316493000000,,,,53553837000000,22703566000000,1727719000000,62346440000000,656085618000000
VCB,HOSE,bank,Q3-2023,2023,3,onnx@200,pdf,2023-10-27,unaudited,True,,1000000,2,Q3-2023_bao_cao_tai_chinh_hop_nhat_quy_3_nam_2023.pdf,,55890913,47325166,,29312980000000,,298187035000000,23765100000000,-1000000000000,1735874000000,1754272000000,-18398000000,,1150958460000000,,,,,,178723851000000,102650493000000,76486963000000,-413605000000,2205920000000,,10084000000,,1529145000000,-117999000000,7441794000000,4812476000000,14244588000000,-9432112000000,,,,2629318000000,4881586000000,-2252268000000,,,,26060888000000,13759078000000,8999624000000,952084000000,2362550000000,,-12448000000,1731305572000000,2517462000000,,2517462000000,,160234123000000,155074365000000,5159758000000,1349007010000000,899053000000,725000000,15277866000000,44125815000000,22899362000000,21226453000000,,1572062054000000,159243518000000,61696139000000,55890913000000,4995389000000,,,22562989000000,-934636000000,,75814366000000,23678177000000,,,1731305572000000,,197093381000000,4489462000000,4967369000000,187636550000000,,,,59083366000000,25992118000000,1891283000000,63094538000000,670226147000000
VCB,HOSE,bank,Q4-2023,2023,4,onnx@200,pdf,2024-03-29,audited,True,,1000000,2,FY-2023_bao_cao_tai_chinh_hop_nhat_nam_2023_da_kiem_toan.pdf,5589091262,5589091262,5559091262,14504849000000,58104503000000,,312001875000000,30175707000000,-5708975000000,2495408000000,2511395000000,-15987000000,,1241675333000000,,,,,,145780067000000,67882480000000,78009747000000,-112160000000,2224945000000,,826152000000,12073000000,1529145000000,-142425000000,7708181000000,5115612000000,14714588000000,-9598976000000,,,,2592569000000,4906881000000,-2314312000000,,,,30651305000000,11790173000000,9200022000000,848268000000,8828305000000,,-15463000000,1839613198000000,1670837000000,,1670837000000,,213838980000000,193963218000000,19875762000000,1395697611000000,117752000000,365000000,19912623000000,43362364000000,19527028000000,23835336000000,,1674600532000000,165012666000000,,55890913000000,4995389000000,,,27447116000000,-983237000000,,76758658000000,25573097000000,,93990000000,1839613198000000,306384000000,111435962000000,3375603000000,3798668000000,104261691000000,,,,53731430000000,41472190000000,2424612000000,67906657000000,575204402000000
VCB,HOSE,bank,Q1-2024,2024,1,onnx@200,pdf,2024-04-26,unaudited,True,,1000000,2,Q1-2024_bao_cao_tai_chinh_hop_nhat_quy_1_nam_2024.pdf,,5589091316,5589091316,12915997000000,37836619000000,,254973480000000,23275791000000,-4948060000000,2936121000000,2956813000000,-20692000000,,1235587240000000,,,,,,174371785000000,91847588000000,82689041000000,-164844000000,2256391000000,,856112000000,13559000000,1529145000000,-142425000000,7588707000000,5046502000000,,-9800413000000,,,,2542205000000,4907455000000,-2365250000000,,,,26919513000000,14118764000000,9755449000000,849600000000,2211150000000,,-15450000000,1773713584000000,4140563000000,,4140563000000,,171488381000000,163347269000000,8141112000000,1347325611000000,91370000000,1000000,29904958000000,47148574000000,15788928000000,31359646000000,,1600099458000000,173614126000000,61696139000000,55890913000000,4995389000000,,,27447103000000,-960392000000,,85330720000000,8579996000000,,,1773713584000000,,225472369000000,13171683000000,16898899000000,195401787000000,,,,54511710000000,31827985000000,2773581000000,68308211000000,719574985000000
VCB,HOSE,bank,Q2-2024,2024,2,onnx@200,pdf,2024-08-14,reviewed,True,,1000000,2,Q2-2024_bao_cao_tai_chinh_hop_nhat_quy_2_nam_2024_da_soat_xet.pdf,5589091262,5589091262,5589091262,,35735832000000,,303761174000000,13828368000000,-1000000000000,2432382000000,2457691000000,-25309000000,510955000000,1334761763000000,,,,,,166831595000000,75795936000000,91200503000000,-164844000000,2086502000000,,684768000000,15237000000,1528922000000,-142425000000,7716515000000,5170802000000,15153003000000,-9982201000000,,,,2545713000000,4959504000000,-2413791000000,,,,26023475000000,14344290000000,8515758000000,850352000000,2323669000000,,-10594000000,1905638840000000,,,66987719000000,,218637742000000,210681861000000,7955881000000,1374683432000000,,,26901433000000,36725723000000,13663830000000,23061893000000,,1723936055000000,181702785000000,,55890913000000,4995389000000,,,27453885000000,-950182000000,,93397205000000,16699410000000,,105738000000,1905638840000000,205795000000,209964993000000,2517287000000,2515943000000,204931763000000,,,,57858258000000,11803393000000,2895974000000,70489887000000,746988648000000
VCB,HOSE,bank,Q3-2024,2024,3,onnx@200,pdf,2024-10-25,unaudited,True,,1000000,2,Q3-2024_bao_cao_tai_chinh_hop_nhat_quy_3_nam_2024.pdf,,5589091316,5589091316,13157642000000,13749051000000,,304724737000000,12841935000000,-1000000000000,4146191000000,4169191000000,-23000000000,,1366088234000000,,,,,,170417002000000,83014181000000,87654538000000,-251717000000,2119005000000,,722067000000,10441000000,1528922000000,-142425000000,8026692000000,5467042000000,15640902000000,-10173860000000,,,,2559650000000,5027780000000,-2468130000000,,,,38091419000000,13507994000000,8627164000000,850098000000,15116371000000,,-10208000000,1932361908000000,36293273000000,,36293273000000,,217260367000000,209221998000000,8038369000000,1430071020000000,116988000000,2000000,26901267000000,31421990000000,13930624000000,17491366000000,,1742064907000000,190297001000000,61696139000000,55890913000000,4995389000000,,,27453485000000,-1031752000000,,102068366000000,25266008000000,,,1932361908000000,,204726534000000,3574147000000,3573759000000,197578628000000,,,,58235363000000,20318568000000,3335262000000,70138802000000,752671432000000
VCB,HOSE,bank,Q4-2024,2024,4,onnx@200,pdf,2025-03-28,audited,True,,1000000,2,FY-2024_bao_cao_tai_chinh_hop_nhat_nam_2024_da_kiem_toan.pdf,5589091262,5589091262,5589091262,14268064000000,49340493000000,,384031890000000,6920008000000,-1000000000000,4876237000000,4908527000000,-32290000000,1314434000000,1418015724000000,,,,,,167383349000000,86799901000000,80829540000000,-246092000000,2228098000000,,763736000000,10440000000,1528922000000,-75000000000,8092877000000,5530579000000,15808302000000,-10277723000000,,,,2562298000000,5072735000000,-2510437000000,,,,30402348000000,14040294000000,8868303000000,991748000000,6516040000000,,-14037000000,2085873522000000,78237337000000,,78237337000000,,234533958000000,223171381000000,11362577000000,1514664850000000,,529000000,24125059000000,38102621000000,13990276000000,24112345000000,,1889664354000000,196209168000000,,55890913000000,4995389000000,,,37052974000000,-968292000000,,98332086000000,23833547000000,,96261000000,2085873522000000,286899000000,345715424000000,2420843000000,2429276000000,340865305000000,,,,58052470000000,34816276000000,2788354000000,74144216000000,534590122000000
VCB,HOSE,bank,Q1-2025,2025,1,onnx@200,pdf,2025-04-29,unaudited,True,,1000000,2,Q1-2025_bao_cao_tai_chinh_hop_nhat_quy_1_nam_2025.pdf,,8355675094,8355675094,13713225000000,28020997000000,,404239120000000,6348456000000,,8417843000000,8448472000000,-30629000000,,1433896493000000,,,,,,176979243000000,108816448000000,68407949000000,-245154000000,2268608000000,,800872000000,13814000000,1528922000000,-75000000000,8015849000000,5494709000000,15991230000000,-10496521000000,,,,2521140000000,5075954000000,-2554814000000,,,,27360782000000,13795166000000,9745384000000,992140000000,2842003000000,,-13911000000,2109260616000000,125298467000000,,125298467000000,,222764271000000,212498103000000,10266168000000,1509113389000000,306420000000,2000000,14165059000000,32671174000000,13209390000000,19461784000000,,1904318782000000,204941834000000,89361977000000,83556751000000,4995389000000,,,37052974000000,-951532000000,,79376463000000,8696229000000,,,2109260616000000,,261579493000000,10575401000000,10581216000000,240422876000000,,,,63605756000000,24260757000000,2955117000000,74889460000000,575366886000000
VCB,HOSE,bank,Q2-2025,2025,2,onnx@200,pdf,2025-08-12,reviewed,True,,1000000,2,Q2-2025_bao_cao_tai_chinh_hop_nhat_quy_2_nam_2025_da_soat_xet.pdf,8355675094,8355675094,8355675094,14790170000000,37686004000000,,426017341000000,6524118000000,,7992828000000,8031786000000,-38958000000,,1522462472000000,,,,,,162434366000000,128742046000000,33936124000000,-243804000000,2314396000000,,844941000000,15533000000,1528922000000,-75000000000,7967792000000,5487426000000,16186571000000,-10699145000000,,,,2480366000000,5077620000000,-2597254000000,,,,29447113000000,16618676000000,8782332000000,994006000000,3066526000000,,-14427000000,2217636600000000,,,99737152000000,,258784288000000,248482442000000,10301846000000,1586682675000000,47261000000,2000000,24165140000000,34470660000000,13653412000000,20817248000000,,2003887178000000,213749422000000,,83556751000000,4995389000000,,,37060591000000,-926111000000,,88145614000000,17528114000000,,107351000000,2217636600000000,2177533000000,237798013000000,2286862000000,2285717000000,233225434000000,,,,76327515000000,26198678000000,3243508000000,75010034000000,628459799000000
VCB,HOSE,bank,Q3-2025,2025,3,onnx@200,pdf,2025-10-30,unaudited,True,,1000000,2,Q3-2025_bao_cao_tai_chinh_hop_nhat_quy_3_nam_2025.pdf,,8355675094,8355675094,12909550000000,56577155000000,,493782774000000,4075938000000,,5251130000000,5307342000000,-56212000000,,1595933982000000,,,,,,165634799000000,135556078000000,30320838000000,-242117000000,2418879000000,,887491000000,17299000000,1589089000000,-75000000000,8141017000000,5671432000000,16620304000000,-10948872000000,,,,2469585000000,5111895000000,-2642310000000,,,,33460404000000,21135598000000,9411744000000,997419000000,1930534000000,,-14891000000,2378185628000000,162585347000000,,162585347000000,,317172542000000,303321780000000,13850762000000,1611966698000000,28651000000,2000000,23085140000000,40555703000000,15029936000000,25525767000000,,2155394083000000,222791545000000,89361977000000,83556751000000,4995389000000,,,37060181000000,-912953000000,,97169628000000,26548613000000,,,2378185628000000,,233128185000000,3146415000000,3144203000000,226837567000000,,,,87329629000000,34956640000000,3439431000000,75670159000000,630275749000000
VCB,HOSE,bank,Q4-2025,2025,4,onnx@200,pdf,2026-03-27,audited,True,,1000000,2,FY-2025_bao_cao_tai_chinh_hop_nhat_nam_2025_da_kiem_toan.pdf,8355675094,8355675094,8355675094,15542769000000,37445504000000,,515588640000000,6885722000000,,11832577000000,11900000000000,-67423000000,374918000000,1648549996000000,,,,,,162104164000000,143080817000000,22384962000000,-3361615000000,2260727000000,,734296000000,12342000000,1589089000000,-75000000000,8163312000000,5618793000000,16271880000000,-10653087000000,,,,2544519000000,5284812000000,-2740293000000,,,,33530837000000,17577148000000,10007221000000,13072000000,5951102000000,,-17706000000,2442279166000000,160128325000000,,160128325000000,,321158102000000,305902847000000,15255255000000,1672534846000000,,,27101221000000,36797946000000,15457974000000,21339972000000,,2217720440000000,224558726000000,,83556751000000,4995389000000,,,48221262000000,-918676000000,,87822642000000,20974070000000,,71521000000,2442279166000000,5884776000000,214549855000000,5273045000000,5264724000000,204012086000000,,,,93208941000000,32319442000000,2106463000000,83546262000000,682580395000000
VCB,HOSE,bank,Q1-2026,2026,1,onnx@200,pdf,2026-04-29,unaudited,True,,1000000,2,Q1-2026_bao_cao_tai_chinh_hop_nhat_quy_1_nam_2026.pdf,,8355675094,8355675094,,17957497000000,,574752661000000,6769531000000,-585000000,14096911000000,14180839000000,-83928000000,400677000000,1727390880000000,,,,,,154310736000000,131981040000000,25624703000000,-3295007000000,3510352000000,,13626000000,1589089000000,,-75000000000,8131775000000,5622860000000,16578216000000,-10955356000000,,,,2508915000000,5287124000000,-2778209000000,,,,30711911000000,17499489000000,10866457000000,16278000000,2347387000000,,-17700000000,2550963342000000,198629540000000,198629540000000,,,367184577000000,353226214000000,13958363000000,1682032374000000,,,29094816000000,,17700066000000,22290640000000,,2316932013000000,234031329000000,83556751000000,4995389000000,809837000000,,,48221262000000,-907417000000,,97278893000000,9456566000000,,,2550963342000000,,332595499000000,9761708000000,9770614000000,313063177000000,,,,109725916000000,81757173000000,2169880000000,83480752000000,702643231000000
