,trange,trange_slope,trange_acceleration,trange_gt_prev,trange_lt_prev,trange_direction,trange_normalized,trange_signal_2,trange_signal_2_slope,trange_hist_2,trange_hist_2_slope,trange_hist_2_acceleration,trange_hist_2_gt_0,trange_hist_2_lt_0,trange_hist_2_abs,trange_2_strength,trange_signal_5,trange_signal_5_slope,trange_hist_5,trange_hist_5_slope,trange_hist_5_acceleration,trange_hist_5_gt_0,trange_hist_5_lt_0,trange_hist_5_abs,trange_5_strength,trange_signal_8,trange_signal_8_slope,trange_hist_8,trange_hist_8_slope,trange_hist_8_acceleration,trange_hist_8_gt_0,trange_hist_8_lt_0,trange_hist_8_abs,trange_8_strength,trange_signal_11,trange_signal_11_slope,trange_hist_11,trange_hist_11_slope,trange_hist_11_acceleration,trange_hist_11_gt_0,trange_hist_11_lt_0,trange_hist_11_abs,trange_11_strength,trange_signal_14,trange_signal_14_slope,trange_hist_14,trange_hist_14_slope,trange_hist_14_acceleration,trange_hist_14_gt_0,trange_hist_14_lt_0,trange_hist_14_abs,trange_14_strength,trange_signal_17,trange_signal_17_slope,trange_hist_17,trange_hist_17_slope,trange_hist_17_acceleration,trange_hist_17_gt_0,trange_hist_17_lt_0,trange_hist_17_abs,trange_17_strength,trange_signal_20,trange_signal_20_slope,trange_hist_20,trange_hist_20_slope,trange_hist_20_acceleration,trange_hist_20_gt_0,trange_hist_20_lt_0,trange_hist_20_abs,trange_20_strength
trange,1.0,0.39994479351036566,0.18544532692983215,0.24331074855160445,0.2382671901688744,0.24331074855160398,0.7264068914542077,0.9726148384060107,0.4828413596462247,0.48284135964622515,0.2358712828339046,0.11436838727964219,0.2981786303954228,0.2981786303954227,0.6581161755363013,0.5512675746099821,0.8897049641515525,0.5777833030962314,0.5777833030962313,0.29834473093548664,0.14541396941831086,0.34786821075335383,0.3478682107533545,0.6928688708486993,0.5616951529389692,0.8433451426669553,0.6192287324948157,0.6192287324948166,0.3240167345125615,0.15747220315967844,0.3784212800209874,0.37842128002098735,0.7019653506996258,0.5689824676477157,0.8130129021358293,0.645150010509692,0.6451500105096918,0.338446772285049,0.16389941885382908,0.3957299358330821,0.3957299358330824,0.7121954018005192,0.5767761336397357,0.7908305201421062,0.6639390254285494,0.6639390254285494,0.3478242678849265,0.1679035066587309,0.409180632327298,0.4091806323272974,0.7189213259009126,0.5827819835454214,0.7734594516381148,0.6786816828657584,0.678681682865759,0.354465472992263,0.17064141106731937,0.4180102985947602,0.4180102985947606,0.7235889686743464,0.5878838083645777,0.7592268054952476,0.690827866304385,0.6908278663043851,0.3594453830545985,0.1726336096659357,0.42865155896988766,0.42865155896988816,0.7270203193662904,0.5921145009202392
trange_slope,0.39994479351036566,1.0,0.8326004075511444,0.5985345344479418,0.5984871794330628,0.5985345344479416,0.39704765520562424,0.18686029959573075,0.9546896289945636,0.9546896289945638,0.9207960898693558,0.6723472219407931,0.5708870722305495,0.5708870722305492,0.16704269214678547,0.2198877566199908,0.02749400817729938,0.8180822071005813,0.8180822071005818,0.9772148524676387,0.7600154671279638,0.501873114366912,0.501873114366912,0.27195035324424066,0.31677956000147145,0.0044915052227916,0.7470720820917391,0.7470720820917398,0.9889376528200098,0.7863068712230695,0.4591833000251255,0.4591833000251252,0.304539066548925,0.35164378411921027,0.01475680753035874,0.704082945832104,0.7040829458321026,0.9933720088801525,0.7987523638402498,0.43594499409344784,0.43594499409344784,0.31667373745884514,0.3687705637581748,0.018644788550701723,0.6747616602195051,0.6747616602195061,0.9955459557075077,0.8059674094687647,0.4196070631447547,0.41960706314475477,0.3231941408726165,0.37922000126218874,0.020119942793564112,0.6531793248315709,0.6531793248315712,0.9967819944475997,0.8106643218420454,0.4076032250139162,0.407603225013916,0.3264743946054784,0.3856122801672115,0.02054492158038361,0.6364480479765733,0.6364480479765735,0.9975559622866509,0.8139609748915476,0.39745330353926395,0.39745330353926395,0.3283522544288668,0.39014461515062265
trange_acceleration,0.18544532692983215,0.8326004075511444,1.0,0.5079023695840608,0.5086302953031213,0.5079023695840609,0.18310336940641136,0.03463675600442297,0.6386132595902279,0.6386132595902281,0.9714546631415705,0.9621025376136696,0.3763040447914957,0.37630404479149576,0.038001004464641386,0.05709413519174897,0.016641285426370143,0.43186863827611355,0.4318686382761137,0.9056263838993005,0.9921032553344418,0.26787703414608177,0.2678770341460816,0.13802477718126702,0.1411935166087485,0.016031309379407024,0.366782275153057,0.3667822751530574,0.8803423632612457,0.9967343851886399,0.22997361577457248,0.2299736157745726,0.1544182665292149,0.1641507313813055,0.01340016753524147,0.3350727681463063,0.335072768146306,0.8677340158833675,0.9982339582732938,0.21467179424062174,0.2146717942406216,0.1577390501654147,0.17432465014156792,0.01125317384585989,0.3160581466995022,0.31605814669950255,0.8602841838234353,0.9988975644438227,0.20242771386606703,0.2024277138660671,0.157629901487813,0.17979667079632075,0.00963275991428219,0.3032162116796525,0.3032162116796525,0.8553940930224897,0.9992475204554032,0.19450819180119394,0.19450819180119408,0.1561933661407444,0.18320926965783982,0.008399393260435099,0.29385470654295726,0.29385470654295753,0.8519489187486705,0.9994541220883706,0.18805074514827214,0.18805074514827214,0.15407008076936338,0.18554143823560787
trange_gt_prev,0.24331074855160445,0.5985345344479418,0.5079023695840608,1.0,0.9931877534420387,1.0,0.3013689885412163,0.1172558459584657,0.5673172400446923,0.5673172400446923,0.5564984815473478,0.416127871515846,0.7918860518603427,0.7918860518603427,0.02687306479039987,0.04045813767973321,0.02338900187565921,0.4857776261122138,0.48577762611221414,0.5863261802022451,0.46652074075382793,0.5909220204663636,0.5909220204663634,0.05398363525316942,0.06512005446100906,0.003585355274104188,0.4452577832770437,0.4452577832770428,0.5923352218763075,0.4815241098997206,0.5301984809606173,0.5301984809606171,0.06345331330774918,0.07418707014588344,0.003574967401998907,0.42124702546633613,0.4212470254663361,0.5945951210111553,0.4886146738322081,0.49467994023133294,0.49467994023133294,0.06616987680078856,0.07814142094868444,0.006921131361992574,0.4050962070512566,0.405096207051256,0.5957117625105202,0.49272296817518374,0.47231992876403195,0.4723199287640318,0.06811110297210975,0.0805041715945681,0.008731546470593304,0.3933032850181393,0.3933032850181394,0.5963593605605363,0.49539680808371356,0.45531749009393346,0.45531749009393346,0.06916788172800784,0.08191854325228366,0.009803590944429232,0.3841959724051242,0.3841959724051247,0.5967763925052485,0.4972734308762175,0.44253333796444944,0.4425333379644496,0.06963380279983258,0.0828649814597965
trange_lt_prev,0.2382671901688744,0.5984871794330628,0.5086302953031213,0.9931877534420387,1.0,0.993187753442039,0.2981080129218307,0.11184411063815708,0.5667895894866438,0.5667895894866439,0.5570871735239643,0.4169643732882735,0.7881105487186294,0.7881105487186297,0.02256880944389655,0.03865202633278596,0.017909101041430762,0.48463814135926153,0.48463814135926175,0.5866861557130473,0.4673314246208628,0.587502522091019,0.5875025220910193,0.050384163420591405,0.06342968695259645,0.0018178763103743729,0.443814717447926,0.44381471744792594,0.592602504439427,0.4823132490405385,0.528608056970225,0.5286080569702246,0.060437582259261644,0.0725366743845971,0.008917825904531168,0.41962349612625055,0.4196234961262496,0.5948054766418256,0.4893916667878545,0.4931292861051602,0.4931292861051599,0.06356044579991804,0.0765062322338218,0.012225978513556826,0.40335578723362076,0.40335578723361987,0.595882859857397,0.4934919988053765,0.4708737365125788,0.47087373651257897,0.06574420724513202,0.0788780680621251,0.014009402642233854,0.3914756816938626,0.39147568169386276,0.5965023599213944,0.49616010359941487,0.4539068853494099,0.4539068853494097,0.06695404335827389,0.08029783408804808,0.015056705387084798,0.38229359916841726,0.3822935991684177,0.5968987545597605,0.49803236666583234,0.4411895134138843,0.4411895134138848,0.0675248160490178,0.08124806147512738
trange_direction,0.24331074855160398,0.5985345344479416,0.5079023695840609,1.0,0.993187753442039,1.0,0.3013689885412167,0.11725584595846515,0.5673172400446923,0.5673172400446923,0.5564984815473477,0.4161278715158463,0.7918860518603426,0.7918860518603429,0.026873064790399515,0.040458137679732956,0.0233890018756586,0.48577762611221365,0.48577762611221376,0.5863261802022451,0.466520740753828,0.5909220204663636,0.5909220204663636,0.05398363525316911,0.06512005446100877,0.0035853552741035755,0.44525778327704363,0.4452577832770428,0.5923352218763076,0.48152410989972066,0.5301984809606172,0.5301984809606167,0.06345331330774884,0.07418707014588324,0.003574967401999503,0.42124702546633636,0.4212470254663362,0.5945951210111552,0.4886146738322082,0.4946799402313328,0.4946799402313328,0.06616987680078824,0.07814142094868412,0.006921131361993199,0.4050962070512568,0.4050962070512559,0.5957117625105197,0.492722968175184,0.47231992876403184,0.47231992876403206,0.06811110297210933,0.08050417159456791,0.008731546470593975,0.3933032850181395,0.3933032850181393,0.5963593605605362,0.49539680808371356,0.45531749009393346,0.45531749009393335,0.06916788172800736,0.08191854325228347,0.009803590944429865,0.38419597240512404,0.38419597240512465,0.5967763925052485,0.4972734308762179,0.4425333379644494,0.4425333379644494,0.06963380279983221,0.08286498145979634
trange_normalized,0.7264068914542077,0.39704765520562424,0.18310336940641136,0.3013689885412163,0.2981080129218307,0.3013689885412167,1.0,0.6720610385041642,0.4805494031177429,0.48054940311774286,0.2325824923016383,0.11328040403255721,0.3802950123760435,0.3802950123760437,0.4414309564954762,0.36568291578065076,0.5579760242888206,0.5775886739925784,0.5775886739925785,0.29471070474723,0.14353801278865355,0.4580981312120021,0.4580981312120014,0.47450497118621066,0.38306172445705733,0.4963396573789501,0.6197092545871604,0.6197092545871596,0.3205614598012859,0.15537512738482373,0.48926961739390346,0.4892696173939035,0.4843842214148623,0.3921057497855472,0.45570172456234376,0.6456339735274675,0.6456339735274662,0.33516032141658825,0.16171150634809048,0.5065393419558415,0.5065393419558416,0.4931786177791968,0.39988418521278185,0.42559979469573683,0.6641735854729103,0.6641735854729094,0.3446603522875725,0.16566994482154188,0.5178679831904479,0.5178679831904481,0.4989631534869436,0.4056088102703959,0.4016837820414626,0.6785781817603236,0.6785781817603243,0.35138828380064824,0.1683816295780656,0.532220241345298,0.5322202413452978,0.5034002806049462,0.41039756100735153,0.3817961568761445,0.6903588528856957,0.6903588528856975,0.3564307796878507,0.17035724630185475,0.5448175037283789,0.5448175037283787,0.5072011411221259,0.4144512545587732
trange_signal_2,0.9726148384060107,0.18686029959573075,0.03463675600442297,0.1172558459584657,0.11184411063815708,0.11725584595846515,0.6720610385041642,1.0,0.2660841685860778,0.266084168586078,0.057131355914852126,0.006330288411869092,0.1680055624390259,0.16800556243902562,0.6634845668640874,0.5296451950167347,0.9633358056632192,0.3867651833547504,0.38676518335475024,0.09627793668013149,0.015165624780318342,0.2303292665673519,0.23032926656735242,0.6785791943416851,0.5175807451890722,0.9259659565284447,0.44779844926836904,0.4477984492683701,0.11602088773343999,0.019963499315424432,0.27317578600544057,0.27317578600544035,0.6790382391297247,0.5159185216816751,0.8976498495526983,0.4872003190330042,0.48720031903300254,0.12805666300523422,0.022862446494140917,0.2982911751945999,0.29829117519460036,0.6859674821689197,0.519471974330161,0.87548216270079,0.5158686564671572,0.515868656467158,0.13623675905324137,0.024797772375382752,0.31717346833958165,0.31717346833958054,0.6906142870778629,0.5228705874657107,0.8574426462437238,0.5382425174777004,0.538242517477701,0.14219973324094623,0.026181255180232267,0.33015591567909897,0.3301559156790996,0.6940039801106721,0.5264684764818901,0.8423032639258207,0.5565198290125095,0.5565198290125105,0.1467630807585386,0.027219886620126848,0.3447741163830598,0.3447741163830601,0.6965121811309373,0.5296670896060703
trange_signal_2_slope,0.4828413596462247,0.9546896289945636,0.6386132595902279,0.5673172400446923,0.5667895894866438,0.5673172400446923,0.4805494031177429,0.2660841685860778,1.0,1.0,0.7629960124998141,0.45048025907707384,0.6036646106618365,0.6036646106618364,0.2296345675854977,0.29076238064746424,0.0603649957535305,0.9390677631380021,0.9390677631380026,0.8746042355132777,0.5459494024195563,0.5749277818750148,0.5749277818750146,0.31689522630948863,0.3794653472824205,0.008892125095525113,0.8810011971054656,0.881001197105464,0.9066900051186579,0.5778825621568174,0.540209128373778,0.5402091283737775,0.3528923806308692,0.41595155380965615,0.010220111472979,0.8400511959116105,0.8400511959116109,0.9211894805458456,0.5936163106965614,0.5173668468168237,0.5173668468168234,0.3692129077486984,0.43488651063787787,0.018697271029623225,0.8099619812335062,0.8099619812335075,0.9292612378846508,0.6029310561685154,0.5020087349409336,0.5020087349409332,0.3796000525948447,0.4469900786562914,0.0227738583550246,0.7868068392961697,0.7868068392961696,0.9343380413811951,0.6090736352347331,0.4897144358641588,0.4897144358641588,0.38618715287863703,0.45459347682966234,0.024761101091041862,0.7683178046519135,0.7683178046519142,0.9377982181380748,0.6134227850345809,0.47877045042934424,0.47877045042934446,0.39096808799014177,0.4600883096685168
trange_hist_2,0.48284135964622515,0.9546896289945638,0.6386132595902281,0.5673172400446923,0.5667895894866439,0.5673172400446923,0.48054940311774286,0.266084168586078,1.0,1.0,0.7629960124998135,0.450480259077074,0.6036646106618366,0.6036646106618364,0.2296345675854977,0.290762380647464,0.06036499575353061,0.939067763138002,0.9390677631380027,0.8746042355132777,0.5459494024195565,0.5749277818750146,0.5749277818750148,0.3168952263094887,0.37946534728242065,0.00889212509552511,0.8810011971054659,0.8810011971054644,0.9066900051186584,0.5778825621568173,0.5402091283737781,0.5402091283737777,0.35289238063086925,0.41595155380965615,0.010220111472979012,0.8400511959116105,0.8400511959116108,0.9211894805458453,0.5936163106965614,0.5173668468168237,0.5173668468168238,0.36921290774869836,0.4348865106378778,0.01869727102962323,0.8099619812335066,0.8099619812335077,0.929261237884651,0.6029310561685154,0.5020087349409335,0.5020087349409333,0.37960005259484475,0.44699007865629153,0.022773858355024587,0.7868068392961698,0.7868068392961697,0.9343380413811951,0.6090736352347331,0.4897144358641588,0.4897144358641588,0.3861871528786371,0.45459347682966245,0.024761101091041942,0.7683178046519139,0.7683178046519142,0.9377982181380751,0.6134227850345808,0.4787704504293443,0.4787704504293445,0.39096808799014166,0.4600883096685169
trange_hist_2_slope,0.2358712828339046,0.9207960898693558,0.9714546631415705,0.5564984815473478,0.5570871735239643,0.5564984815473477,0.2325824923016383,0.057131355914852126,0.7629960124998141,0.7629960124998135,1.0,0.8699505237672712,0.44880984066470064,0.44880984066470037,0.06185843637826719,0.09652426010034666,0.01939766350329782,0.5461395271998061,0.5461395271998064,0.9762674532178989,0.9352449574117069,0.3365724818900393,0.3365724818900392,0.1753555851831274,0.19072041198266176,0.021409865074566388,0.4680065244154733,0.4680065244154741,0.9596775278784144,0.9504984867270753,0.2893518360790656,0.28935183607906556,0.19896071202453694,0.218627055330928,0.018657560431325243,0.42830266082908924,0.4283026608290888,0.9503058034519457,0.9569095286423168,0.26881505558762286,0.2688150555876228,0.2039275971862316,0.23101042994651544,0.015992050555931135,0.40405143044211406,0.4040514304421145,0.9444486878109536,0.960372746786118,0.25345720536232813,0.2534572053623282,0.20447652549472076,0.23784376172792926,0.013853279551701313,0.3875215078489103,0.38752150784891054,0.9404796491884185,0.9625240038337363,0.24349764472588203,0.24349764472588192,0.2029681601246754,0.24176282913072453,0.012171829432614589,0.3754127432865225,0.3754127432865227,0.9376257593990326,0.9639843571368885,0.23579510052398298,0.23579510052398303,0.20078094653784456,0.24440556724660334
trange_hist_2_acceleration,0.11436838727964219,0.6723472219407931,0.9621025376136696,0.416127871515846,0.4169643732882735,0.4161278715158463,0.11328040403255721,0.006330288411869092,0.45048025907707384,0.450480259077074,0.8699505237672712,1.0,0.26635094136885196,0.26635094136885196,0.007890089990154921,0.007732501114745743,0.012296152678068908,0.2699780338165764,0.26997803381657653,0.760388369674955,0.9873096176321474,0.16997076137613254,0.1699707613761325,0.08535367797773977,0.0742790838774104,0.00871514294461212,0.224490901481242,0.22449090148124184,0.7268984131923644,0.9794029457096596,0.14545754775097938,0.14545754775097933,0.09229828323057,0.08992367832609946,0.006409324537691959,0.20421300172047152,0.20421300172047144,0.7114611388898074,0.9751508030978229,0.13725524763755872,0.1372552476375587,0.09349207809954625,0.09683845321434283,0.005010173624336929,0.19256233049356172,0.19256233049356142,0.7027072741394599,0.9725493616638163,0.1294561915659212,0.12945619156592122,0.09263419487544468,0.10035873460111634,0.004100185103646997,0.18486775121755558,0.1848677512175555,0.6971042221438521,0.9708039960173857,0.12444166157977027,0.1244416615797701,0.09138180481634375,0.10294784835625811,0.0034690969797755954,0.17932614361583718,0.1793261436158375,0.6932229810311592,0.9695548147189682,0.11987204742474954,0.11987204742474955,0.08948214179878798,0.1047581128836731
trange_hist_2_gt_0,0.2981786303954228,0.5708870722305495,0.3763040447914957,0.7918860518603427,0.7881105487186294,0.7918860518603426,0.3802950123760435,0.1680055624390259,0.6036646106618365,0.6036646106618366,0.44880984066470064,0.26635094136885196,1.0,1.0,0.06355601771185827,0.05860007128970334,0.03880737783510651,0.5771877009804666,0.5771877009804669,0.5172243889824271,0.3211509284621088,0.7777257068125633,0.7777257068125634,0.07257872783042124,0.0826614910442573,0.004147289695253135,0.5460261144721118,0.5460261144721124,0.5378990948233036,0.33990035219009124,0.7014148911899071,0.7014148911899067,0.07961796032680789,0.09207911321525727,0.009693177776553687,0.5232112505306871,0.5232112505306866,0.5474755027991929,0.34923219807392636,0.6533844142156964,0.6533844142156959,0.08130778079655905,0.09627111798783942,0.01647026445134006,0.5062078106342475,0.5062078106342469,0.5528882646554226,0.35478844027266226,0.6224469289657909,0.6224469289657919,0.08295908139137687,0.09883678727615253,0.020215595151934582,0.49302029633695343,0.49302029633695327,0.556332713650064,0.35846553343068194,0.5955829913003742,0.5955829913003744,0.08410239397681378,0.10045486368980105,0.022446934320454404,0.48242404846509074,0.4824240484650916,0.5587042531303615,0.3610753316795681,0.574467973636199,0.5744679736361986,0.08500773666066369,0.10159439540206006
trange_hist_2_lt_0,0.2981786303954227,0.5708870722305492,0.37630404479149576,0.7918860518603427,0.7881105487186297,0.7918860518603429,0.3802950123760437,0.16800556243902562,0.6036646106618364,0.6036646106618364,0.44880984066470037,0.26635094136885196,1.0,1.0,0.06355601771185804,0.058600071289703175,0.038807377835106224,0.5771877009804667,0.5771877009804669,0.5172243889824271,0.3211509284621089,0.7777257068125635,0.7777257068125634,0.07257872783042096,0.0826614910442572,0.004147289695252798,0.5460261144721119,0.5460261144721119,0.5378990948233039,0.33990035219009146,0.7014148911899071,0.701414891189907,0.07961796032680757,0.0920791132152571,0.009693177776553982,0.5232112505306871,0.523211250530687,0.5474755027991929,0.34923219807392675,0.6533844142156959,0.6533844142156959,0.08130778079655886,0.09627111798783934,0.016470264451340408,0.5062078106342475,0.5062078106342471,0.5528882646554225,0.35478844027266226,0.6224469289657912,0.6224469289657916,0.08295908139137663,0.09883678727615243,0.020215595151934926,0.49302029633695355,0.49302029633695327,0.5563327136500642,0.3584655334306821,0.5955829913003741,0.5955829913003743,0.08410239397681361,0.10045486368980096,0.022446934320454835,0.48242404846509085,0.48242404846509174,0.5587042531303612,0.36107533167956823,0.5744679736361991,0.5744679736361992,0.0850077366606635,0.10159439540205994
trange_hist_2_abs,0.6581161755363013,0.16704269214678547,0.038001004464641386,0.02687306479039987,0.02256880944389655,0.026873064790399515,0.4414309564954762,0.6634845668640874,0.2296345675854977,0.2296345675854977,0.06185843637826719,0.007890089990154921,0.06355601771185827,0.06355601771185804,1.0,0.8591484868279123,0.6213007610726997,0.31629656530316597,0.3162965653031661,0.09693619595021111,0.019209721361910057,0.10480357803917427,0.10480357803917473,0.9139567426756302,0.8282508294925698,0.5888685673027708,0.35806343079906283,0.35806343079906267,0.11314246897762828,0.0243109640909489,0.13346555108440714,0.1334655510844071,0.8437258748391064,0.8045812364683987,0.5657226575998432,0.38434235879529954,0.38434235879529854,0.12276102950810619,0.027202602467938305,0.14604441773930252,0.14604441773930263,0.8024513028605468,0.7905951360312307,0.5483523989783131,0.40286797628942816,0.4028679762894269,0.12923407981543725,0.029069605192112886,0.16228014476586908,0.16228014476586863,0.7738471955990112,0.7809108267296118,0.5347498342448035,0.4168455759426565,0.41684557594265687,0.13392705914386652,0.03037792359083965,0.17257748464573494,0.1725774846457354,0.753490524649769,0.7748455618622516,0.5237217126233468,0.4279136059310639,0.42791360593106426,0.13750147490737136,0.03134747977968496,0.18504570966724393,0.1850457096672444,0.7378559470651289,0.7703502705770945
trange_2_strength,0.5512675746099821,0.2198877566199908,0.05709413519174897,0.04045813767973321,0.03865202633278596,0.040458137679732956,0.36568291578065076,0.5296451950167347,0.29076238064746424,0.290762380647464,0.09652426010034666,0.007732501114745743,0.05860007128970334,0.058600071289703175,0.8591484868279123,1.0,0.46341483377266596,0.3668740944895707,0.36687409448957076,0.14586601980788802,0.02879473032720067,0.07694009559792934,0.0769400955979298,0.7794912090031586,0.9769087662985478,0.42691335054471896,0.3968798791210277,0.3968798791210273,0.16555080194718277,0.037281333937863,0.0913233759064968,0.09132337590649683,0.7269783329898485,0.957526967079646,0.40318232131926396,0.41470883795516683,0.41470883795516705,0.17636313287835603,0.04183565415536746,0.0992198318196093,0.0992198318196094,0.696787399669576,0.9449426681671964,0.3859798740281172,0.42707299640988855,0.42707299640988783,0.18330676408899219,0.0446751827777972,0.10886182515706778,0.10886182515706745,0.676474018668999,0.9361907164610672,0.3726940920915049,0.43634429122324053,0.43634429122324087,0.18819198822329436,0.04661625655724513,0.11668100427674549,0.11668100427674559,0.662806105199944,0.9309598625755654,0.3619866074212632,0.4436544011685195,0.4436544011685195,0.19183820965916712,0.04802820347482017,0.12343889358147576,0.12343889358147594,0.6525988527942812,0.9270990776449719
trange_signal_5,0.8897049641515525,0.02749400817729938,0.016641285426370143,0.02338900187565921,0.017909101041430762,0.0233890018756586,0.5579760242888206,0.9633358056632192,0.0603649957535305,0.06036499575353061,0.01939766350329782,0.012296152678068908,0.03880737783510651,0.038807377835106224,0.6213007610726997,0.46341483377266596,1.0,0.14143649845997577,0.14143649845997544,0.017031136415705493,0.015930085408379483,0.07804490756455905,0.07804490756455984,0.6360395952367469,0.4379517656942903,0.9910217515534318,0.19922867307302222,0.19922867307302247,0.012683004863093409,0.01692180160307267,0.11920737035190389,0.11920737035190379,0.6313195367787022,0.4283973600626554,0.975841823713491,0.2426480122932445,0.24264801229324445,0.008831201304675958,0.017282287135353396,0.14683293273784126,0.14683293273784126,0.6332385135106636,0.4270391220161737,0.9604083456214679,0.27694766175461194,0.2769476617546114,0.005636218080127544,0.017422184607937593,0.16815865035434532,0.16815865035434455,0.633289251563467,0.42695435721682967,0.9459921567005347,0.30506743599406094,0.3050674359940618,0.002988822658512212,0.017470873434523044,0.18410172023090737,0.18410172023090773,0.6326685050895802,0.4280805195983177,0.9328094063613719,0.32876794488377364,0.32876794488377326,0.0007703604897751676,0.01747810347123769,0.20217514386874755,0.20217514386874771,0.6317197876645698,0.42940829841256967
trange_signal_5_slope,0.5777833030962314,0.8180822071005813,0.43186863827611355,0.4857776261122138,0.48463814135926153,0.48577762611221365,0.5775886739925784,0.3867651833547504,0.9390677631380021,0.939067763138002,0.5461395271998061,0.2699780338165764,0.5771877009804666,0.5771877009804667,0.31629656530316597,0.3668740944895707,0.14143649845997577,1.0,1.0,0.6773753838370206,0.3437936253694125,0.6147855720046175,0.6147855720046173,0.3653039778997104,0.4350077429176783,0.056961611510792654,0.9865495482914248,0.9865495482914215,0.7252687180834076,0.3717135411009178,0.6074466764399926,0.6074466764399922,0.3934671517740154,0.4678907391924884,0.018328045077033776,0.965132309540036,0.9651323095400363,0.7496724324925986,0.3862947142366441,0.5955898755912034,0.5955898755912039,0.4122191508134906,0.4872186790170878,0.0021801669945032574,0.9445536392770526,0.9445536392770516,0.7642945288772303,0.3952272395934044,0.5866303166171719,0.5866303166171718,0.42671285860594405,0.5003932367596733,0.014074280974230712,0.9262492101656343,0.9262492101656341,0.773962256063079,0.40125112551730563,0.5772736100364273,0.5772736100364275,0.4379438857737822,0.5094426339015055,0.0213682044753012,0.9102153330038498,0.9102153330038499,0.7807944924963872,0.4055839119158701,0.5680365191659548,0.5680365191659549,0.4470804943972629,0.5162426300727738
trange_hist_5,0.5777833030962313,0.8180822071005818,0.4318686382761137,0.48577762611221414,0.48463814135926175,0.48577762611221376,0.5775886739925785,0.38676518335475024,0.9390677631380026,0.9390677631380027,0.5461395271998064,0.26997803381657653,0.5771877009804669,0.5771877009804669,0.3162965653031661,0.36687409448957076,0.14143649845997544,1.0,1.0,0.6773753838370209,0.3437936253694126,0.6147855720046177,0.6147855720046177,0.36530397789971036,0.43500774291767835,0.056961611510792494,0.9865495482914249,0.9865495482914223,0.725268718083408,0.371713541100918,0.6074466764399927,0.6074466764399927,0.39346715177401537,0.4678907391924887,0.018328045077033492,0.9651323095400366,0.9651323095400367,0.749672432492599,0.38629471423664435,0.5955898755912036,0.595589875591204,0.4122191508134904,0.4872186790170879,0.0021801669945035683,0.9445536392770529,0.9445536392770519,0.7642945288772307,0.39522723959340456,0.586630316617172,0.5866303166171722,0.42671285860594393,0.5003932367596734,0.014074280974230982,0.9262492101656349,0.9262492101656348,0.7739622560630794,0.40125112551730563,0.5772736100364275,0.5772736100364277,0.4379438857737824,0.5094426339015055,0.0213682044753015,0.9102153330038498,0.9102153330038504,0.7807944924963873,0.40558391191587034,0.568036519165955,0.5680365191659553,0.4470804943972628,0.5162426300727738
trange_hist_5_slope,0.29834473093548664,0.9772148524676387,0.9056263838993005,0.5863261802022451,0.5866861557130473,0.5863261802022451,0.29471070474723,0.09627793668013149,0.8746042355132777,0.8746042355132777,0.9762674532178989,0.760388369674955,0.5172243889824271,0.5172243889824271,0.09693619595021111,0.14586601980788802,0.017031136415705493,0.6773753838370206,0.6773753838370209,1.0,0.8452855992279995,0.41506934036950716,0.41506934036950704,0.21304107547789664,0.24465854473551563,0.0267680936998709,0.5915073435814721,0.5915073435814712,0.9973191699081465,0.8686117009246823,0.36317147292883184,0.3631714729288316,0.24433256504217477,0.2771187970573347,0.025640413946037128,0.5444224914952157,0.5444224914952177,0.9939846771838592,0.8791498110860169,0.3378223137421026,0.3378223137421028,0.2529337635186029,0.2918930605472259,0.02304474097158676,0.5145113021821067,0.5145113021821065,0.9913688946905046,0.8850821701560219,0.3202304453221539,0.32023044532215394,0.25592511048982713,0.3003970674722536,0.0205419178507731,0.49365999311673964,0.49365999311673975,0.9893819004645281,0.8888669644256246,0.3083290821580531,0.3083290821580527,0.2559759953854791,0.30523385534196396,0.018393560165220774,0.47817589571212454,0.4781758957121241,0.9878503448843186,0.8914847587405511,0.29875499934794547,0.2987549993479456,0.2550060027522236,0.30852169253128553
trange_hist_5_acceleration,0.14541396941831086,0.7600154671279638,0.9921032553344418,0.46652074075382793,0.4673314246208628,0.466520740753828,0.14353801278865355,0.015165624780318342,0.5459494024195563,0.5459494024195565,0.9352449574117069,0.9873096176321474,0.3211509284621088,0.3211509284621089,0.019209721361910057,0.02879473032720067,0.015930085408379483,0.3437936253694125,0.3437936253694126,0.8452855992279995,1.0,0.2147515412068572,0.21475154120685755,0.11089568945017363,0.10553703548586195,0.012281768332211998,0.2871842413629763,0.28718424136297643,0.8142218966611723,0.9989361177852496,0.18234434907198122,0.18234434907198113,0.12229595775965778,0.1248615931496503,0.009300183385240164,0.2611575765975398,0.26115757659753985,0.7993222224350268,0.9977087781831159,0.17056203771971037,0.17056203771971057,0.12393610688703255,0.13331061309491823,0.007362770486550941,0.2460465811674798,0.24604658116747916,0.7907094508183222,0.9967903483610363,0.16033804742158628,0.16033804742158617,0.12291387175512665,0.13768995642959603,0.0060613602202965215,0.2360333285437641,0.23603332854376408,0.785135853955942,0.9961118937500194,0.15387977061874938,0.15387977061874952,0.12108886079386272,0.14055914080436185,0.005142773993102133,0.22881784710303962,0.22881784710304023,0.7812480789206284,0.9955979689341153,0.14857532370515011,0.14857532370515023,0.11870051198464644,0.14252515186034978
trange_hist_5_gt_0,0.34786821075335383,0.501873114366912,0.26787703414608177,0.5909220204663636,0.587502522091019,0.5909220204663636,0.4580981312120021,0.2303292665673519,0.5749277818750148,0.5749277818750146,0.3365724818900393,0.16997076137613254,0.7777257068125633,0.7777257068125635,0.10480357803917427,0.07694009559792934,0.07804490756455905,0.6147855720046175,0.6147855720046177,0.41506934036950716,0.2147515412068572,1.0,1.0000000000000002,0.10662438920305475,0.09835481681068024,0.023952435795055696,0.6090884118039054,0.6090884118039045,0.4440719538733661,0.2315506596245446,0.9072162496466921,0.9072162496466913,0.10804980930839331,0.1096171411443676,0.0015260637296559854,0.5975640422473658,0.5975640422473667,0.45901849932574207,0.24032391738005618,0.8491792417828953,0.849179241782895,0.10697187816712841,0.11479798846652448,0.015508519593449744,0.5860356317754268,0.5860356317754246,0.4680357562453643,0.24570515073603735,0.8072273327204516,0.807227332720452,0.10705156407590495,0.1179553877815956,0.023950778389384773,0.5756035309458849,0.5756035309458848,0.47402612606359273,0.24933826542619686,0.7739640991049371,0.7739640991049366,0.10762599176449886,0.12002795348170303,0.02938277423251852,0.5663665901655305,0.5663665901655305,0.478275854444656,0.2519538043128929,0.7463742333586407,0.7463742333586408,0.10829517047136313,0.12151447767305541
trange_hist_5_lt_0,0.3478682107533545,0.501873114366912,0.2678770341460816,0.5909220204663634,0.5875025220910193,0.5909220204663636,0.4580981312120014,0.23032926656735242,0.5749277818750146,0.5749277818750148,0.3365724818900392,0.1699707613761325,0.7777257068125634,0.7777257068125634,0.10480357803917473,0.0769400955979298,0.07804490756455984,0.6147855720046173,0.6147855720046177,0.41506934036950704,0.21475154120685755,1.0000000000000002,1.0,0.10662438920305528,0.09835481681068059,0.023952435795056626,0.6090884118039047,0.6090884118039046,0.44407195387336595,0.2315506596245445,0.9072162496466923,0.9072162496466922,0.10804980930839395,0.10961714114436799,0.001526063729655048,0.5975640422473653,0.5975640422473668,0.4590184993257421,0.24032391738005604,0.849179241782895,0.8491792417828953,0.10697187816712886,0.11479798846652492,0.015508519593448787,0.5860356317754264,0.5860356317754246,0.4680357562453644,0.24570515073603713,0.8072273327204513,0.8072273327204522,0.10705156407590555,0.11795538778159595,0.023950778389383795,0.5756035309458851,0.575603530945885,0.4740261260635928,0.249338265426197,0.7739640991049371,0.773964099104936,0.10762599176449938,0.1200279534817033,0.02938277423251747,0.5663665901655308,0.5663665901655301,0.478275854444656,0.25195380431289305,0.7463742333586412,0.7463742333586408,0.10829517047136393,0.12151447767305573
trange_hist_5_abs,0.6928688708486993,0.27195035324424066,0.13802477718126702,0.05398363525316942,0.050384163420591405,0.05398363525316911,0.47450497118621066,0.6785791943416851,0.31689522630948863,0.3168952263094887,0.1753555851831274,0.08535367797773977,0.07257872783042124,0.07257872783042096,0.9139567426756302,0.7794912090031586,0.6360395952367469,0.3653039778997104,0.36530397789971036,0.21304107547789664,0.11089568945017363,0.10662438920305475,0.10662438920305528,1.0,0.8128101116686195,0.6090790766212304,0.3928773453475183,0.3928773453475184,0.22660957710887533,0.11968204470050339,0.12201972616833807,0.12201972616833799,0.980115152120828,0.8091160251651722,0.588695142001057,0.4136942774612788,0.4136942774612787,0.23417829248293648,0.12410675029108625,0.12909600412078884,0.12909600412078903,0.9521862493599927,0.8013245463043284,0.5723366943319829,0.4302169775774742,0.4302169775774736,0.23922338193888473,0.12677870291154392,0.14207295990170069,0.14207295990170019,0.9261747558655333,0.7936060365511114,0.558799655260522,0.4437106707489855,0.44371067074898557,0.2429072329965199,0.12857269378241407,0.148765068165312,0.14876506816531224,0.9040583494395786,0.7874507635524384,0.5473406266726614,0.454994848918116,0.4549948489181167,0.24574789348750417,0.1298635328569803,0.15908983880963776,0.15908983880963798,0.8852128950583751,0.782202579005091
trange_5_strength,0.5616951529389692,0.31677956000147145,0.1411935166087485,0.06512005446100906,0.06342968695259645,0.06512005446100877,0.38306172445705733,0.5175807451890722,0.3794653472824205,0.37946534728242065,0.19072041198266176,0.0742790838774104,0.0826614910442573,0.0826614910442572,0.8282508294925698,0.9769087662985478,0.4379517656942903,0.4350077429176783,0.43500774291767835,0.24465854473551563,0.10553703548586195,0.09835481681068024,0.09835481681068059,0.8128101116686195,1.0,0.40013019026581503,0.4553225021036098,0.45532250210360986,0.26448191406218924,0.116868052279343,0.10439328267357008,0.10439328267356998,0.7783864754868777,0.994592994399796,0.37647780552995197,0.46760437064673066,0.46760437064673066,0.27509322192507835,0.1227083607739264,0.10854153393092195,0.10854153393092206,0.7530995497827072,0.9869813309904194,0.35959933231317825,0.47630364673798986,0.4763036467379902,0.2818297994693258,0.1262718112914455,0.11483809655839047,0.11483809655839015,0.7338793354546336,0.9799686263946664,0.3466616756823199,0.48293008694559625,0.4829300869455966,0.28654011769121973,0.1286747561335371,0.11989079539622,0.11989079539622019,0.7195792300451548,0.974822715407846,0.3362777367288313,0.4882137813265477,0.4882137813265469,0.2900429088833245,0.1304061511052757,0.12488773957004008,0.12488773957004023,0.708256597674166,0.9705362301949777
trange_signal_8,0.8433451426669553,0.0044915052227916,0.016031309379407024,0.003585355274104188,0.0018178763103743729,0.0035853552741035755,0.4963396573789501,0.9259659565284447,0.008892125095525113,0.00889212509552511,0.021409865074566388,0.00871514294461212,0.004147289695253135,0.004147289695252798,0.5888685673027708,0.42691335054471896,0.9910217515534318,0.056961611510792654,0.056961611510792494,0.0267680936998709,0.012281768332211998,0.023952435795055696,0.023952435795056626,0.6090790766212304,0.40013019026581503,1.0,0.10027310016735766,0.10027310016735734,0.027565659426443675,0.013688823891304781,0.05628010151744114,0.056280101517441145,0.6062809400881821,0.3890768465265251,0.9959409260316475,0.13690333483159461,0.13690333483159448,0.027133569622400388,0.014422620102551829,0.0799935753664876,0.07999357536648784,0.6074358981335202,0.3861304330968162,0.987697337448483,0.16803109461554935,0.16803109461554908,0.026323126540018706,0.014859737647575224,0.09964051412063914,0.09964051412063812,0.6061810638308295,0.38477427984009244,0.9781141737242749,0.1948365637612248,0.19483656376122538,0.0254137100238065,0.01514309606682827,0.11500480747250542,0.11500480747250595,0.6040383651319192,0.3848116762252948,0.9682801746639694,0.2182339836724591,0.21823398367245994,0.02450879015828139,0.015337937126644705,0.13280338654604323,0.1328033865460435,0.6015705950216423,0.38524998586658044
trange_signal_8_slope,0.6192287324948157,0.7470720820917391,0.366782275153057,0.4452577832770437,0.443814717447926,0.44525778327704363,0.6197092545871604,0.44779844926836904,0.8810011971054656,0.8810011971054659,0.4680065244154733,0.224490901481242,0.5460261144721118,0.5460261144721119,0.35806343079906283,0.3968798791210277,0.19922867307302222,0.9865495482914248,0.9865495482914249,0.5915073435814721,0.2871842413629763,0.6090884118039054,0.6090884118039047,0.3928773453475183,0.4553225021036098,0.10027310016735766,1.0,0.9999999999999978,0.6402051893453505,0.31156639708648365,0.6184209598718192,0.618420959871819,0.41380838354868227,0.48496636373574764,0.05004323663464453,0.994469723831168,0.9944697238311682,0.6662914401875343,0.3245387945189227,0.615818196218963,0.6158181962189629,0.43106198236434645,0.5037018681286849,0.02101749674807518,0.9837741008170015,0.9837741008170005,0.6824699151497449,0.3325911941348129,0.6120143502980341,0.6120143502980339,0.44534878991142834,0.5168034856617164,0.0028574324857425573,0.9719022821002213,0.9719022821002221,0.6934374506185047,0.3380745459617156,0.6059123560770421,0.6059123560770419,0.4571219826959003,0.5261950145822425,0.009125232520935061,0.9602028744650872,0.9602028744650857,0.7013356219381548,0.3420478604893458,0.5996075908719766,0.5996075908719769,0.4670811415152803,0.533387801375555
trange_hist_8,0.6192287324948166,0.7470720820917398,0.3667822751530574,0.4452577832770428,0.44381471744792594,0.4452577832770428,0.6197092545871596,0.4477984492683701,0.881001197105464,0.8810011971054644,0.4680065244154741,0.22449090148124184,0.5460261144721124,0.5460261144721119,0.35806343079906267,0.3968798791210273,0.19922867307302247,0.9865495482914215,0.9865495482914223,0.5915073435814712,0.28718424136297643,0.6090884118039045,0.6090884118039046,0.3928773453475184,0.45532250210360986,0.10027310016735734,0.9999999999999978,1.0,0.6402051893453511,0.3115663970864833,0.6184209598718193,0.6184209598718192,0.41380838354868116,0.4849663637357474,0.05004323663464437,0.9944697238311695,0.9944697238311676,0.6662914401875317,0.324538794518922,0.6158181962189618,0.6158181962189622,0.4310619823643464,0.5037018681286874,0.02101749674807514,0.9837741008169998,0.9837741008170013,0.6824699151497452,0.33259119413481264,0.6120143502980354,0.6120143502980354,0.445348789911428,0.516803485661716,0.0028574324857425074,0.9719022821002244,0.9719022821002242,0.6934374506185055,0.3380745459617141,0.6059123560770391,0.605912356077039,0.4571219826958994,0.5261950145822417,0.009125232520935101,0.9602028744650877,0.9602028744650861,0.7013356219381569,0.34204786048934605,0.5996075908719759,0.5996075908719759,0.4670811415152804,0.5333878013755551
trange_hist_8_slope,0.3240167345125615,0.9889376528200098,0.8803423632612457,0.5923352218763075,0.592602504439427,0.5923352218763076,0.3205614598012859,0.11602088773343999,0.9066900051186579,0.9066900051186584,0.9596775278784144,0.7268984131923644,0.5378990948233036,0.5378990948233039,0.11314246897762828,0.16555080194718277,0.012683004863093409,0.7252687180834076,0.725268718083408,0.9973191699081465,0.8142218966611723,0.4440719538733661,0.44407195387336595,0.22660957710887533,0.26448191406218924,0.027565659426443675,0.6402051893453505,0.6402051893453511,1.0,0.8391646353988076,0.3926553976182807,0.3926553976182806,0.25959982890417516,0.29815764538351297,0.028220288985848947,0.5917592380917024,0.5917592380917032,0.9993035950732477,0.8506524695587846,0.3663810555384737,0.36638105553847405,0.26977315104092336,0.3137693756992674,0.026236548832686127,0.560261011637414,0.5602610116374136,0.9982058061502199,0.8571936434063608,0.3483490773929405,0.34834907739294046,0.2741204128322891,0.3229216534187212,0.023889032026654825,0.5379686873767409,0.5379686873767409,0.9971869097603453,0.8613980218426522,0.3358385646620716,0.3358385646620717,0.27528411840027084,0.32821318936535904,0.021706324360920373,0.5212439706016165,0.521243970601614,0.9963189281875843,0.8643211559885837,0.3255157596761555,0.32551575967615554,0.2752319471491391,0.33184592955470327
trange_hist_8_acceleration,0.15747220315967844,0.7863068712230695,0.9967343851886399,0.4815241098997206,0.4823132490405385,0.48152410989972066,0.15537512738482373,0.019963499315424432,0.5778825621568174,0.5778825621568173,0.9504984867270753,0.9794029457096596,0.33990035219009124,0.33990035219009146,0.0243109640909489,0.037281333937863,0.01692180160307267,0.3717135411009178,0.371713541100918,0.8686117009246823,0.9989361177852496,0.2315506596245446,0.2315506596245445,0.11968204470050339,0.116868052279343,0.013688823891304781,0.31156639708648365,0.3115663970864833,0.8391646353988076,1.0,0.19684355381431182,0.19684355381431176,0.13286267826990544,0.13745796749088432,0.010560511256479612,0.2834555307640264,0.2834555307640264,0.8248264427221726,0.9997637579414216,0.18377133159292558,0.18377133159292552,0.1349384170424933,0.14646570111831966,0.008436471627773,0.2670155060024169,0.2670155060024166,0.8164713404394733,0.9994110997937821,0.1728019638445495,0.17280196384454952,0.1340732022399939,0.1511818704296232,0.006978137240080617,0.2560859059160077,0.2560859059160076,0.8110378101944278,0.9990966190240947,0.1658511822613634,0.16585118226136328,0.13222796330801798,0.15419394527583785,0.005935535122313711,0.24819915821848063,0.248199158218481,0.8072353317253983,0.9988358831292798,0.1602043893398945,0.1602043893398945,0.12980228317534073,0.15624958584345028
trange_hist_8_gt_0,0.3784212800209874,0.4591833000251255,0.22997361577457248,0.5301984809606173,0.528608056970225,0.5301984809606172,0.48926961739390346,0.27317578600544057,0.540209128373778,0.5402091283737781,0.2893518360790656,0.14545754775097938,0.7014148911899071,0.7014148911899071,0.13346555108440714,0.0913233759064968,0.11920737035190389,0.6074466764399926,0.6074466764399927,0.36317147292883184,0.18234434907198122,0.9072162496466921,0.9072162496466923,0.12201972616833807,0.10439328267357008,0.05628010151744114,0.6184209598718192,0.6184209598718193,0.3926553976182807,0.19684355381431182,1.0,1.0000000000000004,0.11983628667856756,0.11482857571720803,0.0235778323544032,0.6169291075882983,0.6169291075882981,0.40861186895999885,0.20458102254065197,0.9392052561433698,0.9392052561433698,0.11980212843919029,0.12190542839618179,0.004272980934044464,0.6116734822560436,0.6116734822560436,0.4185814354049985,0.20939473328341296,0.8918907539771782,0.8918907539771787,0.12032472096952103,0.1262929133496638,0.0080507012412382,0.6052977532437341,0.6052977532437344,0.4253782446252619,0.21267834597028584,0.8567962020434684,0.8567962020434682,0.12116476102027297,0.12921976584161582,0.016338346876473193,0.5987519292783579,0.5987519292783587,0.43029541003833754,0.2150609263003075,0.826505606522932,0.826505606522932,0.12204350573812726,0.1313201759409397
trange_hist_8_lt_0,0.37842128002098735,0.4591833000251252,0.2299736157745726,0.5301984809606171,0.5286080569702246,0.5301984809606167,0.4892696173939035,0.27317578600544035,0.5402091283737775,0.5402091283737777,0.28935183607906556,0.14545754775097933,0.7014148911899067,0.701414891189907,0.1334655510844071,0.09132337590649683,0.11920737035190379,0.6074466764399922,0.6074466764399927,0.3631714729288316,0.18234434907198113,0.9072162496466913,0.9072162496466922,0.12201972616833799,0.10439328267356998,0.056280101517441145,0.618420959871819,0.6184209598718192,0.3926553976182806,0.19684355381431176,1.0000000000000004,1.0,0.11983628667856755,0.11482857571720802,0.023577832354403246,0.6169291075882984,0.6169291075882978,0.4086118689599986,0.2045810225406519,0.9392052561433688,0.9392052561433692,0.1198021284391902,0.12190542839618171,0.004272980934044444,0.6116734822560435,0.6116734822560432,0.41858143540499854,0.20939473328341293,0.8918907539771782,0.8918907539771784,0.12032472096952111,0.12629291334966364,0.008050701241238184,0.605297753243734,0.6052977532437342,0.4253782446252616,0.21267834597028573,0.8567962020434684,0.856796202043468,0.12116476102027297,0.12921976584161576,0.01633834687647321,0.5987519292783576,0.5987519292783584,0.4302954100383375,0.2150609263003073,0.8265056065229315,0.8265056065229319,0.12204350573812718,0.13132017594093964
trange_hist_8_abs,0.7019653506996258,0.304539066548925,0.1544182665292149,0.06345331330774918,0.060437582259261644,0.06345331330774884,0.4843842214148623,0.6790382391297247,0.3528923806308692,0.35289238063086925,0.19896071202453694,0.09229828323057,0.07961796032680789,0.07961796032680757,0.8437258748391064,0.7269783329898485,0.6313195367787022,0.3934671517740154,0.39346715177401537,0.24433256504217477,0.12229595775965778,0.10804980930839331,0.10804980930839395,0.980115152120828,0.7783864754868777,0.6062809400881821,0.41380838354868227,0.41380838354868116,0.25959982890417516,0.13286267826990544,0.11983628667856756,0.11983628667856755,1.0,0.7895540791883614,0.588066807762307,0.4300922766129669,0.43009227661296684,0.26761076828059216,0.13817562531070612,0.12421815261644985,0.12421815261645,0.9916404542279877,0.7890943894280142,0.5733650986070221,0.443789355345902,0.4437893553459018,0.272742170991497,0.14136634328295844,0.13617779424166637,0.1361777942416658,0.9758680181579151,0.7853728723154972,0.5609995637075964,0.4554875494809684,0.45548754948096887,0.27639777348046424,0.14349609759040144,0.141279263327107,0.14127926332710747,0.9591303105159881,0.7812256339701261,0.5503480521357021,0.4656102997081303,0.4656102997081306,0.279174210713883,0.1450202840983002,0.15036726955389093,0.1503672695538913,0.9431263569033448,0.7770664112860979
trange_8_strength,0.5689824676477157,0.35164378411921027,0.1641507313813055,0.07418707014588344,0.0725366743845971,0.07418707014588324,0.3921057497855472,0.5159185216816751,0.41595155380965615,0.41595155380965615,0.218627055330928,0.08992367832609946,0.09207911321525727,0.0920791132152571,0.8045812364683987,0.957526967079646,0.4283973600626554,0.4678907391924884,0.4678907391924887,0.2771187970573347,0.1248615931496503,0.1096171411443676,0.10961714114436799,0.8091160251651722,0.994592994399796,0.3890768465265251,0.48496636373574764,0.4849663637357474,0.29815764538351297,0.13745796749088432,0.11482857571720803,0.11482857571720802,0.7895540791883614,1.0,0.36517561393901576,0.4949118649927697,0.4949118649927699,0.30927958645200165,0.14392000088319512,0.11673704917403067,0.11673704917403077,0.7711565457574742,0.9978104645795166,0.34840783359798827,0.5018570819335716,0.5018570819335733,0.3162796275138763,0.14785015036285834,0.12159159020613193,0.12159159020613161,0.7554720199188654,0.9937129732997013,0.3356933635053307,0.5071156637532006,0.507115663753201,0.3211425648524651,0.15049410874163258,0.12501196486454524,0.1250119648645454,0.7428107911895767,0.9898850194443006,0.32556104600125774,0.5112999492426521,0.5112999492426527,0.3247406753952618,0.15239563994606306,0.1289957375671848,0.12899573756718496,0.7322806656283107,0.9862430790179302
trange_signal_11,0.8130129021358293,0.01475680753035874,0.01340016753524147,0.003574967401998907,0.008917825904531168,0.003574967401999503,0.45570172456234376,0.8976498495526983,0.010220111472979,0.010220111472979012,0.018657560431325243,0.006409324537691959,0.009693177776553687,0.009693177776553982,0.5657226575998432,0.40318232131926396,0.975841823713491,0.018328045077033776,0.018328045077033492,0.025640413946037128,0.009300183385240164,0.0015260637296559854,0.001526063729655048,0.588695142001057,0.37647780552995197,0.9959409260316475,0.05004323663464453,0.05004323663464437,0.028220288985848947,0.010560511256479612,0.0235778323544032,0.023577832354403246,0.588066807762307,0.36517561393901576,1.0,0.07964702508734986,0.0796470250873495,0.029232906441978516,0.011272330610195933,0.043094000237845966,0.04309400023784618,0.589597190268218,0.36155661532810346,0.997663661850471,0.10640723958277863,0.10640723958277833,0.02955562161433705,0.01172542934327557,0.06048104414531949,0.06048104414531827,0.5883208592587575,0.3596174022329917,0.992446743389399,0.13045977050358093,0.13045977050358154,0.029540649458528856,0.01203637515545054,0.07435019039668017,0.07435019039668067,0.5858794250829901,0.35908912953752586,0.9858978231282173,0.15212417795605104,0.15212417795605102,0.029352109851675287,0.012261220754605347,0.09101115440283813,0.09101115440283862,0.5829639909918346,0.35903960825786513
trange_signal_11_slope,0.645150010509692,0.704082945832104,0.3350727681463063,0.42124702546633613,0.41962349612625055,0.42124702546633636,0.6456339735274675,0.4872003190330042,0.8400511959116105,0.8400511959116105,0.42830266082908924,0.20421300172047152,0.5232112505306871,0.5232112505306871,0.38434235879529954,0.41470883795516683,0.2426480122932445,0.965132309540036,0.9651323095400366,0.5444224914952157,0.2611575765975398,0.5975640422473658,0.5975640422473653,0.4136942774612788,0.46760437064673066,0.13690333483159461,0.994469723831168,0.9944697238311695,0.5917592380917024,0.2834555307640264,0.6169291075882983,0.6169291075882984,0.4300922766129669,0.4949118649927697,0.07964702508734986,1.0,0.9999999999999979,0.6177927365737848,0.29539321860049067,0.620951850516167,0.620951850516167,0.44559819478408047,0.513003925448109,0.044735956708891245,0.9970511143228105,0.9970511143228116,0.6342707928915302,0.30284292639379645,0.621163601979022,0.6211636019790222,0.4587880652697717,0.5258308776082066,0.02184207178242141,0.990727912381061,0.9907279123810614,0.6456211002057295,0.3079383467327089,0.618080388199675,0.6180803881996744,0.4699830073101093,0.5352585936816817,0.00606919450385625,0.9830932958971075,0.9830932958971128,0.6538994524052263,0.31164410937508014,0.6144350989607059,0.6144350989607061,0.47968338762267454,0.5425666587049329
trange_hist_11,0.6451500105096918,0.7040829458321026,0.335072768146306,0.4212470254663361,0.4196234961262496,0.4212470254663362,0.6456339735274662,0.48720031903300254,0.8400511959116109,0.8400511959116108,0.4283026608290888,0.20421300172047144,0.5232112505306866,0.523211250530687,0.38434235879529854,0.41470883795516705,0.24264801229324445,0.9651323095400363,0.9651323095400367,0.5444224914952177,0.26115757659753985,0.5975640422473667,0.5975640422473668,0.4136942774612787,0.46760437064673066,0.13690333483159448,0.9944697238311682,0.9944697238311676,0.5917592380917032,0.2834555307640264,0.6169291075882981,0.6169291075882978,0.43009227661296684,0.4949118649927699,0.0796470250873495,0.9999999999999979,1.0,0.6177927365737832,0.29539321860049017,0.6209518505161671,0.6209518505161671,0.4455981947840798,0.5130039254481095,0.04473595670889099,0.997051114322811,0.9970511143228108,0.6342707928915289,0.30284292639379623,0.6211636019790229,0.6211636019790229,0.45878806526977284,0.5258308776082059,0.02184207178242118,0.9907279123810591,0.9907279123810588,0.6456211002057285,0.307938346732708,0.6180803881996743,0.6180803881996741,0.4699830073101098,0.5352585936816803,0.0060691945038560255,0.9830932958971106,0.9830932958971097,0.653899452405225,0.3116441093750804,0.6144350989607051,0.6144350989607054,0.47968338762267393,0.542566658704932
trange_hist_11_slope,0.338446772285049,0.9933720088801525,0.8677340158833675,0.5945951210111553,0.5948054766418256,0.5945951210111552,0.33516032141658825,0.12805666300523422,0.9211894805458456,0.9211894805458453,0.9503058034519457,0.7114611388898074,0.5474755027991929,0.5474755027991929,0.12276102950810619,0.17636313287835603,0.008831201304675958,0.7496724324925986,0.749672432492599,0.9939846771838592,0.7993222224350268,0.45901849932574207,0.4590184993257421,0.23417829248293648,0.27509322192507835,0.027133569622400388,0.6662914401875343,0.6662914401875317,0.9993035950732477,0.8248264427221726,0.40861186895999885,0.4086118689599986,0.26761076828059216,0.30927958645200165,0.029232906441978516,0.6177927365737848,0.6177927365737832,1.0,0.8366755185422856,0.38222804543821437,0.38222804543821426,0.2785380851146324,0.32531625166329947,0.027887315166068335,0.5858014605864527,0.5858014605864527,0.9997400640508631,0.8434591670260507,0.36410214409691455,0.36410214409691455,0.28362339393759584,0.3348110766897631,0.02581507656784163,0.5629260110148588,0.5629260110148587,0.9992715525929258,0.847835467006488,0.3513088940000004,0.3513088940000004,0.285443669511898,0.34036347194312244,0.023732584603656,0.5456346001385972,0.5456346001385963,0.9987886161654965,0.8508861432922012,0.3406595386102168,0.3406595386102168,0.28595293804402994,0.3441993777472466
trange_hist_11_acceleration,0.16389941885382908,0.7987523638402498,0.9982339582732938,0.4886146738322081,0.4893916667878545,0.4886146738322082,0.16171150634809048,0.022862446494140917,0.5936163106965614,0.5936163106965614,0.9569095286423168,0.9751508030978229,0.34923219807392636,0.34923219807392675,0.027202602467938305,0.04183565415536746,0.017282287135353396,0.3862947142366441,0.38629471423664435,0.8791498110860169,0.9977087781831159,0.24032391738005618,0.24032391738005604,0.12410675029108625,0.1227083607739264,0.014422620102551829,0.3245387945189227,0.324538794518922,0.8506524695587846,0.9997637579414216,0.20458102254065197,0.2045810225406519,0.13817562531070612,0.14392000088319512,0.011272330610195933,0.29539321860049067,0.29539321860049017,0.8366755185422856,1.0,0.1908726486059964,0.19087264860599656,0.14052891183488664,0.15321440002873513,0.009067285376484841,0.27826374508685664,0.2782637450868557,0.8284972744630796,0.9999204736816045,0.1795467497480291,0.17954674974802906,0.13980083773821766,0.15810944531619847,0.00752935171721891,0.26684671068686605,0.2668467106868662,0.8231646557413479,0.9997830491274406,0.1723489194654042,0.1723489194654041,0.13800029346349388,0.16120632004435542,0.0064191486965927145,0.2585975150927648,0.25859751509276513,0.819425980908605,0.9996460948852902,0.1665059779960133,0.16650597799601322,0.1355996799207895,0.1633177745862895
trange_hist_11_gt_0,0.3957299358330821,0.43594499409344784,0.21467179424062174,0.49467994023133294,0.4931292861051602,0.4946799402313328,0.5065393419558415,0.2982911751945999,0.5173668468168237,0.5173668468168237,0.26881505558762286,0.13725524763755872,0.6533844142156964,0.6533844142156959,0.14604441773930252,0.0992198318196093,0.14683293273784126,0.5955898755912034,0.5955898755912036,0.3378223137421026,0.17056203771971037,0.8491792417828953,0.849179241782895,0.12909600412078884,0.10854153393092195,0.0799935753664876,0.615818196218963,0.6158181962189618,0.3663810555384737,0.18377133159292558,0.9392052561433698,0.9392052561433688,0.12421815261644985,0.11673704917403067,0.043094000237845966,0.620951850516167,0.6209518505161671,0.38222804543821437,0.1908726486059964,1.0,1.0000000000000002,0.1255817484268067,0.12430333875295242,0.020192647445933264,0.6204389770930424,0.6204389770930421,0.3923238981314682,0.1953154254651725,0.9500780260879726,0.9500780260879732,0.12675488647093355,0.12964653533873138,0.004928503395772816,0.6175179601257162,0.6175179601257164,0.39931416694039923,0.19835961425614787,0.9140976224364841,0.9140976224364837,0.12802455433927695,0.13329236720562268,0.005743178769337817,0.6135376774257617,0.6135376774257627,0.40443470367740575,0.20057658727352795,0.8803070771847937,0.880307077184794,0.12923466475367895,0.13595386480903407
trange_hist_11_lt_0,0.3957299358330824,0.43594499409344784,0.2146717942406216,0.49467994023133294,0.4931292861051599,0.4946799402313328,0.5065393419558416,0.29829117519460036,0.5173668468168234,0.5173668468168238,0.2688150555876228,0.1372552476375587,0.6533844142156959,0.6533844142156959,0.14604441773930263,0.0992198318196094,0.14683293273784126,0.5955898755912039,0.595589875591204,0.3378223137421028,0.17056203771971057,0.849179241782895,0.8491792417828953,0.12909600412078903,0.10854153393092206,0.07999357536648784,0.6158181962189629,0.6158181962189622,0.36638105553847405,0.18377133159292552,0.9392052561433698,0.9392052561433692,0.12421815261645,0.11673704917403077,0.04309400023784618,0.620951850516167,0.6209518505161671,0.38222804543821426,0.19087264860599656,1.0000000000000002,1.0,0.12558174842680678,0.12430333875295253,0.020192647445933555,0.6204389770930426,0.6204389770930423,0.3923238981314683,0.1953154254651723,0.9500780260879724,0.950078026087973,0.1267548864709338,0.12964653533873144,0.004928503395773123,0.6175179601257164,0.6175179601257166,0.3993141669403991,0.19835961425614793,0.9140976224364844,0.9140976224364843,0.12802455433927698,0.13329236720562268,0.005743178769337535,0.6135376774257616,0.6135376774257629,0.40443470367740575,0.2005765872735279,0.880307077184794,0.8803070771847942,0.12923466475367917,0.13595386480903418
trange_hist_11_abs,0.7121954018005192,0.31667373745884514,0.1577390501654147,0.06616987680078856,0.06356044579991804,0.06616987680078824,0.4931786177791968,0.6859674821689197,0.3692129077486984,0.36921290774869836,0.2039275971862316,0.09349207809954625,0.08130778079655905,0.08130778079655886,0.8024513028605468,0.696787399669576,0.6332385135106636,0.4122191508134906,0.4122191508134904,0.2529337635186029,0.12393610688703255,0.10697187816712841,0.10697187816712886,0.9521862493599927,0.7530995497827072,0.6074358981335202,0.43106198236434645,0.4310619823643464,0.26977315104092336,0.1349384170424933,0.11980212843919029,0.1198021284391902,0.9916404542279877,0.7711565457574742,0.589597190268218,0.44559819478408047,0.4455981947840798,0.2785380851146324,0.14052891183488664,0.1255817484268067,0.12558174842680678,1.0,0.7767468140380878,0.5754836977687866,0.45787765270365266,0.4578776527036531,0.2840690842427273,0.1439035501036574,0.13770199126130264,0.137701991261302,0.9953697489294601,0.77715584137205,0.5636592423485373,0.46851693855312926,0.4685169385531295,0.2879531446193638,0.1461618131955725,0.14223007228928433,0.14223007228928444,0.9858654615606854,0.7755845781173398,0.5534424450351306,0.4778683430081782,0.47786834300817854,0.290868412972481,0.14777992890482688,0.1506898502602812,0.15068985026028137,0.9747005909650054,0.7731618782042075
trange_11_strength,0.5767761336397357,0.3687705637581748,0.17432465014156792,0.07814142094868444,0.0765062322338218,0.07814142094868412,0.39988418521278185,0.519471974330161,0.43488651063787787,0.4348865106378778,0.23101042994651544,0.09683845321434283,0.09627111798783942,0.09627111798783934,0.7905951360312307,0.9449426681671964,0.4270391220161737,0.4872186790170878,0.4872186790170879,0.2918930605472259,0.13331061309491823,0.11479798846652448,0.11479798846652492,0.8013245463043284,0.9869813309904194,0.3861304330968162,0.5037018681286849,0.5037018681286874,0.3137693756992674,0.14646570111831966,0.12190542839618179,0.12190542839618171,0.7890943894280142,0.9978104645795166,0.36155661532810346,0.513003925448109,0.5130039254481095,0.32531625166329947,0.15321440002873513,0.12430333875295242,0.12430333875295253,0.7767468140380878,1.0,0.3444712220795,0.5193719139644629,0.5193719139644644,0.33256899890765435,0.15731886373810092,0.1284421579444135,0.12844215794441327,0.7650313831009865,0.9987960173625379,0.33160012996435595,0.5241325806980693,0.5241325806980696,0.3375970400127224,0.16007991472329558,0.13082164293890414,0.1308216429389044,0.7547595349600343,0.9966243640860922,0.32139164001047565,0.5278894531169733,0.5278894531169733,0.34131022532528554,0.16206544868147554,0.13418951447625274,0.134189514476253,0.7457872012752619,0.9940434243723965
trange_signal_14,0.7908305201421062,0.018644788550701723,0.01125317384585989,0.006921131361992574,0.012225978513556826,0.006921131361993199,0.42559979469573683,0.87548216270079,0.018697271029623225,0.01869727102962323,0.015992050555931135,0.005010173624336929,0.01647026445134006,0.016470264451340408,0.5483523989783131,0.3859798740281172,0.9604083456214679,0.0021801669945032574,0.0021801669945035683,0.02304474097158676,0.007362770486550941,0.015508519593449744,0.015508519593448787,0.5723366943319829,0.35959933231317825,0.987697337448483,0.02101749674807518,0.02101749674807514,0.026236548832686127,0.008436471627773,0.004272980934044464,0.004272980934044444,0.5733650986070221,0.34840783359798827,0.997663661850471,0.044735956708891245,0.04473595670889099,0.027887315166068335,0.009067285376484841,0.020192647445933264,0.020192647445933555,0.5754836977687866,0.3444712220795,1.0,0.06739145195313548,0.06739145195313538,0.02877748834209299,0.009482380382036368,0.035389661319299257,0.03538966131929815,0.5745841103438923,0.34222998050650993,0.9984699673091872,0.08854603488557976,0.08854603488558047,0.029247829711024798,0.009775403348257989,0.0475394009322108,0.047539400932211276,0.5723073140604857,0.34137061626660675,0.9948499918511773,0.1081451748344302,0.10814517483443005,0.029470792182751903,0.00999250523534337,0.06290902684077813,0.06290902684077869,0.56939802576177,0.34102175702586934
trange_signal_14_slope,0.6639390254285494,0.6747616602195051,0.3160581466995022,0.4050962070512566,0.40335578723362076,0.4050962070512568,0.6641735854729103,0.5158686564671572,0.8099619812335062,0.8099619812335066,0.40405143044211406,0.19256233049356172,0.5062078106342475,0.5062078106342475,0.40286797628942816,0.42707299640988855,0.27694766175461194,0.9445536392770526,0.9445536392770529,0.5145113021821067,0.2460465811674798,0.5860356317754268,0.5860356317754264,0.4302169775774742,0.47630364673798986,0.16803109461554935,0.9837741008170015,0.9837741008169998,0.560261011637414,0.2670155060024169,0.6116734822560436,0.6116734822560435,0.443789355345902,0.5018570819335716,0.10640723958277863,0.9970511143228105,0.997051114322811,0.5858014605864527,0.27826374508685664,0.6204389770930424,0.6204389770930426,0.45787765270365266,0.5193719139644629,0.06739145195313548,1.0,0.9999999999999987,0.6021760687077877,0.2852982873425349,0.6237982491728211,0.6237982491728208,0.4699412284040635,0.5319008778647237,0.0409429091990819,0.9981864206340461,0.9981864206340462,0.6135770830219168,0.29011957664305593,0.6233475874173793,0.6233475874173793,0.4803321167101078,0.5412677370503385,0.022164054283136475,0.9940405708322058,0.994040570832209,0.6219676415262002,0.2936324717481161,0.6219160792315493,0.6219160792315495,0.4894804091959879,0.5485907584077288
trange_hist_14,0.6639390254285494,0.6747616602195061,0.31605814669950255,0.405096207051256,0.40335578723361987,0.4050962070512559,0.6641735854729094,0.515868656467158,0.8099619812335075,0.8099619812335077,0.4040514304421145,0.19256233049356142,0.5062078106342469,0.5062078106342471,0.4028679762894269,0.42707299640988783,0.2769476617546114,0.9445536392770516,0.9445536392770519,0.5145113021821065,0.24604658116747916,0.5860356317754246,0.5860356317754246,0.4302169775774736,0.4763036467379902,0.16803109461554908,0.9837741008170005,0.9837741008170013,0.5602610116374136,0.2670155060024166,0.6116734822560436,0.6116734822560432,0.4437893553459018,0.5018570819335733,0.10640723958277833,0.9970511143228116,0.9970511143228108,0.5858014605864527,0.2782637450868557,0.6204389770930421,0.6204389770930423,0.4578776527036531,0.5193719139644644,0.06739145195313538,0.9999999999999987,1.0,0.6021760687077865,0.2852982873425346,0.6237982491728221,0.6237982491728221,0.46994122840406327,0.5319008778647213,0.04094290919908148,0.9981864206340452,0.9981864206340455,0.6135770830219163,0.2901195766430563,0.6233475874173795,0.6233475874173791,0.48033211671010795,0.541267737050339,0.022164054283136215,0.9940405708322075,0.9940405708322065,0.621967641526199,0.2936324717481161,0.62191607923155,0.6219160792315502,0.4894804091959883,0.5485907584077269
trange_hist_14_slope,0.3478242678849265,0.9955459557075077,0.8602841838234353,0.5957117625105202,0.595882859857397,0.5957117625105197,0.3446603522875725,0.13623675905324137,0.9292612378846508,0.929261237884651,0.9444486878109536,0.7027072741394599,0.5528882646554226,0.5528882646554225,0.12923407981543725,0.18330676408899219,0.005636218080127544,0.7642945288772303,0.7642945288772307,0.9913688946905046,0.7907094508183222,0.4680357562453643,0.4680357562453644,0.23922338193888473,0.2818297994693258,0.026323126540018706,0.6824699151497449,0.6824699151497452,0.9982058061502199,0.8164713404394733,0.4185814354049985,0.41858143540499854,0.272742170991497,0.3162796275138763,0.02955562161433705,0.6342707928915302,0.6342707928915289,0.9997400640508631,0.8284972744630796,0.3923238981314682,0.3923238981314683,0.2840690842427273,0.33256899890765435,0.02877748834209299,0.6021760687077877,0.6021760687077865,1.0,0.8354034831153979,0.37422137484589296,0.37422137484589285,0.28958145566398985,0.3422721174909261,0.026994656048397864,0.579061245203889,0.5790612452038891,0.9998806950310578,0.8398684477889227,0.36129390173938913,0.36129390173938886,0.29180249604284453,0.34799037302669605,0.025055540749193177,0.5614919363767086,0.5614919363767069,0.9996461081604278,0.8429858306132837,0.35049718030440397,0.3504971803044041,0.29266524034522,0.3519577335427279
trange_hist_14_acceleration,0.1679035066587309,0.8059674094687647,0.9988975644438227,0.49272296817518374,0.4934919988053765,0.492722968175184,0.16566994482154188,0.024797772375382752,0.6029310561685154,0.6029310561685154,0.960372746786118,0.9725493616638163,0.35478844027266226,0.35478844027266226,0.029069605192112886,0.0446751827777972,0.017422184607937593,0.3952272395934044,0.39522723959340456,0.8850821701560219,0.9967903483610363,0.24570515073603735,0.24570515073603713,0.12677870291154392,0.1262718112914455,0.014859737647575224,0.3325911941348129,0.33259119413481264,0.8571936434063608,0.9994110997937821,0.20939473328341296,0.20939473328341293,0.14136634328295844,0.14785015036285834,0.01172542934327557,0.30284292639379645,0.30284292639379623,0.8434591670260507,0.9999204736816045,0.1953154254651725,0.1953154254651723,0.1439035501036574,0.15731886373810092,0.009482380382036368,0.2852982873425349,0.2852982873425346,0.8354034831153979,1.0,0.18378179989621238,0.1837817998962123,0.14327830336121533,0.16232486083815856,0.007899554529075288,0.2735816341959254,0.2735816341959254,0.8301424056270441,0.9999661631952694,0.17643401802609593,0.17643401802609568,0.14152504750363273,0.16547749292989591,0.0067483991271745205,0.2651066483063198,0.26510664830631925,0.8264497242219218,0.9999018580519061,0.17046631945266055,0.1704663194526606,0.13915646878624544,0.16762652098409656
trange_hist_14_gt_0,0.409180632327298,0.4196070631447547,0.20242771386606703,0.47231992876403195,0.4708737365125788,0.47231992876403184,0.5178679831904479,0.31717346833958165,0.5020087349409336,0.5020087349409335,0.25345720536232813,0.1294561915659212,0.6224469289657909,0.6224469289657912,0.16228014476586908,0.10886182515706778,0.16815865035434532,0.5866303166171719,0.586630316617172,0.3202304453221539,0.16033804742158628,0.8072273327204516,0.8072273327204513,0.14207295990170069,0.11483809655839047,0.09964051412063914,0.6120143502980341,0.6120143502980354,0.3483490773929405,0.1728019638445495,0.8918907539771782,0.8918907539771782,0.13617779424166637,0.12159159020613193,0.06048104414531949,0.621163601979022,0.6211636019790229,0.36410214409691455,0.1795467497480291,0.9500780260879726,0.9500780260879724,0.13770199126130264,0.1284421579444135,0.035389661319299257,0.6237982491728211,0.6237982491728221,0.37422137484589296,0.18378179989621238,1.0,0.9999999999999998,0.13911715353977389,0.13398837761247004,0.01816484211690298,0.6233643907766775,0.6233643907766775,0.38128015514377284,0.18669088219118843,0.9630075405997502,0.9630075405997497,0.1399174798330561,0.13787983889952643,0.005787413939451056,0.6213650789664924,0.621365078966493,0.3864856845058493,0.188813506365667,0.929059198760371,0.9290591987603711,0.14071367792050793,0.14073799976504914
trange_hist_14_lt_0,0.4091806323272974,0.41960706314475477,0.2024277138660671,0.4723199287640318,0.47087373651257897,0.47231992876403206,0.5178679831904481,0.31717346833958054,0.5020087349409332,0.5020087349409333,0.2534572053623282,0.12945619156592122,0.6224469289657919,0.6224469289657916,0.16228014476586863,0.10886182515706745,0.16815865035434455,0.5866303166171718,0.5866303166171722,0.32023044532215394,0.16033804742158617,0.807227332720452,0.8072273327204522,0.14207295990170019,0.11483809655839015,0.09964051412063812,0.6120143502980339,0.6120143502980354,0.34834907739294046,0.17280196384454952,0.8918907539771787,0.8918907539771784,0.1361777942416658,0.12159159020613161,0.06048104414531827,0.6211636019790222,0.6211636019790229,0.36410214409691455,0.17954674974802906,0.9500780260879732,0.950078026087973,0.137701991261302,0.12844215794441327,0.03538966131929815,0.6237982491728208,0.6237982491728221,0.37422137484589285,0.1837817998962123,0.9999999999999998,1.0,0.1391171535397734,0.13398837761246973,0.018164842116901912,0.6233643907766776,0.6233643907766776,0.3812801551437732,0.18669088219118832,0.9630075405997501,0.9630075405997501,0.1399174798330556,0.13787983889952604,0.005787413939449967,0.6213650789664926,0.6213650789664926,0.38648568450584975,0.18881350636566727,0.9290591987603714,0.9290591987603709,0.1407136779205074,0.14073799976504872
trange_hist_14_abs,0.7189213259009126,0.3231941408726165,0.157629901487813,0.06811110297210975,0.06574420724513202,0.06811110297210933,0.4989631534869436,0.6906142870778629,0.3796000525948447,0.37960005259484475,0.20447652549472076,0.09263419487544468,0.08295908139137687,0.08295908139137663,0.7738471955990112,0.676474018668999,0.633289251563467,0.42671285860594405,0.42671285860594393,0.25592511048982713,0.12291387175512665,0.10705156407590495,0.10705156407590555,0.9261747558655333,0.7338793354546336,0.6061810638308295,0.44534878991142834,0.445348789911428,0.2741204128322891,0.1340732022399939,0.12032472096952103,0.12032472096952111,0.9758680181579151,0.7554720199188654,0.5883208592587575,0.4587880652697717,0.45878806526977284,0.28362339393759584,0.13980083773821766,0.12675488647093355,0.1267548864709338,0.9953697489294601,0.7650313831009865,0.5745841103438923,0.4699412284040635,0.46994122840406327,0.28958145566398985,0.14327830336121533,0.13911715353977389,0.1391171535397734,1.0,0.7687992354936322,0.563217618243738,0.47962119271428605,0.47962119271428677,0.2937279020021636,0.14561333789764436,0.1433151285036926,0.1433151285036929,0.9971763453799531,0.7695171968149148,0.5534334702695674,0.48819771158718955,0.4881977115871903,0.2968130964503455,0.14728990316947124,0.1514763703122981,0.15147637031229857,0.990832729201081,0.7687398537086163
trange_14_strength,0.5827819835454214,0.37922000126218874,0.17979667079632075,0.0805041715945681,0.0788780680621251,0.08050417159456791,0.4056088102703959,0.5228705874657107,0.4469900786562914,0.44699007865629153,0.23784376172792926,0.10035873460111634,0.09883678727615253,0.09883678727615243,0.7809108267296118,0.9361907164610672,0.42695435721682967,0.5003932367596733,0.5003932367596734,0.3003970674722536,0.13768995642959603,0.1179553877815956,0.11795538778159595,0.7936060365511114,0.9799686263946664,0.38477427984009244,0.5168034856617164,0.516803485661716,0.3229216534187212,0.1511818704296232,0.1262929133496638,0.12629291334966364,0.7853728723154972,0.9937129732997013,0.3596174022329917,0.5258308776082066,0.5258308776082059,0.3348110766897631,0.15810944531619847,0.12964653533873138,0.12964653533873144,0.77715584137205,0.9987960173625379,0.34222998050650993,0.5319008778647237,0.5319008778647213,0.3422721174909261,0.16232486083815856,0.13398837761247004,0.13398837761246973,0.7687992354936322,1.0,0.32918998513441106,0.536383712639258,0.5363837126392581,0.3474384595941182,0.16516138238123712,0.13555789770250135,0.13555789770250157,0.7607516702644745,0.9993427171004479,0.3188828176879683,0.5398911759634937,0.5398911759634929,0.3512493713972132,0.16720152232234328,0.13853268535415975,0.1385326853541599,0.753338666976499,0.997811065550159
trange_signal_17,0.7734594516381148,0.020119942793564112,0.00963275991428219,0.008731546470593304,0.014009402642233854,0.008731546470593975,0.4016837820414626,0.8574426462437238,0.0227738583550246,0.022773858355024587,0.013853279551701313,0.004100185103646997,0.020215595151934582,0.020215595151934926,0.5347498342448035,0.3726940920915049,0.9459921567005347,0.014074280974230712,0.014074280974230982,0.0205419178507731,0.0060613602202965215,0.023950778389384773,0.023950778389383795,0.558799655260522,0.3466616756823199,0.9781141737242749,0.0028574324857425573,0.0028574324857425074,0.023889032026654825,0.006978137240080617,0.0080507012412382,0.008050701241238184,0.5609995637075964,0.3356933635053307,0.992446743389399,0.02184207178242141,0.02184207178242118,0.02581507656784163,0.00752935171721891,0.004928503395772816,0.004928503395773123,0.5636592423485373,0.33160012996435595,0.9984699673091872,0.0409429091990819,0.04094290919908148,0.026994656048397864,0.007899554529075288,0.01816484211690298,0.018164842116901912,0.563217618243738,0.32918998513441106,1.0,0.05941578629798948,0.059415786297990034,0.02773641057220218,0.008165593283175999,0.02862657451544179,0.028626574515442375,0.5612598200913752,0.32811989341887493,0.9989143005040534,0.07697808395421048,0.07697808395421046,0.028204036077033413,0.008365798750758647,0.04275670953009249,0.04275670953009291,0.558539158171821,0.32757250630255413
trange_signal_17_slope,0.6786816828657584,0.6531793248315709,0.3032162116796525,0.3933032850181393,0.3914756816938626,0.3933032850181395,0.6785781817603236,0.5382425174777004,0.7868068392961697,0.7868068392961698,0.3875215078489103,0.18486775121755558,0.49302029633695343,0.49302029633695355,0.4168455759426565,0.43634429122324053,0.30506743599406094,0.9262492101656343,0.9262492101656349,0.49365999311673964,0.2360333285437641,0.5756035309458849,0.5756035309458851,0.4437106707489855,0.48293008694559625,0.1948365637612248,0.9719022821002213,0.9719022821002244,0.5379686873767409,0.2560859059160077,0.6052977532437341,0.605297753243734,0.4554875494809684,0.5071156637532006,0.13045977050358093,0.990727912381061,0.9907279123810591,0.5629260110148588,0.26684671068686605,0.6175179601257162,0.6175179601257164,0.46851693855312926,0.5241325806980693,0.08854603488557976,0.9981864206340461,0.9981864206340452,0.579061245203889,0.2735816341959254,0.6233643907766775,0.6233643907766776,0.47962119271428605,0.536383712639258,0.05941578629798948,1.0,0.9999999999999999,0.5903798357720053,0.27820177210873664,0.6251481531584131,0.625148153158413,0.4892406733610634,0.5456584003980157,0.0382590176616297,0.9987795169304667,0.9987795169304654,0.5987644487139323,0.28157122962348197,0.6255344136317782,0.6255344136317783,0.4977970626602557,0.5529555021899742
trange_hist_17,0.678681682865759,0.6531793248315712,0.3032162116796525,0.3933032850181394,0.39147568169386276,0.3933032850181393,0.6785781817603243,0.538242517477701,0.7868068392961696,0.7868068392961697,0.38752150784891054,0.1848677512175555,0.49302029633695327,0.49302029633695327,0.41684557594265687,0.43634429122324087,0.3050674359940618,0.9262492101656341,0.9262492101656348,0.49365999311673975,0.23603332854376408,0.5756035309458848,0.575603530945885,0.44371067074898557,0.4829300869455966,0.19483656376122538,0.9719022821002221,0.9719022821002242,0.5379686873767409,0.2560859059160076,0.6052977532437344,0.6052977532437342,0.45548754948096887,0.507115663753201,0.13045977050358154,0.9907279123810614,0.9907279123810588,0.5629260110148587,0.2668467106868662,0.6175179601257164,0.6175179601257166,0.4685169385531295,0.5241325806980696,0.08854603488558047,0.9981864206340462,0.9981864206340455,0.5790612452038891,0.2735816341959254,0.6233643907766775,0.6233643907766776,0.47962119271428677,0.5363837126392581,0.059415786297990034,0.9999999999999999,1.0,0.5903798357720051,0.27820177210873676,0.6251481531584131,0.625148153158413,0.48924067336106364,0.5456584003980158,0.038259017661630285,0.9987795169304663,0.9987795169304654,0.5987644487139323,0.28157122962348236,0.6255344136317783,0.6255344136317783,0.4977970626602562,0.5529555021899742
trange_hist_17_slope,0.354465472992263,0.9967819944475997,0.8553940930224897,0.5963593605605363,0.5965023599213944,0.5963593605605362,0.35138828380064824,0.14219973324094623,0.9343380413811951,0.9343380413811951,0.9404796491884185,0.6971042221438521,0.556332713650064,0.5563327136500642,0.13392705914386652,0.18819198822329436,0.002988822658512212,0.773962256063079,0.7739622560630794,0.9893819004645281,0.785135853955942,0.47402612606359273,0.4740261260635928,0.2429072329965199,0.28654011769121973,0.0254137100238065,0.6934374506185047,0.6934374506185055,0.9971869097603453,0.8110378101944278,0.4253782446252619,0.4253782446252616,0.27639777348046424,0.3211425648524651,0.029540649458528856,0.6456211002057295,0.6456211002057285,0.9992715525929258,0.8231646557413479,0.39931416694039923,0.3993141669403991,0.2879531446193638,0.3375970400127224,0.029247829711024798,0.6135770830219168,0.6135770830219163,0.9998806950310578,0.8301424056270441,0.38128015514377284,0.3812801551437732,0.2937279020021636,0.3474384595941182,0.02773641057220218,0.5903798357720053,0.5903798357720051,1.0,0.8346598807300218,0.36829607051008645,0.3682960705100862,0.2962060704623301,0.3532703295421048,0.025949678568085093,0.5726746730553505,0.5726746730553516,0.9999373709458824,0.8378171790348942,0.35743607541154654,0.3574360754115464,0.2973019279723518,0.35732898392803863
trange_hist_17_acceleration,0.17064141106731937,0.8106643218420454,0.9992475204554032,0.49539680808371356,0.49616010359941487,0.49539680808371356,0.1683816295780656,0.026181255180232267,0.6090736352347331,0.6090736352347331,0.9625240038337363,0.9708039960173857,0.35846553343068194,0.3584655334306821,0.03037792359083965,0.04661625655724513,0.017470873434523044,0.40125112551730563,0.40125112551730563,0.8888669644256246,0.9961118937500194,0.24933826542619686,0.249338265426197,0.12857269378241407,0.1286747561335371,0.01514309606682827,0.3380745459617156,0.3380745459617141,0.8613980218426522,0.9990966190240947,0.21267834597028584,0.21267834597028573,0.14349609759040144,0.15049410874163258,0.01203637515545054,0.3079383467327089,0.307938346732708,0.847835467006488,0.9997830491274406,0.19835961425614787,0.19835961425614793,0.1461618131955725,0.16007991472329558,0.009775403348257989,0.29011957664305593,0.2901195766430563,0.8398684477889227,0.9999661631952694,0.18669088219118843,0.18669088219118832,0.14561333789764436,0.16516138238123712,0.008165593283175999,0.27820177210873664,0.27820177210873676,0.8346598807300218,1.0,0.1792423111060551,0.17924231110605512,0.1439003030658276,0.16835330452865466,0.006987946181609684,0.2695734577937722,0.26957345779377145,0.8310013167139685,0.9999832590026955,0.17318931159243897,0.17318931159243908,0.1415605552748453,0.170529184693226
trange_hist_17_gt_0,0.4180102985947602,0.4076032250139162,0.19450819180119394,0.45531749009393346,0.4539068853494099,0.45531749009393346,0.532220241345298,0.33015591567909897,0.4897144358641588,0.4897144358641588,0.24349764472588203,0.12444166157977027,0.5955829913003742,0.5955829913003741,0.17257748464573494,0.11668100427674549,0.18410172023090737,0.5772736100364273,0.5772736100364275,0.3083290821580531,0.15387977061874938,0.7739640991049371,0.7739640991049371,0.148765068165312,0.11989079539622,0.11500480747250542,0.6059123560770421,0.6059123560770391,0.3358385646620716,0.1658511822613634,0.8567962020434684,0.8567962020434684,0.141279263327107,0.12501196486454524,0.07435019039668017,0.618080388199675,0.6180803881996743,0.3513088940000004,0.1723489194654042,0.9140976224364841,0.9140976224364844,0.14223007228928433,0.13082164293890414,0.0475394009322108,0.6233475874173793,0.6233475874173795,0.36129390173938913,0.17643401802609593,0.9630075405997502,0.9630075405997501,0.1433151285036926,0.13555789770250135,0.02862657451544179,0.6251481531584131,0.6251481531584131,0.36829607051008645,0.1792423111060551,1.0,1.0000000000000004,0.14426068341287557,0.1396302965818828,0.014683805796638671,0.6250289629129442,0.6250289629129449,0.3734872080923882,0.18129273183753092,0.9660350208693829,0.9660350208693826,0.1451369622654626,0.14294995970256405
trange_hist_17_lt_0,0.4180102985947606,0.407603225013916,0.19450819180119408,0.45531749009393346,0.4539068853494097,0.45531749009393335,0.5322202413452978,0.3301559156790996,0.4897144358641588,0.4897144358641588,0.24349764472588192,0.1244416615797701,0.5955829913003744,0.5955829913003743,0.1725774846457354,0.11668100427674559,0.18410172023090773,0.5772736100364275,0.5772736100364277,0.3083290821580527,0.15387977061874952,0.7739640991049366,0.773964099104936,0.14876506816531224,0.11989079539622019,0.11500480747250595,0.6059123560770419,0.605912356077039,0.3358385646620717,0.16585118226136328,0.8567962020434682,0.856796202043468,0.14127926332710747,0.1250119648645454,0.07435019039668067,0.6180803881996744,0.6180803881996741,0.3513088940000004,0.1723489194654041,0.9140976224364837,0.9140976224364843,0.14223007228928444,0.1308216429389044,0.047539400932211276,0.6233475874173793,0.6233475874173791,0.36129390173938886,0.17643401802609568,0.9630075405997497,0.9630075405997501,0.1433151285036929,0.13555789770250157,0.028626574515442375,0.625148153158413,0.625148153158413,0.3682960705100862,0.17924231110605512,1.0000000000000004,1.0,0.14426068341287582,0.13963029658188292,0.014683805796639238,0.625028962912944,0.6250289629129447,0.37348720809238806,0.1812927318375307,0.9660350208693824,0.9660350208693829,0.14513696226546285,0.14294995970256427
trange_hist_17_abs,0.7235889686743464,0.3264743946054784,0.1561933661407444,0.06916788172800784,0.06695404335827389,0.06916788172800736,0.5034002806049462,0.6940039801106721,0.38618715287863703,0.3861871528786371,0.2029681601246754,0.09138180481634375,0.08410239397681378,0.08410239397681361,0.753490524649769,0.662806105199944,0.6326685050895802,0.4379438857737822,0.4379438857737824,0.2559759953854791,0.12108886079386272,0.10762599176449886,0.10762599176449938,0.9040583494395786,0.7195792300451548,0.6040383651319192,0.4571219826959003,0.4571219826958994,0.27528411840027084,0.13222796330801798,0.12116476102027297,0.12116476102027297,0.9591303105159881,0.7428107911895767,0.5858794250829901,0.4699830073101093,0.4699830073101098,0.285443669511898,0.13800029346349388,0.12802455433927695,0.12802455433927698,0.9858654615606854,0.7547595349600343,0.5723073140604857,0.4803321167101078,0.48033211671010795,0.29180249604284453,0.14152504750363273,0.1399174798330561,0.1399174798330556,0.9971763453799531,0.7607516702644745,0.5612598200913752,0.4892406733610634,0.48924067336106364,0.2962060704623301,0.1439003030658276,0.14426068341287557,0.14426068341287582,1.0,0.7633874385084928,0.5518272587287548,0.4971435272306508,0.497143527230651,0.29946407342379167,0.14560967610633907,0.15231405847744556,0.1523140584774459,0.9980736303013623,0.7641429129765678
trange_17_strength,0.5878838083645777,0.3856122801672115,0.18320926965783982,0.08191854325228366,0.08029783408804808,0.08191854325228347,0.41039756100735153,0.5264684764818901,0.45459347682966234,0.45459347682966245,0.24176282913072453,0.10294784835625811,0.10045486368980105,0.10045486368980096,0.7748455618622516,0.9309598625755654,0.4280805195983177,0.5094426339015055,0.5094426339015055,0.30523385534196396,0.14055914080436185,0.12002795348170303,0.1200279534817033,0.7874507635524384,0.974822715407846,0.3848116762252948,0.5261950145822425,0.5261950145822417,0.32821318936535904,0.15419394527583785,0.12921976584161582,0.12921976584161576,0.7812256339701261,0.9898850194443006,0.35908912953752586,0.5352585936816817,0.5352585936816803,0.34036347194312244,0.16120632004435542,0.13329236720562268,0.13329236720562268,0.7755845781173398,0.9966243640860922,0.34137061626660675,0.5412677370503385,0.541267737050339,0.34799037302669605,0.16547749292989591,0.13787983889952643,0.13787983889952604,0.7695171968149148,0.9993427171004479,0.32811989341887493,0.5456584003980157,0.5456584003980158,0.3532703295421048,0.16835330452865466,0.1396302965818828,0.13963029658188292,0.7633874385084928,1.0,0.3176707082870048,0.5490653269777451,0.549065326977743,0.3571635050376135,0.170422551068194,0.14234469576355577,0.142344695763556,0.757474899061028,0.9995273226337119
trange_signal_20,0.7592268054952476,0.02054492158038361,0.008399393260435099,0.009803590944429232,0.015056705387084798,0.009803590944429865,0.3817961568761445,0.8423032639258207,0.024761101091041862,0.024761101091041942,0.012171829432614589,0.0034690969797755954,0.022446934320454404,0.022446934320454835,0.5237217126233468,0.3619866074212632,0.9328094063613719,0.0213682044753012,0.0213682044753015,0.018393560165220774,0.005142773993102133,0.02938277423251852,0.02938277423251747,0.5473406266726614,0.3362777367288313,0.9682801746639694,0.009125232520935061,0.009125232520935101,0.021706324360920373,0.005935535122313711,0.016338346876473193,0.01633834687647321,0.5503480521357021,0.32556104600125774,0.9858978231282173,0.00606919450385625,0.0060691945038560255,0.023732584603656,0.0064191486965927145,0.005743178769337817,0.005743178769337535,0.5534424450351306,0.32139164001047565,0.9948499918511773,0.022164054283136475,0.022164054283136215,0.025055540749193177,0.0067483991271745205,0.005787413939451056,0.005787413939449967,0.5534334702695674,0.3188828176879683,0.9989143005040534,0.0382590176616297,0.038259017661630285,0.025949678568085093,0.006987946181609684,0.014683805796638671,0.014683805796639238,0.5518272587287548,0.3176707082870048,1.0,0.05393519970233087,0.05393519970233083,0.026565076935470427,0.007170216444900054,0.027683631032344225,0.02768363103234467,0.5493602946925359,0.31698441414808637
trange_signal_20_slope,0.690827866304385,0.6364480479765733,0.29385470654295726,0.3841959724051242,0.38229359916841726,0.38419597240512404,0.6903588528856957,0.5565198290125095,0.7683178046519135,0.7683178046519139,0.3754127432865225,0.17932614361583718,0.48242404846509074,0.48242404846509085,0.4279136059310639,0.4436544011685195,0.32876794488377364,0.9102153330038498,0.9102153330038498,0.47817589571212454,0.22881784710303962,0.5663665901655305,0.5663665901655308,0.454994848918116,0.4882137813265477,0.2182339836724591,0.9602028744650872,0.9602028744650877,0.5212439706016165,0.24819915821848063,0.5987519292783579,0.5987519292783576,0.4656102997081303,0.5112999492426521,0.15212417795605104,0.9830932958971075,0.9830932958971106,0.5456346001385972,0.2585975150927648,0.6135376774257617,0.6135376774257616,0.4778683430081782,0.5278894531169733,0.1081451748344302,0.9940405708322058,0.9940405708322075,0.5614919363767086,0.2651066483063198,0.6213650789664924,0.6213650789664926,0.48819771158718955,0.5398911759634937,0.07697808395421048,0.9987795169304667,0.9987795169304663,0.5726746730553505,0.2695734577937722,0.6250289629129442,0.625028962912944,0.4971435272306508,0.5490653269777451,0.05393519970233087,1.0,1.000000000000001,0.5809988722218776,0.2728325213562113,0.6269137170610829,0.6269137170610831,0.5051487661038382,0.5563187824725708
trange_hist_20,0.6908278663043851,0.6364480479765735,0.29385470654295753,0.3841959724051247,0.3822935991684177,0.38419597240512465,0.6903588528856975,0.5565198290125105,0.7683178046519142,0.7683178046519142,0.3754127432865227,0.1793261436158375,0.4824240484650916,0.48242404846509174,0.42791360593106426,0.4436544011685195,0.32876794488377326,0.9102153330038499,0.9102153330038504,0.4781758957121241,0.22881784710304023,0.5663665901655305,0.5663665901655301,0.4549948489181167,0.4882137813265469,0.21823398367245994,0.9602028744650857,0.9602028744650861,0.521243970601614,0.248199158218481,0.5987519292783587,0.5987519292783584,0.4656102997081306,0.5112999492426527,0.15212417795605102,0.9830932958971128,0.9830932958971097,0.5456346001385963,0.25859751509276513,0.6135376774257627,0.6135376774257629,0.47786834300817854,0.5278894531169733,0.10814517483443005,0.994040570832209,0.9940405708322065,0.5614919363767069,0.26510664830631925,0.621365078966493,0.6213650789664926,0.4881977115871903,0.5398911759634929,0.07697808395421046,0.9987795169304654,0.9987795169304654,0.5726746730553516,0.26957345779377145,0.6250289629129449,0.6250289629129447,0.497143527230651,0.549065326977743,0.05393519970233083,1.000000000000001,1.0,0.5809988722218771,0.27283252135621133,0.6269137170610847,0.6269137170610842,0.5051487661038381,0.5563187824725708
trange_hist_20_slope,0.3594453830545985,0.9975559622866509,0.8519489187486705,0.5967763925052485,0.5968987545597605,0.5967763925052485,0.3564307796878507,0.1467630807585386,0.9377982181380748,0.9377982181380751,0.9376257593990326,0.6932229810311592,0.5587042531303615,0.5587042531303612,0.13750147490737136,0.19183820965916712,0.0007703604897751676,0.7807944924963872,0.7807944924963873,0.9878503448843186,0.7812480789206284,0.478275854444656,0.478275854444656,0.24574789348750417,0.2900429088833245,0.02450879015828139,0.7013356219381548,0.7013356219381569,0.9963189281875843,0.8072353317253983,0.43029541003833754,0.4302954100383375,0.279174210713883,0.3247406753952618,0.029352109851675287,0.6538994524052263,0.653899452405225,0.9987886161654965,0.819425980908605,0.40443470367740575,0.40443470367740575,0.290868412972481,0.34131022532528554,0.029470792182751903,0.6219676415262002,0.621967641526199,0.9996461081604278,0.8264497242219218,0.3864856845058493,0.38648568450584975,0.2968130964503455,0.3512493713972132,0.028204036077033413,0.5987644487139323,0.5987644487139323,0.9999373709458824,0.8310013167139685,0.3734872080923882,0.37348720809238806,0.29946407342379167,0.3571635050376135,0.026565076935470427,0.5809988722218776,0.5809988722218771,1.0,0.8341847480221678,0.36260617086049685,0.36260617086049673,0.3007204345460006,0.36128899800963477
trange_hist_20_acceleration,0.1726336096659357,0.8139609748915476,0.9994541220883706,0.4972734308762175,0.49803236666583234,0.4972734308762179,0.17035724630185475,0.027219886620126848,0.6134227850345809,0.6134227850345808,0.9639843571368885,0.9695548147189682,0.3610753316795681,0.36107533167956823,0.03134747977968496,0.04802820347482017,0.01747810347123769,0.4055839119158701,0.40558391191587034,0.8914847587405511,0.9955979689341153,0.2519538043128929,0.25195380431289305,0.1298635328569803,0.1304061511052757,0.015337937126644705,0.3420478604893458,0.34204786048934605,0.8643211559885837,0.9988358831292798,0.2150609263003075,0.2150609263003073,0.1450202840983002,0.15239563994606306,0.012261220754605347,0.31164410937508014,0.3116441093750804,0.8508861432922012,0.9996460948852902,0.20057658727352795,0.2005765872735279,0.14777992890482688,0.16206544868147554,0.00999250523534337,0.2936324717481161,0.2936324717481161,0.8429858306132837,0.9999018580519061,0.188813506365667,0.18881350636566727,0.14728990316947124,0.16720152232234328,0.008365798750758647,0.28157122962348197,0.28157122962348236,0.8378171790348942,0.9999832590026955,0.18129273183753092,0.1812927318375307,0.14560967610633907,0.170422551068194,0.007170216444900054,0.2728325213562113,0.27283252135621133,0.8341847480221678,1.0,0.17517822825844534,0.1751782282584453,0.1432941504386323,0.17261851496982927
trange_hist_20_gt_0,0.42865155896988766,0.39745330353926395,0.18805074514827214,0.44253333796444944,0.4411895134138843,0.4425333379644494,0.5448175037283789,0.3447741163830598,0.47877045042934424,0.4787704504293443,0.23579510052398298,0.11987204742474954,0.574467973636199,0.5744679736361991,0.18504570966724393,0.12343889358147576,0.20217514386874755,0.5680365191659548,0.568036519165955,0.29875499934794547,0.14857532370515011,0.7463742333586407,0.7463742333586412,0.15908983880963776,0.12488773957004008,0.13280338654604323,0.5996075908719766,0.5996075908719759,0.3255157596761555,0.1602043893398945,0.826505606522932,0.8265056065229315,0.15036726955389093,0.1289957375671848,0.09101115440283813,0.6144350989607059,0.6144350989607051,0.3406595386102168,0.1665059779960133,0.8803070771847937,0.880307077184794,0.1506898502602812,0.13418951447625274,0.06290902684077813,0.6219160792315493,0.62191607923155,0.35049718030440397,0.17046631945266055,0.929059198760371,0.9290591987603714,0.1514763703122981,0.13853268535415975,0.04275670953009249,0.6255344136317782,0.6255344136317783,0.35743607541154654,0.17318931159243897,0.9660350208693829,0.9660350208693824,0.15231405847744556,0.14234469576355577,0.027683631032344225,0.6269137170610829,0.6269137170610847,0.36260617086049685,0.17517822825844534,1.0,0.9999999999999998,0.15323314635689006,0.14565894582999908
trange_hist_20_lt_0,0.42865155896988816,0.39745330353926395,0.18805074514827214,0.4425333379644496,0.4411895134138848,0.4425333379644494,0.5448175037283787,0.3447741163830601,0.47877045042934446,0.4787704504293445,0.23579510052398303,0.11987204742474955,0.5744679736361986,0.5744679736361992,0.1850457096672444,0.12343889358147594,0.20217514386874771,0.5680365191659549,0.5680365191659553,0.2987549993479456,0.14857532370515023,0.7463742333586408,0.7463742333586408,0.15908983880963798,0.12488773957004023,0.1328033865460435,0.5996075908719769,0.5996075908719759,0.32551575967615554,0.1602043893398945,0.826505606522932,0.8265056065229319,0.1503672695538913,0.12899573756718496,0.09101115440283862,0.6144350989607061,0.6144350989607054,0.3406595386102168,0.16650597799601322,0.880307077184794,0.8803070771847942,0.15068985026028137,0.134189514476253,0.06290902684077869,0.6219160792315495,0.6219160792315502,0.3504971803044041,0.1704663194526606,0.9290591987603711,0.9290591987603709,0.15147637031229857,0.1385326853541599,0.04275670953009291,0.6255344136317783,0.6255344136317783,0.3574360754115464,0.17318931159243908,0.9660350208693826,0.9660350208693829,0.1523140584774459,0.142344695763556,0.02768363103234467,0.6269137170610831,0.6269137170610842,0.36260617086049673,0.1751782282584453,0.9999999999999998,1.0,0.1532331463568903,0.1456589458299993
trange_hist_20_abs,0.7270203193662904,0.3283522544288668,0.15407008076936338,0.06963380279983258,0.0675248160490178,0.06963380279983221,0.5072011411221259,0.6965121811309373,0.39096808799014177,0.39096808799014166,0.20078094653784456,0.08948214179878798,0.08500773666066369,0.0850077366606635,0.7378559470651289,0.6525988527942812,0.6317197876645698,0.4470804943972629,0.4470804943972628,0.2550060027522236,0.11870051198464644,0.10829517047136313,0.10829517047136393,0.8852128950583751,0.708256597674166,0.6015705950216423,0.4670811415152803,0.4670811415152804,0.2752319471491391,0.12980228317534073,0.12204350573812726,0.12204350573812718,0.9431263569033448,0.7322806656283107,0.5829639909918346,0.47968338762267454,0.47968338762267393,0.28595293804402994,0.1355996799207895,0.12923466475367895,0.12923466475367917,0.9747005909650054,0.7457872012752619,0.56939802576177,0.4894804091959879,0.4894804091959883,0.29266524034522,0.13915646878624544,0.14071367792050793,0.1407136779205074,0.990832729201081,0.753338666976499,0.558539158171821,0.4977970626602557,0.4977970626602562,0.2973019279723518,0.1415605552748453,0.1451369622654626,0.14513696226546285,0.9980736303013623,0.757474899061028,0.5493602946925359,0.5051487661038382,0.5051487661038381,0.3007204345460006,0.1432941504386323,0.15323314635689006,0.1532331463568903,1.0,0.759560994241259
trange_20_strength,0.5921145009202392,0.39014461515062265,0.18554143823560787,0.0828649814597965,0.08124806147512738,0.08286498145979634,0.4144512545587732,0.5296670896060703,0.4600883096685168,0.4600883096685169,0.24440556724660334,0.1047581128836731,0.10159439540206006,0.10159439540205994,0.7703502705770945,0.9270990776449719,0.42940829841256967,0.5162426300727738,0.5162426300727738,0.30852169253128553,0.14252515186034978,0.12151447767305541,0.12151447767305573,0.782202579005091,0.9705362301949777,0.38524998586658044,0.533387801375555,0.5333878013755551,0.33184592955470327,0.15624958584345028,0.1313201759409397,0.13132017594093964,0.7770664112860979,0.9862430790179302,0.35903960825786513,0.5425666587049329,0.542566658704932,0.3441993777472466,0.1633177745862895,0.13595386480903407,0.13595386480903418,0.7731618782042075,0.9940434243723965,0.34102175702586934,0.5485907584077288,0.5485907584077269,0.3519577335427279,0.16762652098409656,0.14073799976504914,0.14073799976504872,0.7687398537086163,0.997811065550159,0.32757250630255413,0.5529555021899742,0.5529555021899742,0.35732898392803863,0.170529184693226,0.14294995970256405,0.14294995970256427,0.7641429129765678,0.9995273226337119,0.31698441414808637,0.5563187824725708,0.5563187824725708,0.36128899800963477,0.17261851496982927,0.14565894582999908,0.1456589458299993,0.759560994241259,1.0
