symbol,exchange,template,period,year,quarter,method,source,publish_date,assurance,consolidated,cash_flow_method,unit,n_columns,months,document,shares_authorized,shares_issued,shares_outstanding,hdkd_1_thu_nhap_lai_va_cac_khoan_thu_nhap_tuong_tu_nhan_duoc,hdkd_2_chi_phi_lai_va_cac_chi_phi_tuong_tu_da_tra,hdkd_3_thu_nhap_tu_hoat_dong_dich_vu,hdkd_4_chenh_lech_so_tien_thuc_thu_thuc_chi_tu_hoat_dong_kinh_doanh_chung_khoan_vang_bac_ngoai_te,hdkd_5_lai_lo_tu_hoat_dong_khac,hdkd_6_tien_thu_cac_khoan_no_da_duoc_xu_ly_xoa_bu_dap_bang_nguon_du_phong_rui_ro,hdkd_7_tien_chi_tra_cho_nhan_vien_va_hoat_dong_quan_ly_cong_vu,hdkd_8_tien_thue_thu_nhap_thuc_nop_trong_ky,hdkd_luu_chuyen_tien_thuan_tu_hoat_dong_kinh_doanh_truoc_nhung_thay_doi_ve_tai_san_va_von_luu_dong,hdkd_nhung_thay_doi_ve_tai_san_hoat_dong,hdkd_9_tang_giam_cac_khoan_tien_gui_va_cho_vay_cac_tctd_khac,hdkd_10_tang_giam_cac_khoan_ve_kinh_doanh_chung_khoan,hdkd_11_tang_giam_cac_cong_cu_tc_phai_sinh_va_cac_tai_san_tc_khac,hdkd_12_tang_giam_cac_khoan_cho_vay_khach_hang,hdkd_13_tang_giam_nguon_du_phong_de_xu_ly_rui_ro_xu_ly_bu_dap_ton_that_cac_khoan_tin_dung_chung_khoan_dau_tu_dai_han,hdkd_14_tang_giam_khac_ve_tai_san_hoat_dong,hdkd_nhung_thay_doi_ve_cong_no_hoat_dong,hdkd_15_tang_giam_cac_khoan_no_chinh_phu_va_nhnn,hdkd_16_tang_giam_cac_khoan_tien_gui_tien_vay_cac_tctd,hdkd_17_tang_giam_tien_gui_cua_khach_hang,hdkd_18_tang_giam_phat_hanh_giay_to_co_gia,hdkd_19_tang_giam_von_tai_tro_uy_thac_dau_tu_cho_vay_ma_tctd_chiu_rui_ro,hdkd_20_tang_giam_cac_cong_cu_tc_phai_sinh_va_cac_khoan_no_tc_khac,hdkd_21_tang_giam_khac_ve_cong_no_hoat_dong,hdkd_22_chi_tu_cac_quy_cua_tctd,hdkd_i_luu_chuyen_tien_thuan_tu_hoat_dong_kinh_doanh,hddt_mua_sam_tai_san_co_dinh,hddt_tien_thu_tu_thanh_ly_nhuong_ban_tscd,hddt_tien_chi_ve_thanh_ly_nhuong_ban_tscd,hddt_mua_sam_bat_dong_san_dau_tu,hddt_tien_thu_tu_ban_thanh_ly_bat_dong_san_dau_tu,hddt_tien_chi_ra_do_ban_thanh_ly_bat_dong_san_dau_tu,hddt_tien_chi_dau_tu_gop_von_vao_cac_don_vi_khac,hddt_tien_thu_dau_tu_gop_von_vao_cac_don_vi_khac,hddt_tien_thu_co_tuc_va_loi_nhuan_duoc_chia_tu_cac_khoan_dau_tu_gop_von_dai_han,hddt_ii_luu_chuyen_tien_thuan_tu_hd_dau_tu,hdtc_1_tang_von_co_phan_tu_phat_hanh_co_phieu,hdtc_2_tien_thu_tu_phat_hanh_giay_to_co_gia_dai_han_co_du_dieu_kien_tinh_vao_von_tu_co_va_cac_khoan_von_vay_dai_han_khac,hdtc_3_tien_chi_thanh_toan_giay_to_co_gia_dai_han_co_du_dieu_kien_tinh_vao_von_tu_co_va_cac_khoan_von_vay_dai_han_khac,hdtc_4_co_tuc_tra_cho_co_dong_loi_nhuan_da_chia,hdtc_5_tien_chi_ra_mua_co_phieu_quy,hdtc_6_tien_thu_duoc_do_ban_co_phieu_quy,hdtc_iii_luu_chuyen_tien_thuan_tu_hd_tai_chinh,hdtc_iv_luu_chuyen_tien_thuan_trong_ky,hdtc_v_tien_va_cac_khoan_tuong_duong_tien_tai_thoi_diem_dau_ky,hdtc_vi_dieu_chinh_anh_huong_cua_thay_doi_ty_gia,hdtc_vii_tien_va_cac_khoan_tuong_duong_tien_tai_thoi_diem_cuoi_ky
CTG,HOSE,bank,Q4-2008,2008,4,onnx@200,pdf,2009-05-20,audited,True,direct,1000000,2,,FY-2008_bao_cao_tai_chinh_hop_nhat_nam_2008_da_kiem_toan.pdf,,,,,-12641268000000,437985000000,,,647722000000,-4130523000000,-377475000000,4520436000000,-18076828000000,1075454000000,961706000000,-86552000000,-18579436000000,,-618329000000,24066807000000,110860000000,,9208652000000,-212903000000,,-6000000,,,10510415000000,,6256000000,,,,,-307698000000,,82733000000,-1896589000000,,,,,,,72600000000,8686426000000,23426389000000,,32112815000000
CTG,HOSE,bank,Q1-2009,2009,1,onnx@200,pdf,,unaudited,True,direct,1,2,3,Q1-2009_bao_cao_tai_chinh_hop_nhat_quy_1_nam_2009.pdf,,,,6218318401211,-4872909759274,113286179421,30215008156,,119970523438,-1105322752112,-468608243390,52372306578,,,-952025396369,26822507119,4043558466407,,,,32189577764,-4552511986828,,2434465623103,-3870264807340,,1770322868658,,44300634926947,-69770713739,309175772,-349970890,,22461130000,,,100583600000,56492900,,7341637519,,,7341637519,,,,-14387925835385,30893129312886,,
CTG,HOSE,bank,Q2-2009,2009,2,onnx@200,pdf,2009-08-11,reviewed,True,direct,1000000,3,6,Q2-2009_bao_cao_tai_chinh_hop_nhat_quy_2_nam_2009_da_soat_xet.pdf,,,,,-6016832000000,261650000000,,,317153000000,-2028476000000,-470283000000,363999000000,-24730129000000,,-789498000000,86000000,-17478351000000,,-4167210000000,23738708000000,619492000000,-1948287000000,17778852000000,402290000000,1974000000,5154000000,,,-627422000000,,17947000000,,,,,-15058000000,,,,,,,,,,13200000000,8686426000000,32112815000000,,30897091000000
CTG,HOSE,bank,Q3-2009,2009,3,onnx@200+tail,pdf,2009-10-20,unaudited,True,direct,1,1,9,Q3-2009_bao_cao_tai_chinh_hop_nhat_quy_3_nam_2009.pdf,,,,-3030437504674,168580538936,18269104224,,,429927785220,,-171073901043,1588237946845,,,,,,,,,,,145339090977563,5145450808609,,,,-2386931947750,-21604010607774,2730360030,-4435565962,,,,,,,,,,,,,4779370595945,,-17008535576306,40851206508552,3131132803343,,26973803735589
CTG,HOSE,bank,Q4-2009,2009,4,onnx@200,pdf,2010-03-17,audited,True,direct,1000000,1,12,FY-2009_bao_cao_tai_chinh_hop_nhat_nam_2009_da_kiem_toan.pdf,,,,,-6283676000000,387563000000,129618000000,,465629000000,-2198081000000,-284592000000,2361805000000,1745045000000,,-3233709000000,-75228000000,,,2515673000000,23455946000000,12329520000000,8135734000000,9116924000000,4723846000000,,-96380000000,-101338000000,759439000000,-1118537000000,6667000000,,,,,,,5071000000,,-1330211000000,,,,,,,,,30897091000000,,30326319000000
CTG,HOSE,bank,Q1-2010,2010,1,onnx@200+tail,pdf,2010-04-28,unaudited,True,direct,1,2,3,Q1-2010_bao_cao_tai_chinh_hop_nhat_quy_1_nam_2010.pdf,,,,,-3189251669206,,130925934401,,90254352788,-1840464022078,-656294557972,-100766567695,-22272557361176,-1597055000000,-5196724935864,56063064381,-13532117217640,,-2114763128609,14446809854058,4675484162743,-2318396019894,8160459351476,628434920764,,,,-183178927350,-7926514074813,-71895889514,385131081,-4327273,,,,,,753708100,-62086485277,,,,,,,,-7988600560090,30326319000000,5714159972370,28051878412280
CTG,HOSE,bank,Q2-2010,2010,2,onnx@300,pdf,2011-01-01,reviewed,True,direct,1000000,2,,Q2-2010_bao_cao_tai_chinh_hop_nhat_quy_2_nam_2010_da_soat_xet.pdf,,,,,-7070061000000,687831000000,127123000000,,226312000000,,864000000,2016832000000,-43443201000000,295000000,-15812351000000,63099000000,-23921080000000,,150426000000,48434162000000,13192644000000,5037587000000,7590542000000,9289874000000,12828306000000,-214237000000,942994000000,-233548000000,7007793000000,10144000000,,,,,,-2802000000,,6671000000,-656379000000,,,,,,,,6351414000000,,36677733000000,30326319000000
CTG,HOSE,bank,Q3-2010,2010,3,onnx@200,pdf,2010-11-09,unaudited,True,direct,1,2,9,Q3-2010_bao_cao_tai_chinh_hop_nhat_quy_3_nam_2010.pdf,,,,,-11830636596237,,34187882373,,399002123397,-4215568206909,-924214091650,4502140165710,,,16260973755909,64678158031,-43952263459040,,,22797511435478,,6794534991768,24653715697102,1751847778576,-9480934131588,-220091000000,25305401463534,-993288778617,6785935691598,-845821367420,1681978817,-251316445,,,,,,119211960373,-780467213346,,,,,,-45402922875,,559900065555377,30326319000000,2859928177467,39146312732844
CTG,HOSE,bank,Q4-2010,2010,4,onnx@200,pdf,2011-03-10,audited,True,direct,1000000,2,12,FY-2010_bao_cao_tai_chinh_hop_nhat_nam_2010_da_kiem_toan.pdf,,,,,-18010936000000,1436106000000,254067000000,,1193854000000,-7185708000000,-1096772000000,5792306000000,-99379662000000,-4368511000000,-22489477000000,55986000000,-71034324000000,,-1543336000000,118393078000000,29501989000000,20084569000000,57544106000000,,10209883000000,-220091000000,-859560000000,-10844000000,24805772000000,-1874657000000,23720000000,,,,,,3160000000,126193000000,-2299709000000,,-11172000000,,,,,,22834234000000,30326319000000,,53160553000000
CTG,HOSE,bank,Q1-2011,2011,1,onnx@200,pdf,2011-05-16,unaudited,True,direct,1,2,3,Q1-2011_bao_cao_tai_chinh_hop_nhat_quy_1_nam_2011.pdf,,,,,-7638614450761,,156380284965,,283588565946,-1592843070570,-317563408241,2307092565300,,,-5545580060828,-13067843502,-17238046869949,,-3688881544625,2734010739902,,18396063648896,-13503637803464,7741858833722,-13468630298053,,21905081152987,-309475657194,-5362487160445,-454301783209,426529130,-35429738,,,,,,67417079827,-386493603990,,,,3540201273000,,,,-2208779491435,53160553000000,530047871083,51481821379648
CTG,HOSE,bank,Q2-2011,2011,2,onnx@200+merged,pdf,2011-08-30,reviewed,True,direct,1000000,2,6,Q2-2011_bao_cao_tai_chinh_hop_nhat_quy_2_nam_2011_da_soat_xet.pdf,,,,,-15948237000000,709888000000,35105000000,,607366000000,-4060330000000,-988294000000,5590594000000,-46683965000000,-10549528000000,-6305240000000,16070000000,-29062675000000,,-782592000000,22881839000000,-15529935000000,12745053000000,-13710281000000,15533596000000,18570305000000,,5273101000000,,-18211532000000,-475142000000,5200000000,,,,,,,14896000000,-748645000000,,-2043709000000,,,,,,-17463685000000,53160553000000,,35696868000000
CTG,HOSE,bank,Q3-2011,2011,3,onnx@200,pdf,2011-11-10,unaudited,True,direct,1,2,9,Q3-2011_bao_cao_tai_chinh_hop_nhat_quy_3_nam_2011.pdf,,,,,-25865365413191,,,,830574244909,-5688472575334,-1646326373954,4497429611811,,,-4499985176769,-8768487735,-39057177614115,,-2741315838051,-17567364405563,,9164470190463,,3130689154974,25092937828897,,1789302217544,-8848824431,3905747490102,-1612179917096,61591439217,-62110130524,,-697231940000,,,,178858904181,-2131071644222,,,,,1693049390129,,,3467725236009,53160553000000,1701668558067,58329946794076
CTG,HOSE,bank,Q4-2011,2011,4,onnx@200,pdf,2012-02-22,audited,True,direct,1000000,2,12,FY-2011_bao_cao_tai_chinh_hop_nhat_nam_2011_da_kiem_toan.pdf,,,,,-34452245000000,1141704000000,960930000000,,1170498000000,-8339552000000,-2164061000000,10901146000000,-74211604000000,-1339250000000,-6691466000000,-994000000,-59229503000000,,-1679631000000,80460641000000,-15926945000000,39311187000000,51355003000000,360834000000,12983671000000,,-7619920000000,-3189000000,17150183000000,-584033000000,118444000000,,,,,,,19908000000,-875461000000,,-2043709000000,,,-8989000000,,,21133846000000,53160553000000,,74294399000000
CTG,HOSE,bank,Q1-2012,2012,1,onnx@200,pdf,2012-05-09,unaudited,True,direct,1,2,,Q1-2012_bao_cao_tai_chinh_hop_nhat_quy_1_nam_2012.pdf,,,,,155,,132553020375,,197423991961,-2225652937711,-701459824649,779414060225,31676000000,,764107720238,-416855075,7554009053494,,,-16764270158077,,-22926896203812,542505,-2622377271953,770756949489,3299307183818,,-2035465200,-45307856153447,-1499958366156,651390301,-15948181,,,,,2860203919,,-1496462720117,,,,,,,,-46804318873564,74294399000000,-3408445802,27486671680634
CTG,HOSE,bank,Q2-2012,2012,2,onnx@200,pdf,2012-08-27,reviewed,True,direct,1000000,2,6,Q2-2012_bao_cao_tai_chinh_hop_nhat_quy_2_nam_2012_da_soat_xet.pdf,,,,27671229000000,-19767405000000,618129000000,245289000000,,520001000000,-4460441000000,-1179657000000,3627460000000,,1965608000000,3910336000000,-10711000000,,,330767000000,-55985060000000,-26865839000000,,,,1576182000000,,,-880385000000,-37396584000000,-3193170000000,1605000000,,,,,,,13299000000,,,,,-79000000,,,-79000000,-40574929000000,74294399000000,1981000000,33721451000000
CTG,HOSE,bank,Q3-2012,2012,3,onnx@200,pdf,2012-11-09,unaudited,True,direct,1,2,9,Q3-2012_bao_cao_tai_chinh_hop_nhat_quy_3_nam_2012.pdf,,,,,-26112512032782,,,,755324079067,-6716983568453,-1371170952437,5831924529714,-5443623120002,,-1656792640088,-51769087280,-7458834051409,,-613330399781,-26921384927771,,-12731913509783,13360536064422,2656181837457,1625265649855,1044360802370,,-156326954,-30359535179250,-4936102730003,17303226612,,,,,,,19048592809,-4952622982077,,,,,-79432732,,,-35312237594059,74294399000000,81483042262,39063644448203
CTG,HOSE,bank,Q4-2012,2012,4,onnx@200,pdf,2013-03-21,audited,True,direct,1000000,2,12,FY-2012_bao_cao_tai_chinh_hop_nhat_nam_2012_da_kiem_toan.pdf,,,,,-33460084000000,1278223000000,754034000000,,1255421000000,-9922929000000,-2155454000000,7061223000000,,-10233733000000,-1809525000000,-54215000000,-39921780000000,,777685000000,38918514000000,-24508359000000,22198608000000,,,,,-403206000000,-229000000,-8859243000000,-6111570000000,6710000000,,,,,-62529000000,13860000000,30502000000,-6123027000000,,,,-79000000,,,-79000000,-14982349000000,,1938000000,59313988000000
CTG,HOSE,bank,Q1-2013,2013,1,onnx@200,pdf,2013-05-09,unaudited,True,direct,1,2,3,Q1-2013_bao_cao_tai_chinh_hop_nhat_quy_1_nam_2013.pdf,,,,,-6338469305999,,68989085809,,188582551882,-2909870484007,-542415084738,2000402736820,-9067896843928,,-3555046164286,74451000000,8730267279523,,,-2525455307815,,-9401588892671,13691791300021,-10204493840090,1993049985377,90992388804,1801950154430,,-7385279846507,-368388469647,886096151,-55605288,,,,,,140760380,-442417218404,,,,,,,,-7827697064911,59313988000000,111730698,51486402665787
CTG,HOSE,bank,Q2-2013,2013,2,onnx@200,pdf,2013-08-27,reviewed,True,direct,1000000,2,6,Q2-2013_bao_cao_tai_chinh_hop_nhat_quy_2_nam_2013_da_soat_xet.pdf,,,,22512312000000,-12150595000000,670518000000,289855000000,,485550000000,-5124366000000,-838742000000,5744521000000,,-6406952000000,-7693041000000,,,,-273221000000,-1115798000000,-2529146000000,-16029363000000,18161748000000,,-4777231000000,,,,-10921212000000,-586397000000,2286000000,-4014000000,,,,-139000000,5000000000,24610000000,-558654000000,15413296000000,,,,,,15413296000000,3933430000000,59313988000000,-1904000000,63245514000000
CTG,HOSE,bank,Q3-2013,2013,3,onnx@300,pdf,2013-11-08,unaudited,True,direct,1,2,9,Q3-2013_bao_cao_tai_chinh_hop_nhat_quy_3_nam_2013.pdf,,,,,-17870604171752,,395618586567,,827985604343,-6649146512379,-1560889922796,8235626507749,-8684434094981,,-5202281249272,-8114435925,-12199577203798,,-1043475889291,-2552459776268,,-20299908477258,40374498191960,-13152574980110,-1850279457054,4314413840496,,,-12068567023752,3186377786,-5008908778,,,,,,,338982289068,-1521608748583,15413296466313,,,-4194807259200,11218489207113,,,-2371686565222,59313988000000,-1903526022,56940397908756
CTG,HOSE,bank,Q4-2013,2013,4,onnx@300,pdf,2014-03-20,audited,True,direct,1000000,2,12,FY-2013_bao_cao_tai_chinh_hop_nhat_nam_2013_da_kiem_toan.pdf,,,,42191450000000,-25292411000000,1547844000000,493474000000,,1264542000000,,-2279367000000,8902459000000,,,,-89883000000,-42932876000000,,,50652387000000,-2638003000000,-16350052000000,,,,,7155530000000,-130000000,2289963000000,-3225179000000,7322000000,,,,,-296869000000,5000000000,339294000000,,19985769000000,,,-4194807000000,,,15790962000000,14903649000000,,-1653000000,74215984000000
CTG,HOSE,bank,Q1-2014,2014,1,onnx@200+tail,pdf,2014-05-14,unaudited,True,direct,1,2,3,Q1-2014_bao_cao_tai_chinh_hop_nhat_quy_1_nam_2014.pdf,,,,10017886593052,-6157353777280,,148008506626,,232316869762,-3046021013611,-201891453029,1423250131369,8931567719132,,1049823555409,81310599865,21983227508647,,,200361468044,,-8125294758116,-10194682966138,-8976153105728,306312505336,,8839155929024,-34623713,14949550028984,-985503416191,666531065,-108360000,,,,,,465226100,-984480019026,,,,,,,,13965070009958,74215984000000,-743076057,88180310933901
CTG,HOSE,bank,Q2-2014,2014,2,onnx@200+relax,pdf,2014-08-27,reviewed,True,direct,1000000,2,6,Q2-2014_bao_cao_tai_chinh_hop_nhat_quy_2_nam_2014_da_soat_xet.pdf,,,,20350348000000,-11831971000000,819218000000,319865000000,,599233000000,-4735203000000,-517793000000,4688821000000,,,,164334000000,-31609000000,,-509755000000,22865535000000,421864000000,7923786000000,,,,22389000000,,-35000000,37815103000000,-1827888000000,2361000000,-102000000,,,,,11000000000,15678000000,-1798951000000,,,,-3723405000000,,,-3723405000000,32292747000000,74215984000000,-954000000,106507777000000
CTG,HOSE,bank,Q3-2014,2014,3,onnx@300,pdf,2014-11-14,unaudited,True,direct,1,2,,Q3-2014_bao_cao_tai_chinh_hop_nhat_quy_3_nam_2014.pdf,,,,,-16838032039804,1121578418122,477618653148,,,-6590867184275,-1072154042609,,12843682392102,,-2576039425659,164333978291,-27789219013403,,-514418209293,578358411534,,13408670802095,33370363619962,-11206999999225,,,13742176300558,-34623713,31651470416320,-2373677552737,3075508808,-90321818,,,,,,,-2354953332980,,,,-3734192676600,,,-3732975176600,25563541906740,74215984000000,8234208794,99787760115534
CTG,HOSE,bank,Q4-2014,2014,4,onnx@200+relax,pdf,2015-03-20,audited,True,direct,1000000,2,12,FY-2014_bao_cao_tai_chinh_hop_nhat_nam_2014_da_kiem_toan.pdf,,,,38409812000000,-22092801000000,1449458000000,552849000000,,1203022000000,-9174208000000,-1620769000000,8123835000000,,5761295000000,-5889301000000,,,,141107000000,82085841000000,4584032000000,23305116000000,,,415779000000,,5770296000000,-35000000,18485274000000,-3205082000000,1250544000000,,,,,10000000000,,18873000000,-1927414000000,,,,-3734193000000,,13087000000,-3721106000000,12836754000000,74215984000000,11910000000,87064648000000
CTG,HOSE,bank,Q1-2015,2015,1,onnx@200,pdf,2015-05-14,unaudited,True,direct,1000000,2,3,Q1-2015_bao_cao_tai_chinh_hop_nhat_quy_1_nam_2015.pdf,,,,,-5964987000000,235521000000,249406000000,,230706000000,-2668001000000,-184941000000,,6061129000000,,1836440000000,,-11742017000000,,,-3143218000000,,-26019816000000,4274594000000,69909000000,,,2111136000000,-348000000,,-411397000000,112000000,-74000000,,,,,,,-411016000000,,,,-18598395000000,,,,,87064648000000,,68490239000000
CTG,HOSE,bank,Q2-2015,2015,2,onnx@200,pdf,2015-08-27,reviewed,True,direct,1000000,2,6,Q2-2015_bao_cao_tai_chinh_hop_nhat_quy_2_nam_2015_da_soat_xet.pdf,,,,21156301000000,-11719239000000,649646000000,788000000,,696931000000,-4600052000000,-548635000000,6256258000000,,6241161000000,1494407000000,,-43691836000000,,-311476000000,21880978000000,-2806331000000,38012000000,,4610455000000,,,,-348000000,-9687792000000,-710844000000,8478000000,-259000000,,,,-10000000000,11000000000,22524000000,-679101000000,,,,,,,,-10366893000000,87064648000000,13600000000,76711355000000
CTG,HOSE,bank,Q3-2015,2015,3,onnx@200,pdf,2015-11-13,unaudited,True,direct,1000000,2,9,Q3-2015_bao_cao_tai_chinh_hop_nhat_quy_3_nam_2015.pdf,,,,,-17263437000000,1035844000000,1030678000000,,1090245000000,-6853261000000,-1059535000000,,10147735000000,,-7062143000000,-17058000000,-64078375000000,,-320123000000,-2238278000000,,-12253998000000,44653647000000,8491430000000,,,-10682556000000,-348000000,-7467063000000,-1283981000000,16754000000,-269000000,,,,,,,-874578000000,,,,-3723405000000,,,-3723405000000,-12065046000000,87064648000000,58333000000,75057935000000
CTG,HOSE,bank,Q4-2015,2015,4,onnx@200,pdf,2016-03-21,audited,True,direct,1000000,4,12,FY-2015_bao_cao_tai_chinh_hop_nhat_nam_2015_da_kiem_toan.pdf,,3723404556,3723404556,42478255000000,-23474151000000,1608083000000,1471322000000,,2241477000000,-9951632000000,-1709038000000,12341388000000,,6756363000000,-27073650000000,164334000000,-105121197000000,,537193000000,114814594000000,8495712000000,,,-11270693000000,22215554000000,,,-348000000,-1203326000000,-1912423000000,233554000000,-18308000000,,,,-13860000000,39705000000,373492000000,-1297840000000,,,,-3723405000000,,13087000000,-3723405000000,-6224571000000,,42645000000,80882722000000
CTG,HOSE,bank,Q1-2016,2016,1,onnx@200,pdf,2016-04-29,unaudited,True,direct,1000000,2,3,Q1-2016_bao_cao_tai_chinh_hop_nhat_quy_1_nam_2016.pdf,,,,,-6609414000000,372440000000,387343000000,,513113000000,-3002049000000,-156711000000,,,,8030005000000,-76370000000,-15312902000000,,,-9181175000000,,5293248000000,10481104000000,-4645856000000,,,7541236000000,,7361690000000,-523923000000,582000000,-22000000,,,,,,,,,,,,,,,,80882722000000,-19416000000,87716794000000
CTG,HOSE,bank,Q2-2016,2016,2,onnx@200,pdf,2016-08-09,reviewed,True,direct,1000000,2,6,Q2-2016_bao_cao_tai_chinh_hop_nhat_quy_2_nam_2016_da_soat_xet.pdf,,3723404556,3723404556,24312970000000,-13468725000000,810992000000,525209000000,,613361000000,-5240529000000,-638234000000,6732017000000,,-2803802000000,8524594000000,-164947000000,-54786653000000,,-533945000000,66675077000000,-8531976000000,-11067116000000,,,,,31131157000000,-35000000,23486267000000,-815081000000,10857000000,-7387000000,,,,-24000000000,9474000000,12649000000,-813488000000,,,,,,,,22672779000000,80882722000000,-17282000000,103538219000000
CTG,HOSE,bank,Q3-2016,2016,3,onnx@200,pdf,2016-10-28,unaudited,True,direct,1000000,2,9,Q3-2016_bao_cao_tai_chinh_hop_nhat_quy_3_nam_2016.pdf,,,,,,1191283000000,1824181000000,,,,-1004309000000,12505152000000,,,3481319000000,,-156074000000,,-870801000000,-8290895000000,-31808359000000,132525978000000,,-874614000000,,,68376597000000,-35000000,36675523000000,-1123196000000,11750000000,-7425000000,,,,,,,,,,,,,,,,,,116420105000000
CTG,HOSE,bank,Q4-2016,2016,4,onnx@200,pdf,2017-03-30,audited,True,direct,1000000,2,,FY-2016_bao_cao_tai_chinh_hop_nhat_nam_2016_da_kiem_toan.pdf,,3723404556,3723404556,51622581000000,-26632017000000,1745205000000,2859345000000,,476000000,243918000000,-1660986000000,,,,,-682690000000,-123541758000000,,-1868571000000,156101473000000,-8418698000000,-14017349000000,,,,,,-2743000000,34430008000000,,13348000000,-8573000000,,,,-24000000000,219588000000,112602000000,-1539307000000,,,,,,,,32890701000000,,41526000000,113814949000000
CTG,HOSE,bank,Q1-2017,2017,1,onnx@300,pdf,2017-04-26,unaudited,True,direct,1000000,2,,Q1-2017_bao_cao_tai_chinh_hop_nhat_quy_1_nam_2017.pdf,,,,-7899488000000,,499377000000,795855000000,,309840000000,-3726758000000,4143561000000,,,,-7358502000000,371364000000,560347000000,,-456964000000,26170946000000,,25260343000000,11267540000000,21222000000,,,-23858954000000,-623000000,1265895000000,-327352000000,,,,,,,,,,,,,-2606383000000,,,,,,9370000000,112160773000000
CTG,HOSE,bank,Q2-2017,2017,2,onnx@200,pdf,2017-08-24,reviewed,True,direct,1000000,4,6,Q2-2017_bao_cao_tai_chinh_hop_nhat_quy_2_nam_2017_da_soat_xet.pdf,,,,30868543000000,-17363078000000,997104000000,743697000000,,613361000000,-6134413000000,-1009362000000,8292754000000,-78633633000000,-2803802000000,-10218389000000,,-66565272000000,,-637452000000,85179917000000,-8531976000000,34071303000000,,,430219000000,-117619000000,-2607201000000,-624000000,14839038000000,,39967000000,-4647000000,,,,-24000000000,600000000000,12649000000,,,,,,,,,12108921000000,113814949000000,115613000000,126039483000000
CTG,HOSE,bank,Q3-2017,2017,3,onnx@200,pdf,2017-10-27,unaudited,True,direct,1000000,2,,Q3-2017_bao_cao_tai_chinh_hop_nhat_quy_3_nam_2017.pdf,,,,,-26321479000000,2260259000000,1407685000000,,1118957000000,,-1363395000000,14458625000000,,,-11368272000000,,,,-1662186000000,107417348000000,925736000000,27961913000000,256000000,-5547232000000,,,288803000000,-624000000,9048259000000,,40846000000,-4627000000,,,,,,,,,,,,,,-2606383000000,6086079000000,,132591000000,949000000
CTG,HOSE,bank,Q4-2017,2017,4,onnx@200,pdf,2018-03-28,audited,True,direct,1000000,2,12,FY-2017_bao_cao_tai_chinh_hop_nhat_nam_2017_da_kiem_toan.pdf,,,,,-35767979000000,2841199000000,454000000,,2289247000000,-13276456000000,-1793430000000,20217150000000,-136128883000000,-1895466000000,3496089000000,,-121036561000000,,-9183172000000,139860930000000,10398482000000,30006898000000,,,288690000000,,2639973000000,-623000000,,,43701000000,-5277000000,,,,,600000000000,231582000000,,,,,,,,,17821788000000,,70590000000,131707327000000
CTG,HOSE,bank,Q1-2018,2018,1,onnx@200,pdf,2018-04-27,unaudited,True,direct,1000000,2,3,Q1-2018_bao_cao_tai_chinh_hop_nhat_quy_1_nam_2018.pdf,,,,,,663570000000,-899709000000,,334691000000,,-154727000000,4875201000000,,400745000000,,,,,-3748274000000,14411373000000,12877790000000,,36337398000000,0,,,,7883000000,-12397893000000,-67369000000,1193000000,-3942000000,,,,,,,-71531000000,,,,,,,,-12469424000000,131707327000000,18883000000,119256786000000
CTG,HOSE,bank,Q2-2018,2018,2,onnx@200,pdf,2018-08-17,reviewed,True,direct,1000000,2,,Q2-2018_bao_cao_tai_chinh_hop_nhat_quy_2_nam_2018_da_soat_xet.pdf,,,,,822609000000,326349000000,,,792092000000,-6592555000000,-799784000000,866000000,605000000,443000000,18206770000000,528762000000,216908000000,,-4656578000000,37836799000000,34969550000000,-30956056000000,,110000000,180963000000,98116000000,-74582575000000,,-26586940000000,,2237000000,-4584000000,,,,,,182880000000,,,,,,,,,-26794590000000,131707327000000,106836000000,105019573000000
CTG,HOSE,bank,Q3-2018,2018,3,onnx@200,pdf,2018-10-30,unaudited,True,direct,1000000,2,9,Q3-2018_bao_cao_tai_chinh_hop_nhat_quy_3_nam_2018.pdf,,,,,-30238864000000,2223104000000,-282815000000,,792092000000,,-1122509000000,17093264000000,,,,,,,,66102548000000,45306983000000,8188174000000,,,72813803000000,,,,3149757000000,-716361000000,2237000000,-4584000000,,,,,,,-387964000000,,,,,,,,2761793000000,131707327000000,131490000000,134600610000000
CTG,HOSE,bank,Q4-2018,2018,4,onnx@200,pdf,2019-03-29,audited,True,direct,1000000,2,,FY-2018_bao_cao_tai_chinh_hop_nhat_nam_2018_da_kiem_toan.pdf,,,,997808000000,147000000,123000000,1729360000000,,1968711000000,86000000,255000000,24050607000000,-60680120000000,1061676000000,22721999000000,,23000000,,502000000,848000000,393260000000,153000000,,23714586000000,,,-78750497000000,,24419335000000,,6084000000,-5037000000,,,,,,374238000000,,,,,,,,,23788391000000,,49001000000,155544719000000
CTG,HOSE,bank,Q1-2019,2019,1,onnx@200,pdf,2019-04-26,unaudited,True,direct,1000000,2,3,Q1-2019_bao_cao_tai_chinh_hop_nhat_quy_1_nam_2019.pdf,,,,,-11360357000000,1041412000000,1213870000000,,463000000,-3019964000000,-43747000000,,5338784000000,,281000000,-36779000000,3335657000000,,-2569672000000,-22128313000000,-4551939000000,-15617195000000,-1203569000000,,,,,,-9202662000000,,967000000,-495000000,,,,,,,,,,,,,,,,155544719000000,117133000000,146337685000000
CTG,HOSE,bank,Q2-2019,2019,2,onnx@200,pdf,2019-12-31,reviewed,True,direct,1000000,2,,Q2-2019_bao_cao_tai_chinh_hop_nhat_quy_2_nam_2019_da_soat_xet.pdf,,,,,-23838947000000,2021351000000,1707764000000,,474214000000,-6526943000000,,,-28087221000000,,253030000000,6152000000,-16561873000000,,-7799877000000,12805632000000,8882209000000,-15013444000000,21043864000000,,,,,,,,238158000000,254000000,,,,,304905000000,328207000000,,,,,-211000000,,,593089000000,-968045000000,155544719000000,327666000000,154904340000000
CTG,HOSE,bank,Q3-2019,2019,3,onnx@200,pdf,2019-10-29,unaudited,True,direct,1000000,2,,Q3-2019_bao_cao_tai_chinh_hop_nhat_quy_3_nam_2019.pdf,,,,,700000000,3188955000000,2204556000000,,-673277000000,-9516178000000,-885351000000,,-53156524000000,,228000000,114850000000,-30083064000000,,-6649513000000,27220863000000,10904183000000,-18018778000000,39650075000000,8900000000000,,,,-4952032000000,,,84215000000,-250858000000,,,,,,,694236000000,,-26124000000,,,,,,-3697053000000,155544719000000,114718000000,151962384000000
CTG,HOSE,bank,Q4-2019,2019,4,onnx@200,pdf,2020-02-28,audited,True,direct,1000000,2,,FY-2019_bao_cao_tai_chinh_hop_nhat_nam_2019_da_kiem_toan.pdf,,,,,-47525820000000,4256422000000,2676918000000,,1337954000000,329018000000,-1500561000000,27683452000000,-91283259000000,-2320366000000,-8477370000000,-188546000000,-61586214000000,,-9951980000000,62053130000000,8002734000000,-1916553000000,66969109000000,,-158130000000,,-21691804000000,-2220000000,-1546677000000,,389844000000,-251854000000,,,,,304905000000,367593000000,,,,,-26124000000,,,560758000000,-553970000000,,55995000000,155046744000000
CTG,HOSE,bank,Q1-2020,2020,1,onnx@200,pdf,2020-04-24,unaudited,True,direct,1000000,2,,Q1-2020_bao_cao_tai_chinh_hop_nhat_quy_1_nam_2020.pdf,,,,,-12231214000000,1090700000000,111144000000,,296389000000,-4032175000000,-630432000000,6851391000000,,,5719509000000,469712000000,14532140000000,,966321000000,-21033688000000,-5619336000000,-17922626000000,2965275000000,15000000,,,-644068000000,,,,354000000,-44000000,,,,,,,,,,,,,,,,155046744000000,16685000000,153047985000000
CTG,HOSE,bank,Q2-2020,2020,2,onnx@200,pdf,2020-12-31,reviewed,True,direct,1000000,2,,Q2-2020_bao_cao_tai_chinh_hop_nhat_quy_2_nam_2020_da_soat_xet.pdf,,,,,-26146736000000,2293016000000,993352000000,,590719000000,-6528417000000,-644853000000,,-13141897000000,887024000000,220000000,,-2228269000000,,-7022694000000,249000000,222692000000,238876000000,534668000000,,42000000,,-75960000000,,-8074846000000,,11873000000,-7208000000,,,,,23990000000,24698000000,,,,,527000000,,,-19527000000,-8409095000000,155046744000000,-187805000000,146449844000000
CTG,HOSE,bank,Q3-2020,2020,3,onnx@200,pdf,2020-10-28,unaudited,True,direct,1000000,2,,Q3-2020_bao_cao_tai_chinh_hop_nhat_quy_3_nam_2020.pdf,,,,,-38144181000000,3538915000000,2485427000000,,1214227000000,-9621607000000,-1254078000000,19992330000000,,,595608000000,-117699000000,-16091284000000,,-11413095000000,11597620000000,-55887860000000,16396315000000,46390159000000,6009220000000,,,,,,,102675000000,-50928000000,,,,,,,,,-19527000000,,,,,,-7605018000000,,-224760000000,155046744000000
CTG,HOSE,bank,Q4-2020,2020,4,onnx@200,pdf,2021-03-22,audited,True,direct,1000000,2,,FY-2020_bao_cao_tai_chinh_hop_nhat_nam_2020_da_kiem_toan.pdf,,,,,-49901673000000,441000000,193000000,,1751795000000,442000000,631634000000,24298973000000,-106066316000000,-2406359000000,-11750383000000,,62325000000,,7530708000000,89612979000000,5705000000,,546057000000,,-3042648000000,,998000000,,7845636000000,,108296000000,-1273000000,,,,,23990000000,67061000000,,,,,-1881229000000,,,-1881229000000,5447022000000,,-318690000000,160175076000000
CTG,HOSE,bank,Q1-2021,2021,1,onnx@200,pdf,2021-12-31,unaudited,True,direct,1000000,2,,Q1-2021_bao_cao_tai_chinh_hop_nhat_quy_1_nam_2021.pdf,,,,,-10303251000000,1121717000000,191000000,,368314000000,-4182964000000,-1306110000000,6478962000000,,-5552954000000,,357065000000,-1806752000000,,-4564066000000,-3853327000000,896000000,-4921264000000,13369078000000,,,,-773086000000,-10701222000000,,,1236000000,11000000,,,,,,,,,,,,,,,,,-34810000000,160175076000000
CTG,HOSE,bank,Q2-2021,2021,2,onnx@200,pdf,2021-12-31,reviewed,True,direct,1000000,2,,Q2-2021_bao_cao_tai_chinh_hop_nhat_quy_2_nam_2021_da_soat_xet.pdf,,,,,-21634978000000,486000000,165000000,,834000000,-8066712000000,297000000,15282282000000,-112097776000000,192000000,651000000,55000000,-61247524000000,,-7696957000000,123272377000000,288557000000,895000000,49181277000000,5084997000000,240000000,,109000000,,456883000000,,2744000000,-131000000,,,,,,42336000000,,,,,,,,,26303037000000,160175076000000,60239000000,186538352000000
CTG,HOSE,bank,Q3-2021,2021,3,onnx@200,pdf,2021-10-27,unaudited,True,direct,1000000,2,,Q3-2021_bao_cao_tai_chinh_hop_nhat_quy_3_nam_2021.pdf,,,,,-32319044000000,3718670000000,2136781000000,,1946410000000,-11058096000000,-2918966000000,,-146379704000000,,-53042726000000,-1175256000000,-69272522000000,,-9806186000000,96182799000000,,31834134000000,82561404000000,10318304000000,,,,,,,3888000000,-494000000,,,,,,,-376502000000,,-21267000000,,,,,,-27675041000000,,-121132000000,160175076000000
CTG,HOSE,bank,Q4-2021,2021,4,onnx@200,pdf,2022-03-31,audited,True,direct,1000000,2,,FY-2021_bao_cao_tai_chinh_hop_nhat_nam_2021_da_kiem_toan.pdf,,486314391,486314391,,-42193852000000,4953100000000,2473910000000,,3244952000000,-16694320000000,-4000535000000,30612531000000,-201831648000000,-9749589000000,-59249249000000,-1317668000000,497000000,,-11005715000000,176620626000000,-11302784000000,10314731000000,171516828000000,,-205321000000,,1675957000000,,5401509000000,,7371000000,-2877000000,,,,,,83771000000,,,,,,,,,4732099000000,,-530589000000,164376586000000
CTG,HOSE,bank,Q1-2022,2022,1,onnx@200,pdf,2022-06-30,unaudited,True,direct,1000000,2,,Q1-2022_bao_cao_tai_chinh_hop_nhat_quy_1_nam_2022.pdf,,,,21360339000000,-9777888000000,4336033000000,978791000000,,,-4317148000000,-707399000000,13789128000000,,,128000000,,911331000000,,,,17950261000000,56063696000000,894000000,3400000000000,,,,,,-77156000000,1632000000,-252000000,,,,,,,,,,,,,,,12517456000000,,-51400000000,164376586000000
CTG,HOSE,bank,Q2-2022,2022,2,onnx@300,pdf,2022-08-16,reviewed,True,direct,1000000,2,,Q2-2022_bao_cao_tai_chinh_hop_nhat_quy_2_nam_2022_da_soat_xet.pdf,,,,46533294000000,-21111893000000,2700684000000,1580043000000,,2131979000000,-7717602000000,-1834771000000,26527015000000,,-17204154000000,632407000000,-6027282000000,-107815513000000,-4483807000000,-11840921000000,146563576000000,26184408000000,78343074000000,43719349000000,,,,-2565641000000,,26351321000000,-201102000000,7798000000,-535000000,,,,,6200000000,56431000000,-131208000000,,,,,,,-3844600000000,22375513000000,164376586000000,-104999000000,186647100000000
CTG,HOSE,bank,Q3-2022,2022,3,onnx@200,pdf,2022-10-28,unaudited,True,direct,1000000,2,,Q3-2022_bao_cao_tai_chinh_hop_nhat_quy_3_nam_2022.pdf,,,,,293000000,4200345000000,2667198000000,,4341126000000,,-1865872000000,39317691000000,,,-8201465000000,,,,-22963918000000,200371640000000,65345595000000,94035297000000,27874824000000,16327262000000,,,,46863033000000,,,10965000000,-745000000,,,,,,,-269904000000,,,,,,,,42748529000000,,3280000000,164376586000000
CTG,HOSE,bank,Q4-2022,2022,4,onnx@200,pdf,2023-12-31,audited,True,direct,1000000,2,,FY-2022_bao_cao_tai_chinh_hop_nhat_nam_2022_da_kiem_toan.pdf,,,,102424705000000,-52210737000000,6015156000000,,,5362486000000,-17193419000000,-1911799000000,50517333000000,,-27273637000000,6188335000000,-1603937000000,-144153942000000,345000000,-31999176000000,252983098000000,898000000,70595997000000,327921000000,,,,,,84463729000000,-623680000000,16841000000,-2178000000,,,,,6200000000,87736000000,-515081000000,,,,-3844600000000,,,-3844600000000,80104048000000,,-182414000000,244298220000000
CTG,HOSE,bank,Q1-2023,2023,1,onnx@200,pdf,2023-04-28,unaudited,True,direct,1000000,2,,Q1-2023_bao_cao_tai_chinh_hop_nhat_quy_1_nam_2023.pdf,,,,,-15691888000000,1632484000000,1213064000000,,641778000000,-5059409000000,-2953067000000,,-33669945000000,28017720000000,-17889237000000,901645000000,-58287752000000,,20604837000000,9865242000000,-4720707000000,-32151115000000,23174349000000,20222029000000,-73489000000,3414175000000,,-12354419000000,,,936000000,-121000000,,,,,,34161000000,-29524000000,,,,,,,,-12383943000000,244298220000000,-43308000000,231870969000000
CTG,HOSE,bank,Q2-2023,2023,2,onnx@300,pdf,2023-12-31,reviewed,True,direct,1000000,2,,Q2-2023_bao_cao_tai_chinh_hop_nhat_quy_2_nam_2023_da_soat_xet.pdf,,,,,-33307061000000,3489207000000,2541394000000,,2014323000000,-8701662000000,-4069548000000,28062521000000,,8606837000000,-742159000000,,-84534972000000,-13738034000000,26350262000000,36785317000000,-99341104000000,54507966000000,60872417000000,,,,-515813000000,,2477555000000,,2848000000,-296000000,,,,,,34833000000,-269087000000,,,,,,,,2208468000000,244298220000000,-129292000000,246377396000000
CTG,HOSE,bank,Q3-2023,2023,3,onnx@200+relax,pdf,2023-10-30,unaudited,True,direct,1000000,2,9,Q3-2023_bao_cao_tai_chinh_hop_nhat_quy_3_nam_2023.pdf,,,,,-51293020000000,5313875000000,3705265000000,,3236943000000,-12536861000000,-4649649000000,,-79613825000000,13052589000000,8916895000000,3058727000000,-111458362000000,,24561779000000,58035837000000,-83202282000000,79182780000000,147560000000,-3491799000000,105809000000,50406000000,4243363000000,,21661152000000,,5459000000,-611000000,,,,,,75217000000,-394402000000,,,,,,,,21266750000000,244298220000000,-81214000000,265483756000000
CTG,HOSE,bank,Q4-2023,2023,4,tesseract@200,pdf,2024-12-31,audited,True,direct,1000000,2,12,FY-2023_bao_cao_tai_chinh_hop_nhat_nam_2023_da_kiem_toan.pdf,,,5369991748,,-72900489000000,7129372000000,4521662000000,,4671302000000,-18023866000000,,51185229000000,,-11169511000000,-9929090000000,,-198500870000000,-26755450000000,24393073000000,196486340000000,-82965197000000,94891878000000,161723004000000,,,555946000000,-1570177000000,,28768348000000,,10473000000,-2591000000,,,,,0,92337000000,-703882000000,,,,,,,0,28064466000000,,-59079000000,272303607000000
CTG,HOSE,bank,Q1-2024,2024,1,onnx@300+relax,pdf,2024-12-31,unaudited,True,direct,1000000,2,3,Q1-2024_bao_cao_tai_chinh_hop_nhat_quy_1_nam_2024_c578e874.pdf,,,,,-19937547000000,1752869000000,1380930000000,,654357000000,-6616466000000,-3142160000000,,-17077624000000,7151156000000,17298549000000,-265425000000,-41053021000000,,4837965000000,48306458000000,24322958000000,21194188000000,16765840000000,-13831737000000,-36370000000,-555946000000,447525000000,36369856000000,,,1108000000,-270000000,,,,,,,-201089000000,,,,,,,,36168767000000,272303607000000,37417000000,308509791000000
CTG,HOSE,bank,Q2-2024,2024,2,onnx@200,pdf,2024-07-30,unaudited,True,direct,1000000,2,6,Q2-2024_bao_cao_tai_chinh_hop_nhat_quy_2_nam_2024.pdf,,,,,-36243473000000,3606988000000,2587362000000,,2123283000000,-10390971000000,-4320096000000,,-62266966000000,24391402000000,21633081000000,,-98184839000000,,5492000000000,127087724000000,90040822000000,-6913194000000,55931325000000,-15118851000000,-5185000000,822079000000,2330728000000,84372198000000,,-425931000000,4969000000,-1514000000,,,,,,,-415420000000,,1537000000,,,,,1537000000,83958315000000,272303607000000,92756000000,356354678000000
CTG,HOSE,bank,Q3-2024,2024,3,onnx@200,pdf,2024-12-31,unaudited,True,direct,1000000,2,9,Q3-2024_bao_cao_tai_chinh_hop_nhat_quy_3_nam_2024.pdf,,,,,-52744549000000,5636194000000,3516377000000,,6030651000000,-14641505000000,-5690037000000,,-124543251000000,14840690000000,-802550000000,-350654000000,-132036872000000,,11176623000000,189988990000000,73643385000000,-5684772000000,105991400000000,16449808000000,-133001000000,-555946000000,278116000000,100518480000000,,,8430000000,-1861000000,,,,,,,-606368000000,,,,,,,1537000000,99913649000000,272303607000000,-58889000000,372158367000000
CTG,HOSE,bank,Q4-2024,2024,4,onnx@300+relax,pdf,2026-01-01,audited,True,direct,1000000,2,,FY-2024_bao_cao_tai_chinh_hop_nhat_nam_2024_da_kiem_toan.pdf,,,,125647114000000,-69067517000000,7287579000000,4343826000000,,7608116000000,-20146505000000,,48753805000000,,7293627000000,-34188919000000,,-248587038000000,,14092607000000,333557155000000,132469999000000,-28180466000000,195417647000000,,,,,,102188686000000,,15158000000,-2641000000,,,,,,20539000000,-1329023000000,,,,,,,1537000000,100861200000000,272303607000000,154749000000,373319556000000
CTG,HOSE,bank,Q1-2025,2025,1,onnx@200,pdf,2025-04-29,unaudited,True,direct,1000000,2,3,Q1-2025_bao_cao_tai_chinh_hop_nhat_quy_1_nam_2025.pdf,,,,,-16367591000000,1620349000000,1195281000000,,1821083000000,-7232995000000,-3339345000000,,-99312123000000,,-492537000000,25355000000,-78504528000000,,,82392113000000,-15709437000000,32897438000000,14910769000000,51678112000000,,,-1436538000000,-8760941000000,,-225314000000,1715000000,-145000000,,,,,,,-223497000000,,,,,,,,,373319556000000,-19670000000,364315448000000
CTG,HOSE,bank,Q2-2025,2025,2,onnx@200,pdf,2025-08-14,reviewed,True,direct,1000000,2,6,Q2-2025_bao_cao_tai_chinh_hop_nhat_quy_2_nam_2025_da_soat_xet.pdf,,5369991748,5369991748,,-31815230000000,3087925000000,2459390000000,,3960493000000,-12120510000000,-4425942000000,25876572000000,-13916530000000,,-10576397000000,25325000000,-177396787000000,,1854153000000,-15756591000000,,30844402000000,113641074000000,76275836000000,-16408000000,225385000000,1471872000000,,18255640000000,,9046000000,-788000000,,,,,,37749000000,-581917000000,,,,,,,,17673723000000,373319556000000,181069000000,391174348000000
CTG,HOSE,bank,Q3-2025,2025,3,onnx@200+relax,pdf,2025-10-30,unaudited,True,direct,1000000,2,9,Q3-2025_bao_cao_tai_chinh_hop_nhat_quy_3_nam_2025.pdf,,,,,-50214133000000,4688068000000,2829625000000,,6774188000000,-16874293000000,-7520951000000,,-304911334000000,-19171243000000,-2095405000000,,-268608503000000,,502362000000,349168370000000,13067006000000,135916005000000,169210736000000,,-62022000000,,845674000000,85022836000000,,,13609000000,-1186000000,,,,,,,,,,,,,,,83868150000000,373319556000000,174268000000,457361974000000
CTG,HOSE,bank,Q4-2025,2025,4,onnx@200,pdf,2026-03-30,audited,True,direct,1000000,2,12,FY-2025_bao_cao_tai_chinh_hop_nhat_nam_2025_da_kiem_toan.pdf,,7766944637,7766944637,,-71064497000000,6753144000000,3801622000000,,9991111000000,-23284913000000,,57639048000000,-21930299000000,,2849602000000,-276120000000,-270318154000000,,-6777765000000,-9691747000000,,141582860000000,187415372000000,22352262000000,-66052000000,-343169000000,-670722000000,,82644000000000,,22267000000,-3861000000,,,,,,71352000000,-1915192000000,,,,,,,-2416496000000,78312312000000,373319556000000,113607000000,451745475000000
CTG,HOSE,bank,Q1-2026,2026,1,onnx@200+relax,pdf,2026-04-28,unaudited,True,direct,1000000,2,,Q1-2026_bao_cao_tai_chinh_hop_nhat_quy_1_nam_2026.pdf,,,,,-21777061000000,1849783000000,1180312000000,,2112005000000,-9601937000000,-4361442000000,,-34509385000000,,2608151000000,301475000000,-36221703000000,,,152836984000000,100311949000000,44651613000000,30445400000000,-24765849000000,,,1969182000000,127479653000000,,,887000000,-155000000,,,,,,,,,,,,,,,127164150000000,451745475000000,85384000000,578995009000000
