symbol,exchange,template,period,year,quarter,method,source,publish_date,assurance,cash_flow_method,unit,n_columns,document,shares_authorized,shares_issued,shares_outstanding,hdkd_1_thu_nhap_lai_va_cac_khoan_thu_nhap_tuong_tu_nhan_duoc,hdkd_2_chi_phi_lai_va_cac_chi_phi_tuong_tu_da_tra,hdkd_3_thu_nhap_tu_hoat_dong_dich_vu,hdkd_4_chenh_lech_so_tien_thuc_thu_thuc_chi_tu_hoat_dong_kinh_doanh_chung_khoan_vang_bac_ngoai_te,hdkd_5_lai_lo_tu_hoat_dong_khac,hdkd_6_tien_thu_cac_khoan_no_da_duoc_xu_ly_xoa_bu_dap_bang_nguon_du_phong_rui_ro,hdkd_7_tien_chi_tra_cho_nhan_vien_va_hoat_dong_quan_ly_cong_vu,hdkd_8_tien_thue_thu_nhap_thuc_nop_trong_ky,hdkd_luu_chuyen_tien_thuan_tu_hoat_dong_kinh_doanh_truoc_nhung_thay_doi_ve_tai_san_va_von_luu_dong,hdkd_nhung_thay_doi_ve_tai_san_hoat_dong,hdkd_9_tang_giam_cac_khoan_tien_gui_va_cho_vay_cac_tctd_khac,hdkd_10_tang_giam_cac_khoan_ve_kinh_doanh_chung_khoan,hdkd_11_tang_giam_cac_cong_cu_tc_phai_sinh_va_cac_tai_san_tc_khac,hdkd_12_tang_giam_cac_khoan_cho_vay_khach_hang,hdkd_13_tang_giam_nguon_du_phong_de_xu_ly_rui_ro_xu_ly_bu_dap_ton_that_cac_khoan_tin_dung_chung_khoan_dau_tu_dai_han,hdkd_14_tang_giam_khac_ve_tai_san_hoat_dong,hdkd_nhung_thay_doi_ve_cong_no_hoat_dong,hdkd_15_tang_giam_cac_khoan_no_chinh_phu_va_nhnn,hdkd_16_tang_giam_cac_khoan_tien_gui_tien_vay_cac_tctd,hdkd_17_tang_giam_tien_gui_cua_khach_hang,hdkd_18_tang_giam_phat_hanh_giay_to_co_gia,hdkd_19_tang_giam_von_tai_tro_uy_thac_dau_tu_cho_vay_ma_tctd_chiu_rui_ro,hdkd_20_tang_giam_cac_cong_cu_tc_phai_sinh_va_cac_khoan_no_tc_khac,hdkd_21_tang_giam_khac_ve_cong_no_hoat_dong,hdkd_22_chi_tu_cac_quy_cua_tctd,hdkd_i_luu_chuyen_tien_thuan_tu_hoat_dong_kinh_doanh,hddt_mua_sam_tai_san_co_dinh,hddt_tien_thu_tu_thanh_ly_nhuong_ban_tscd,hddt_tien_chi_ve_thanh_ly_nhuong_ban_tscd,hddt_mua_sam_bat_dong_san_dau_tu,hddt_tien_thu_tu_ban_thanh_ly_bat_dong_san_dau_tu,hddt_tien_chi_ra_do_ban_thanh_ly_bat_dong_san_dau_tu,hddt_tien_chi_dau_tu_gop_von_vao_cac_don_vi_khac,hddt_tien_thu_dau_tu_gop_von_vao_cac_don_vi_khac,hddt_tien_thu_co_tuc_va_loi_nhuan_duoc_chia_tu_cac_khoan_dau_tu_gop_von_dai_han,hddt_ii_luu_chuyen_tien_thuan_tu_hd_dau_tu,hdtc_1_tang_von_co_phan_tu_phat_hanh_co_phieu,hdtc_2_tien_thu_tu_phat_hanh_giay_to_co_gia_dai_han_co_du_dieu_kien_tinh_vao_von_tu_co_va_cac_khoan_von_vay_dai_han_khac,hdtc_3_tien_chi_thanh_toan_giay_to_co_gia_dai_han_co_du_dieu_kien_tinh_vao_von_tu_co_va_cac_khoan_von_vay_dai_han_khac,hdtc_4_co_tuc_tra_cho_co_dong_loi_nhuan_da_chia,hdtc_5_tien_chi_ra_mua_co_phieu_quy,hdtc_6_tien_thu_duoc_do_ban_co_phieu_quy,hdtc_iii_luu_chuyen_tien_thuan_tu_hd_tai_chinh,hdtc_iv_luu_chuyen_tien_thuan_trong_ky,hdtc_v_tien_va_cac_khoan_tuong_duong_tien_tai_thoi_diem_dau_ky,hdtc_vi_dieu_chinh_anh_huong_cua_thay_doi_ty_gia,hdtc_vii_tien_va_cac_khoan_tuong_duong_tien_tai_thoi_diem_cuoi_ky
ACB,HOSE,bank,Q1-2008,2008,1,,cafef,,,,,,,,,,0,0,0,0,0,0,0,0,0,0,0,0,0,0,0,0,0,0,0,0,0,0,0,0,0,0,0,0,0,0,0,0,0,0,0,0,0,0,0,0,0,0,0,0,0,0,0
ACB,HOSE,bank,Q2-2008,2008,2,,cafef,,,,,,,,,,0,0,0,0,0,0,0,0,0,0,0,0,0,0,0,0,0,0,0,0,0,0,0,0,0,0,0,0,0,0,0,0,0,0,0,0,0,0,0,0,0,0,0,0,0,0,0
ACB,HOSE,bank,Q3-2008,2008,3,,cafef,,,,,,,,,,0,0,0,0,0,0,0,0,0,0,0,0,0,0,0,0,0,0,0,0,0,0,0,0,0,0,0,0,0,0,0,0,0,0,0,0,0,0,0,0,0,0,0,0,0,0,0
ACB,HOSE,bank,Q4-2008,2008,4,,cafef,,,,,,,,,,0,0,0,0,0,0,0,0,0,0,0,0,0,0,0,0,0,0,0,0,0,0,0,0,0,0,0,0,0,0,0,0,0,0,0,0,0,0,0,0,0,0,0,0,0,0,0
ACB,HOSE,bank,Q1-2009,2009,1,,cafef,,,,,,,,,,0,0,0,0,0,0,0,0,0,0,0,0,0,0,0,0,0,0,0,0,0,0,0,0,0,0,0,0,0,0,0,0,0,0,0,0,0,0,0,0,0,0,0,0,0,0,0
ACB,HOSE,bank,Q2-2009,2009,2,,cafef,,,,,,,,,,0,0,0,0,0,0,0,0,0,0,0,0,0,0,0,0,0,0,0,0,0,0,0,0,0,0,0,0,0,0,0,0,0,0,0,0,0,0,0,0,0,0,0,0,0,0,0
ACB,HOSE,bank,Q3-2009,2009,3,,cafef,,,,,,,,,,0,0,0,0,0,0,0,0,0,0,0,0,0,0,0,0,0,0,0,0,0,0,0,0,0,0,0,0,0,0,0,0,0,0,0,0,0,0,0,0,0,0,0,0,0,0,0
ACB,HOSE,bank,Q4-2009,2009,4,,cafef,,,,,,,,,,0,0,0,0,0,0,0,0,0,0,0,0,0,0,0,0,0,0,0,0,0,0,0,0,0,0,0,0,0,0,0,0,0,0,0,0,0,0,0,0,0,0,0,0,0,0,0
ACB,HOSE,bank,Q1-2010,2010,1,onnx@200+relax,pdf,2010-04-20,unaudited,direct,1000000,2,Q1-2010_bao_cao_tai_chinh_hop_nhat_quy_1_nam_2010.pdf,,,,3406450000000,-2275847000000,127293000000,164429000000,,204000000,-503190000000,-174799000000,744806000000,,1835603000000,331272000000,,,,-3468594000000,,,881820000000,3080185000000,,,,1059461000000,-55963000000,8474738000000,-108362000000,,,,,,-89410000000,,20249000000,-177524000000,,,,,,,-666963000000,7630251000000,40311008000000,25822000000,47967081000000
ACB,HOSE,bank,Q2-2010,2010,2,onnx@200,pdf,,reviewed,direct,1000000,3,Q2-2010_bao_cao_tai_chinh_hop_nhat_quy_2_nam_2010_da_soat_xet.pdf,,,,,-4450911000000,245542000000,77747000000,,1173000000,-928295000000,-326294000000,1070037000000,,,-4023439000000,-9788000000,-10034966000000,,9350150000000,,,10784184000000,11488282000000,,6930000000,-23351000000,-13617762000000,,5675047000000,-207456000000,,,,,,-470434000000,241844000000,47585000000,-630305000000,,,,,,,827879000000,5872621000000,40311008000000,385037000000,46568666000000
ACB,HOSE,bank,Q3-2010,2010,3,onnx@200,pdf,2010-10-20,unaudited,direct,1000000,2,Q3-2010_bao_cao_tai_chinh_hop_nhat_quy_3_nam_2010.pdf,,,,,-6996154000000,389174000000,16119000000,,1349000000,-1413775000000,-517169000000,82072000000,,,-19858016000000,,,,-1453922000000,,,6726380000000,19867970000000,,,,-1853752000000,-97335000000,-10350640000000,-280548000000,,,,,,-1256705000000,,74503000000,-1462750000000,,,,,,,-172121000000,-11985510000000,40311008000000,467318000000,28792816000000
ACB,HOSE,bank,Q4-2010,2010,4,onnx@200+components,pdf,2011-03-22,audited,direct,1000000,2,FY-2010_bao_cao_tai_chinh_hop_nhat_nam_2010_da_kiem_toan.pdf,,,,,-10328916000000,826440000000,531840000000,,,-1967258000000,,1500579000000,,,,-78172000000,-24837417000000,,10614342000000,,,17680135000000,20017415000000,,109464000000,,-13160675000000,-126627000000,1440787000000,-660164000000,,,,,,,,80819000000,-2275468000000,,,,,,,-937697000000,-1772378000000,40311008000000,-227743000000,38310887000000
ACB,HOSE,bank,Q1-2011,2011,1,onnx@200+relax,pdf,2011-04-20,unaudited,direct,1000000,2,Q1-2011_bao_cao_tai_chinh_hop_nhat_quy_1_nam_2011.pdf,,,,5941980000000,-3740187000000,320778000000,-61470000000,,225000000,-675952000000,-257637000000,1498556000000,,,12617452000000,,-4445522000000,,6206266000000,,,,3358953000000,2399144000000,,,-6198926000000,-44903000000,21871493000000,-96991000000,,,,,,96502000000,,5449000000,4960000000,,,,,,,,21876453000000,38310887000000,,60187340000000
ACB,HOSE,bank,Q2-2011,2011,2,onnx@200,pdf,2011-12-31,reviewed,direct,1000000,2,Q2-2011_bao_cao_tai_chinh_hop_nhat_quy_2_nam_2011_da_soat_xet.pdf,,,,,-7853688000000,379917000000,-99347000000,,479000000,-1188876000000,-484895000000,2588936000000,,,9435768000000,-583619000000,-15277594000000,,-7304991000000,,,8656974000000,34502422000000,,-29387000000,,-4446668000000,,16805322000000,-343679000000,,,,,,-39698000000,,28518000000,-334359000000,,,,,,,-656388000000,15814575000000,38310887000000,228182000000,54353644000000
ACB,HOSE,bank,Q3-2011,2011,3,onnx@200+relax,pdf,2011-10-26,unaudited,direct,1000000,2,Q3-2011_bao_cao_tai_chinh_hop_nhat_quy_3_nam_2011.pdf,,,,15729075000000,-9359768000000,523220000000,-127687000000,,636000000,-2059768000000,-738002000000,3914457000000,,,12058090000000,,-13138710000000,,-22185005000000,,,5460479000000,41443443000000,7553112000000,,,5877651000000,-76921000000,17155764000000,-350300000000,,,,,,71886000000,,41832000000,-236582000000,,,,,,,-656388000000,16262794000000,38310887000000,-13464000000,54560217000000
ACB,HOSE,bank,Q4-2011,2011,4,onnx@200,pdf,2012-03-05,audited,direct,1000000,2,FY-2011_bao_cao_tai_chinh_hop_nhat_nam_2011_da_kiem_toan.pdf,,,,,-15629389000000,825532000000,,,817000000,-2722695000000,,3372700000000,,,,-938275000000,-15614051000000,,-31886615000000,,,6584078000000,35281479000000,,,,18635165000000,-93725000000,19468310000000,-999428000000,4364000000,,,,,,,231284000000,-778527000000,,,,,,,-656387000000,18033396000000,38310887000000,2131316000000,58475599000000
ACB,HOSE,bank,Q1-2012,2012,1,onnx@200+relax+components,pdf,2012-04-25,unaudited,direct,1000000,2,Q1-2012_bao_cao_tai_chinh_hop_nhat_quy_1_nam_2012.pdf,,,,5551208000000,-4074353000000,173555000000,-79857000000,,359000000,-955303000000,-291942000000,318191000000,,,-1412038000000,,-1896917000000,,-2615811000000,,,,2874303000000,4726294000000,,,-1000020000000,-107060000000,-3954158000000,-895641000000,51000000,,,,,-28816000000,,129940000000,-794466000000,-1875393000000,,,,,,-1875393000000,-6624017000000,58475599000000,163054000000,52014636000000
ACB,HOSE,bank,Q2-2012,2012,2,onnx@200+join+components,pdf,2012-09-24,reviewed,direct,1000000,3,Q2-2012_bao_cao_tai_chinh_hop_nhat_quy_2_nam_2012_da_soat_xet.pdf,,,,,-9137414000000,364742000000,-12512000000,,2140000000,-1794575000000,-559267000000,2764441000000,,,-1314697000000,,-1003369000000,,2052355000000,,,-14792487000000,3398398000000,,2362000000,-9776463000000,,-128113000000,-4419807000000,-1191967000000,285000000,,,,,-39698000000,,193924000000,-443422000000,,,,,,,-1875393000000,-6738622000000,58475599000000,-45820000000,51691157000000
ACB,HOSE,bank,Q3-2012,2012,3,onnx@200+relax,pdf,2012-10-27,unaudited,direct,1000000,2,Q3-2012_bao_cao_tai_chinh_hop_nhat_quy_3_nam_2012.pdf,,,,17889978000000,-11352346000000,538062000000,-1123442000000,,2329000000,-2688737000000,-790701000000,2465329000000,,,3103358000000,,-46263000000,,20593155000000,,-778332000000,-14692784000000,-19369676000000,-10660048000000,,,-21168922000000,-177412000000,-25891268000000,-1446486000000,598000000,,,,,-20957000000,,181248000000,-1285597000000,-1875393000000,,,,,,-1875393000000,-29052258000000,58475599000000,128611000000,29551952000000
ACB,HOSE,bank,Q4-2012,2012,4,onnx@200,pdf,2013-06-01,audited,direct,1000000,2,FY-2012_bao_cao_tai_chinh_hop_nhat_nam_2012_da_kiem_toan.pdf,,937696506,937696506,-18394923000000,,702567000000,-1100508000000,,2708000000,-3887485000000,,317977000000,19429320000000,,,,-5692000000,,38770360000000,,,,-16984496000000,,-16268000000,,-25139244000000,-123790000000,-39583701000000,-1576177000000,1835000000,,,,,,,228583000000,96744000000,,,,,,,-1875393000000,-41362350000000,,-445111000000,16668138000000
ACB,HOSE,bank,Q1-2013,2013,1,onnx@200+relax+components,pdf,2013-04-27,unaudited,direct,1000000,2,Q1-2013_bao_cao_tai_chinh_hop_nhat_quy_1_nam_2013.pdf,,,,3353469000000,-2719795000000,171276000000,-40413000000,,156000000,-972968000000,-3735000000,-214919000000,,3260161000000,1215155000000,,-4324822000000,,-54813000000,,,-2572690000000,10071753000000,-7511805000000,,,-701136000000,-14453000000,-886818000000,-74257000000,,,,,,810000000,,17845000000,-55602000000,,,,,,,,-942420000000,16668138000000,6745000000,15732463000000
ACB,HOSE,bank,Q2-2013,2013,2,tesseract@200,pdf,2013-08-22,reviewed,direct,1000000,2,Q2-2013_bao_cao_tai_chinh_hop_nhat_quy_2_nam_2013_da_soat_xet.pdf,,,,8022138000000,-5423230000000,367733000000,126811000000,,,,-8971000000,,,7569701000000,-2865757000000,,-7662579000000,,1300867000000,,,-6607977000000,16760578000000,-16801212000000,-19824000000,,-983249000000,-27431000000,-8019270000000,,239000000,,,,,,433119000000,32274000000,264041000000,,,,,-228204000000,,-870526000000,-8625755000000,16668138000000,-8476000000,8033907000000
ACB,HOSE,bank,Q3-2013,2013,3,onnx@200+relax,pdf,2013-10-29,unaudited,direct,1000000,2,Q3-2013_bao_cao_tai_chinh_hop_nhat_quy_3_nam_2013.pdf,,,,12555629000000,-8375139000000,563482000000,281542000000,,555000000,-2495924000000,,2512608000000,,,-3146974000000,,-1642424000000,,1194510000000,,,,8440459000000,-16901212000000,,,-1125018000000,-36160000000,-6018843000000,-58153000000,3755000000,,,,,426247000000,,32744000000,404593000000,-642322000000,,,,-259421000000,,-901743000000,-6515993000000,16668138000000,6837000000,10158982000000
ACB,HOSE,bank,Q4-2013,2013,4,onnx@200,pdf,2014-03-10,audited,direct,1000000,2,FY-2013_bao_cao_tai_chinh_hop_nhat_nam_2013_da_kiem_toan.pdf,,,,,-11083196000000,770420000000,283007000000,,48420000000,-3231267000000,,2223450000000,,,-6863009000000,12188000000,-4375173000000,,-213513000000,,,-5955024000000,12877241000000,-16701212000000,47295000000,,-1261599000000,-45000000000,-6133589000000,-354501000000,6925000000,,,,,,439602000000,44501000000,129645000000,,,,,-259421000000,,-901743000000,-6905687000000,16668138000000,,9762451000000
ACB,HOSE,bank,Q1-2014,2014,1,onnx@200,pdf,2014-04-29,unaudited,direct,1000000,2,Q1-2014_bao_cao_tai_chinh_hop_nhat_quy_1_nam_2014.pdf,,,,3284861000000,-2253035000000,200516000000,-55592000000,,743000000,-949474000000,-3549000000,224943000000,,1042142000000,-8677670000000,,279642000000,,-165308000000,,-1583146000000,1404693000000,6298509000000,100000000000,,,414193000000,-3404000000,-678712000000,-33829000000,126000000,,,,,,,4732000000,-28971000000,-4828000000,,,,,,-4828000000,-712511000000,,15747000000,9065687000000
ACB,HOSE,bank,Q2-2014,2014,2,onnx@200,pdf,2014-08-18,reviewed,direct,1000000,2,Q2-2014_bao_cao_tai_chinh_hop_nhat_quy_2_nam_2014_da_soat_xet.pdf,,,,,-4268857000000,319759000000,24617000000,,3351000000,-1681134000000,-8813000000,2154165000000,,,-9059901000000,-9363000000,-3561738000000,,-662653000000,,,3581870000000,9062401000000,-200000000000,-19061000000,,-56896000000,,-56694000000,-148612000000,377000000,,,,,,,56327000000,-91908000000,,,,,-196775000000,,-833622000000,-982224000000,9762451000000,44489000000,8824716000000
ACB,HOSE,bank,Q3-2014,2014,3,onnx@200+relax,pdf,2014-10-29,unaudited,direct,1000000,2,Q3-2014_bao_cao_tai_chinh_hop_nhat_quy_3_nam_2014.pdf,,,,,-6704715000000,503870000000,127060000000,,27992000000,-2465859000000,-16703000000,,2808600000000,1257142000000,-7190932000000,,-5973097000000,,-474406000000,,-1583146000000,2240231000000,12072028000000,-500000000000,,0,163264000000,-24942000000,2599639000000,-270834000000,717000000,,,,,36554000000,,57392000000,-176171000000,-636847000000,,,,-196775000000,,-833622000000,1589846000000,9762451000000,15501000000,11367798000000
ACB,HOSE,bank,Q4-2014,2014,4,onnx@200,pdf,2015-03-06,audited,direct,1000000,2,FY-2014_bao_cao_tai_chinh_hop_nhat_nam_2014_da_kiem_toan.pdf,,,,,-8745404000000,694440000000,226041000000,,51844000000,-3393081000000,,2849216000000,,,-6638924000000,-14253000000,-9134034000000,,-27142000000,,,-1648538000000,16502752000000,-422000000000,,,270899000000,,1223078000000,,11078000000,,,,,,78415000000,63734000000,-301624000000,,,,,-405703000000,,-1042550000000,-121096000000,9762451000000,,9641355000000
ACB,HOSE,bank,Q1-2015,2015,1,onnx@300+relax,pdf,2015-04-27,unaudited,direct,1000000,2,Q1-2015_bao_cao_tai_chinh_hop_nhat_quy_1_nam_2015.pdf,,,,3987246000000,-1797211000000,168194000000,,,9800000000,-1159580000000,-31646000000,1278097000000,,880900000000,-3311394000000,,-2876819000000,,-397133000000,,199681000000,4725367000000,2120120000000,,-15666000000,,332777000000,-4291000000,2939051000000,-49419000000,235255000000,,,,,,20100000000,4759000000,210695000000,-601000000,,,,,,-601000000,3149145000000,9641355000000,2450000000,12792950000000
ACB,HOSE,bank,Q2-2015,2015,2,onnx@200,pdf,2015-08-11,reviewed,direct,1000000,2,Q2-2015_bao_cao_tai_chinh_hop_nhat_quy_2_nam_2015_da_soat_xet.pdf,,,,,-3884312000000,336904000000,264900000000,,49134000000,-2003273000000,-115338000000,2713294000000,,,2561663000000,-1642000000,-12029296000000,,190691000000,,,1710668000000,7794787000000,-65000000000,-22556000000,,416360000000,,4320464000000,-101388000000,314049000000,,,,,,57127000000,4833000000,274621000000,,,,,-601000000,,-627993000000,3967092000000,9641355000000,12539000000,13620986000000
ACB,HOSE,bank,Q3-2015,2015,3,onnx@200+relax,pdf,2015-10-30,unaudited,direct,1000000,2,Q3-2015_bao_cao_tai_chinh_hop_nhat_quy_3_nam_2015.pdf,,,,11289847000000,-5786604000000,535772000000,662926000000,,78452000000,-2864238000000,-188187000000,3726435000000,,730811000000,3098509000000,-16658000000,-14697203000000,,-193074000000,,,-1690060000000,14633952000000,-78000000000,-16677000000,,-148311000000,-8268000000,4227088000000,-139322000000,336232000000,,,,,,206184000000,10985000000,414079000000,-627392000000,,,,-601000000,,-627993000000,4013174000000,9641355000000,3177000000,13657706000000
ACB,HOSE,bank,Q4-2015,2015,4,onnx@200,pdf,2016-02-29,audited,direct,1000000,2,FY-2015_bao_cao_tai_chinh_hop_nhat_nam_2015_da_kiem_toan.pdf,,,,,-8193322000000,745226000000,656029000000,,147890000000,-3742720000000,,3901100000000,,-2274920000000,-959524000000,-33200000000,-17707749000000,,-139575000000,,,-3711908000000,20305409000000,-3000000000,-26477000000,,-327381000000,,,-261238000000,337254000000,,-64615000000,42169000000,,,65340000000,11999000000,130909000000,,,,,-601000000,,-627993000000,3046110000000,9641355000000,,12190381000000
ACB,HOSE,bank,Q1-2016,2016,1,onnx@200+relax,pdf,2016-04-29,unaudited,direct,1000000,2,Q1-2016_bao_cao_tai_chinh_hop_nhat_quy_1_nam_2016.pdf,,,,4245998000000,-1783802000000,201271000000,9489000000,,23437000000,-1268188000000,-30399000000,1428559000000,,973138000000,-678179000000,46931000000,-10197539000000,,1348322000000,,-4663927000000,6106580000000,6144372000000,305000000000,14982000000,,3727000000,-2021000000,829945000000,-83641000000,241000000,,,24589000000,,,70454000000,9501000000,21144000000,,,,,,,,851089000000,12190381000000,5565000000,13047035000000
ACB,HOSE,bank,Q2-2016,2016,2,onnx@200,pdf,2016-08-12,reviewed,direct,1000000,2,Q2-2016_bao_cao_tai_chinh_hop_nhat_quy_2_nam_2016_da_soat_xet.pdf,,,,,-3823426000000,424204000000,119755000000,,38853000000,-2258437000000,-104833000000,2565259000000,,,-3019634000000,,-20930406000000,,571108000000,,,5967467000000,15583673000000,589000000000,12876000000,16505000000,213289000000,-3774000000,-2262896000000,-256136000000,985000000,,-56000000,24589000000,,,224204000000,19765000000,13351000000,,,,,,,2000000000000,-249545000000,12190381000000,-11379000000,11929457000000
ACB,HOSE,bank,Q3-2016,2016,3,onnx@300+relax,pdf,2016-10-28,unaudited,direct,1000000,2,Q3-2016_bao_cao_tai_chinh_hop_nhat_quy_3_nam_2016.pdf,,,,12060207000000,-6153970000000,660585000000,357605000000,,55690000000,-3197179000000,-190716000000,3658041000000,,2074708000000,-5254985000000,47603000000,-24453717000000,,-193609000000,,-5178981000000,907761000000,26467213000000,608000000000,-18065000000,14003000000,717477000000,-4183000000,-804632000000,-330535000000,1250000000,,-11265000000,30731000000,,,224204000000,25710000000,-59905000000,,2000000000000,,,,,2000000000000,1135463000000,12190381000000,-9139000000,13316705000000
ACB,HOSE,bank,Q4-2016,2016,4,onnx@200,pdf,2017-02-28,audited,direct,1000000,2,FY-2016_bao_cao_tai_chinh_hop_nhat_nam_2016_da_kiem_toan.pdf,,,,,-8961266000000,944382000000,524755000000,,79185000000,-4297586000000,,4226379000000,,,-6132295000000,,-28052950000000,,624073000000,,,-198215000000,32132272000000,486000000000,-38981000000,,97036000000,-5038000000,-197958000000,-584690000000,1578000000,,-181284000000,38368000000,,,224204000000,34278000000,-467546000000,,,,,,,,3054000000000,12190381000000,,14578877000000
ACB,HOSE,bank,Q1-2017,2017,1,onnx@200+relax,pdf,2017-04-28,unaudited,direct,1000000,2,Q1-2017_bao_cao_tai_chinh_hop_nhat_quy_1_nam_2017.pdf,,,,5164208000000,-2450143000000,247925000000,156681000000,,9133000000,-1536096000000,-26088000000,1919220000000,,-2168336000000,-5132734000000,-14635000000,-14012315000000,,-560129000000,,654638000000,2064076000000,14193685000000,-211000000000,8600000000,521442000000,,-2738000000,-2740226000000,-152615000000,,,,,,,,3667000000,-148948000000,,,,,,,,-2889174000000,14578877000000,15165000000,11704868000000
ACB,HOSE,bank,Q2-2017,2017,2,onnx@200,pdf,2017-08-14,reviewed,direct,1000000,2,Q2-2017_bao_cao_tai_chinh_hop_nhat_quy_2_nam_2017_da_soat_xet.pdf,,,,,144000000,540919000000,317696000000,,511000000,176000000,-135369000000,599292000000,103000000,,278000000,65000000,78000000,,-180202000000,,,442314000000,135109000000,-71000000000,13823000000,82000000,255537000000,250000000,2785817000000,,91000000,,,2449000000,,,1683000000,23139000000,-506738000000,,,,-130000000000,,,-130000000000,2149079000000,14578877000000,-8505000000,16719451000000
ACB,HOSE,bank,Q3-2017,2017,3,onnx@300+split,pdf,2017-10-27,unaudited,direct,1000000,2,Q3-2017_bao_cao_tai_chinh_hop_nhat_quy_3_nam_2017.pdf,,,,14907109000000,-8120908000000,849612000000,421620000000,,64858000000,-3629857000000,-296692000000,4589443000000,,-4781269000000,-11398130000000,-2140000000,-21074161000000,,-369200000000,,,6981370000000,26978968000000,-63000000000,7481000000,,488885000000,-4479000000,1177490000000,-612688000000,91000000,,,14605000000,,,1683000000,31024000000,-565285000000,,,,-130000000000,,,,482205000000,14578877000000,-16232000000,15044850000000
ACB,HOSE,bank,Q4-2017,2017,4,onnx@200,pdf,2018-03-01,audited,direct,1000000,2,FY-2017_bao_cao_tai_chinh_hop_nhat_nam_2017_da_kiem_toan.pdf,,,,,835000000,188331000000,644000000,,312000000,839000000,,5798478000000,395000000,,512729000000,16065000000,-35112173000000,,-545622000000,,,13218631000000,341663000000,146000000000,13769000000,10491000000,163000000,-5030000000,4885521000000,,25174000000,,,14605000000,,,5610000000,32159000000,-635745000000,,,,-130000000000,,,-130000000000,4119776000000,14578877000000,,18698653000000
ACB,HOSE,bank,Q1-2018,2018,1,onnx@200+relax,pdf,2018-04-27,unaudited,direct,1000000,2,Q1-2018_bao_cao_tai_chinh_hop_nhat_quy_1_nam_2018.pdf,,,,6469359000000,-3053133000000,352944000000,227712000000,,200758000000,-1749502000000,-21767000000,2548677000000,,-5524310000000,5704209000000,-74388000000,-13156924000000,,34319000000,,,-1276142000000,16859820000000,258000000000,2388000000,-10491000000,1358366000000,-2907000000,6720617000000,-101782000000,27565000000,,,,,,9040000000,,-65177000000,,,-3000000000000,,,,,3655440000000,18698653000000,1927000000,22356020000000
ACB,HOSE,bank,Q2-2018,2018,2,onnx@200,pdf,2018-08-13,reviewed,direct,1000000,2,Q2-2018_bao_cao_tai_chinh_hop_nhat_quy_2_nam_2018_da_soat_xet.pdf,,,,,-6369957000000,746653000000,256100000000,,509535000000,-3130994000000,-350572000000,4454981000000,-3264999000000,,4093982000000,,-23347776000000,,690287000000,,,,26408553000000,-126000000000,,15416000000,562896000000,-3450000000,8577158000000,,23593000000,,,20360000000,,,,17246000000,-78224000000,,,,,,,-3100000000000,5398934000000,18698653000000,-24394000000,24073193000000
ACB,HOSE,bank,Q3-2018,2018,3,onnx@200+relax+components,pdf,2018-10-22,unaudited,direct,1000000,2,Q3-2018_bao_cao_tai_chinh_hop_nhat_quy_3_nam_2018.pdf,,,,18073635000000,-9557983000000,1075075000000,,,855553000000,-4368719000000,-693489000000,5886527000000,,-807309000000,1053835000000,,-22425970000000,,715194000000,,-288470000000,,26582338000000,219000000000,24913000000,20052000000,628912000000,-4661000000,11488439000000,-236507000000,23770000000,,,34400000000,,,10000000000,28627000000,-139710000000,,,-3000000000000,-100000000000,,,-3100000000000,8248729000000,18698653000000,-133880000000,26813502000000
ACB,HOSE,bank,Q4-2018,2018,4,onnx@200,pdf,2019-02-28,audited,direct,1000000,2,FY-2018_bao_cao_tai_chinh_hop_nhat_nam_2018_da_kiem_toan.pdf,,,,,-13058436000000,1497526000000,385448000000,,1765163000000,-6472031000000,,7145260000000,-2763423000000,,-665001000000,,-32013826000000,,448784000000,3074100000000,,5264636000000,28605571000000,2362600000000,23627000000,27707000000,638518000000,-5205000000,11905177000000,,24625000000,,-24211000000,34400000000,,,34000000000,30232000000,-274499000000,,,-3000000000000,,,,-933000000000,10697678000000,18698653000000,,29396331000000
ACB,HOSE,bank,Q1-2019,2019,1,onnx@200+relax,pdf,2019-04-24,unaudited,direct,1000000,2,Q1-2019_bao_cao_tai_chinh_hop_nhat_quy_1_nam_2019.pdf,,,,7299925000000,-3510504000000,371447000000,,,,-1904283000000,-152038000000,2371137000000,,1421441000000,5283540000000,-6613000000,830517000000,,-247941000000,,-3074100000000,2845970000000,5071652000000,-331000000000,-8075000000,-38198000000,602804000000,-193000000,7059907000000,-126334000000,93000000,,,,,,4100000000,2195000000,-119946000000,,,,,,,,6939961000000,29396331000000,-343000000,36335949000000
ACB,HOSE,bank,Q2-2019,2019,2,onnx@200,pdf,2019-08-12,reviewed,direct,1000000,2,Q2-2019_bao_cao_tai_chinh_hop_nhat_quy_2_nam_2019_da_soat_xet.pdf,,,,,-7239350000000,891550000000,200270000000,,590500000000,-3405462000000,-520561000000,4751952000000,-254191000000,,4100690000000,-10969000000,-20177186000000,,54626000000,,,-8874483000000,21281434000000,7845680000000,-10921000000,-38198000000,379846000000,-468000000,6767797000000,,1307000000,,,,,,4100000000,11565000000,-244239000000,,,,,,,,6523558000000,29396331000000,17174000000,35937063000000
ACB,HOSE,bank,Q3-2019,2019,3,onnx@200+relax+components,pdf,2019-10-22,unaudited,direct,1000000,2,Q3-2019_bao_cao_tai_chinh_hop_nhat_quy_3_nam_2019.pdf,,,,21046007000000,720000000,1410688000000,373921000000,,408000000,-5003532000000,496000000,6741023000000,,-388751000000,-1917732000000,-48709000000,808000000,,-10867000000,,100000000,-12090288000000,28008616000000,680000000,767000000,198000000,150200000000,-632000000,2003816000000,-376070000000,5292000000,,,,,,100000000,28522000000,-338156000000,,,,,,,,1665660000000,29396331000000,-1434000000,31060557000000
ACB,HOSE,bank,Q4-2019,2019,4,onnx@200,pdf,2020-02-29,audited,direct,1000000,2,FY-2019_bao_cao_tai_chinh_hop_nhat_nam_2019_da_kiem_toan.pdf,,,,,-15242345000000,1896492000000,588907000000,,1427758000000,-7538838000000,,7707977000000,-5294776000000,,-4393112000000,-87753000000,-38173321000000,,242793000000,-3074100000000,,-1469810000000,38130888000000,12334480000000,,-38198000000,276619000000,-1326000000,5814902000000,,22135000000,,-139339000000,,,,58100000000,28522000000,-565843000000,,,,,,837523000000,1033523000000,6282582000000,29396331000000,,35678913000000
ACB,HOSE,bank,Q1-2020,2020,1,onnx@200+relax+components,pdf,2020-04-24,unaudited,direct,1000000,2,Q1-2020_bao_cao_tai_chinh_hop_nhat_quy_1_nam_2020.pdf,,,,8481750000000,-3743957000000,370712000000,636277000000,,65473000000,-2249846000000,-45324000000,3529624000000,,1100304000000,3860830000000,87753000000,-6093080000000,,410806000000,,,-5815359000000,4524240000000,2124000000000,-12871000000,19288000000,253797000000,-221000000,3989111000000,-100093000000,970000000,,,,,,,436000000,-98687000000,,30000000000,,30000000000,,,,3920424000000,35678913000000,9972000000,39609309000000
ACB,HOSE,bank,Q2-2020,2020,2,onnx@200,pdf,2020-08-10,reviewed,direct,1000000,2,Q2-2020_bao_cao_tai_chinh_hop_nhat_quy_2_nam_2020_da_soat_xet.pdf,,,,,-8101549000000,797371000000,1073853000000,,86388000000,-3934274000000,-45377000000,6360862000000,3369303000000,,4145571000000,-41256000000,-15054479000000,,804894000000,,,-16882276000000,22421661000000,2220800000000,-21754000000,,657802000000,-336000000,7977137000000,,1496000000,,,,,,,5987000000,-143061000000,,,,,,,29400000000,7863476000000,35678913000000,8397000000,43550786000000
ACB,HOSE,bank,Q3-2020,2020,3,onnx@200+relax,pdf,2020-10-20,unaudited,direct,1000000,2,Q3-2020_bao_cao_tai_chinh_hop_nhat_quy_3_nam_2020.pdf,,,,24027961000000,-12189932000000,1288948000000,1272919000000,,145536000000,-5582766000000,-446219000000,8582984000000,,371203000000,-7048987000000,45074000000,-28685005000000,,348122000000,,,-1287051000000,26599989000000,2012800000000,-28198000000,,677516000000,,1570546000000,-205293000000,2625000000,,,,,,,6083000000,-196585000000,,29400000000,,,,,29400000000,1403361000000,35678913000000,20348000000,37102622000000
ACB,HOSE,bank,Q4-2020,2020,4,onnx@200,pdf,2021-02-24,audited,direct,1000000,2,FY-2020_bao_cao_tai_chinh_hop_nhat_nam_2020_da_kiem_toan.pdf,,,,,-16519692000000,1694654000000,1515830000000,,208790000000,-7539178000000,,9688384000000,2387428000000,,-10555531000000,,-42778448000000,,677200000000,,,4626670000000,45066447000000,1339800000000,-39442000000,,1061621000000,-1156000000,10879261000000,,3336000000,,-500000000,7220000000,,,,17573000000,-395503000000,,,-170000000000,,,,-140600000000,10343158000000,35678913000000,,46022071000000
ACB,HOSE,bank,Q1-2021,2021,1,onnx@200+relax,pdf,2021-04-20,unaudited,direct,1000000,2,Q1-2021_bao_cao_tai_chinh_hop_nhat_quy_1_nam_2021.pdf,,,,8881873000000,-3631108000000,625207000000,244433000000,,41267000000,-2962160000000,-334019000000,2856723000000,,2560310000000,6367673000000,-81030000000,-12832128000000,,-420302000000,,-3539638000000,,-978185000000,-1669999000000,-8456000000,,9009073000000,-570000000,1263471000000,-93052000000,766000000,,,148453000000,,,,3494000000,59661000000,,,,,,,,1323132000000,46022071000000,-2229000000,47342974000000
ACB,HOSE,bank,Q2-2021,2021,2,onnx@200,pdf,2021-08-12,reviewed,direct,1000000,2,Q2-2021_bao_cao_tai_chinh_hop_nhat_quy_2_nam_2021_da_soat_xet.pdf,,,,,-8090685000000,1511586000000,533680000000,,112085000000,-4508515000000,-422062000000,6918786000000,903084000000,,3960585000000,-27565000000,-30188511000000,,17420000000,3210714000000,,,5278310000000,5397000000000,-16052000000,,8223191000000,-950000000,3573503000000,,2652000000,,,148453000000,,,,6316000000,-165069000000,,,,,,,,3408434000000,46022071000000,10446000000,49440951000000
ACB,HOSE,bank,Q3-2021,2021,3,onnx@200+relax,pdf,2021-10-20,unaudited,direct,1000000,2,Q3-2021_bao_cao_tai_chinh_hop_nhat_quy_3_nam_2021.pdf,,,,26306191000000,-11541616000000,2147145000000,898778000000,,164153000000,,-1143643000000,10275572000000,,2138355000000,1190360000000,-9509000000,-25012613000000,,301535000000,,-3551068000000,,12574635000000,10397000000000,-22906000000,,8197495000000,-1225000000,16295519000000,-372839000000,2652000000,,,148453000000,,,,16255000000,-205479000000,,,,,,,,16090040000000,46022071000000,11022000000,62123133000000
ACB,HOSE,bank,Q4-2021,2021,4,onnx@200,pdf,2022-02-24,audited,direct,1000000,2,FY-2021_bao_cao_tai_chinh_hop_nhat_nam_2021_da_kiem_toan.pdf,,,,,-15219854000000,2893963000000,1184916000000,,215974000000,-8551243000000,,12326573000000,1756384000000,,-478966000000,-172072000000,-50433549000000,,620404000000,30518697000000,,,26724831000000,11356952000000,-30639000000,,8163652000000,-1483000000,39925899000000,,3265000000,,,148453000000,,,,21979000000,-462403000000,,,-2884000000000,,,,-2884000000000,36579496000000,46022071000000,,82601567000000
ACB,HOSE,bank,Q1-2022,2022,1,onnx@200+relax,pdf,2022-04-22,unaudited,direct,1000000,2,Q1-2022_bao_cao_tai_chinh_hop_nhat_quy_1_nam_2022.pdf,,,,9192352000000,-3095948000000,739159000000,319430000000,,335019000000,-3367256000000,-562397000000,3593628000000,,2671012000000,6534082000000,134137000000,-18070412000000,,-684751000000,,,-10070482000000,6130252000000,400000000000,-6890000000,,865775000000,-399000000,-8504479000000,-83494000000,903000000,,,,,-10520000000,,2507000000,-90604000000,,,,,,,,-8595083000000,,14889000000,74021373000000
ACB,HOSE,bank,Q2-2022,2022,2,onnx@200,pdf,2022-08-10,reviewed,direct,1000000,2,Q2-2022_bao_cao_tai_chinh_hop_nhat_quy_2_nam_2022_da_soat_xet.pdf,,,,,-7400804000000,1732426000000,370042000000,,641286000000,-5232095000000,-1561804000000,7310792000000,1884344000000,,4228710000000,,-33686113000000,-42105000000,-1158637000000,565000000,,-3681311000000,8211263000000,4300000000000,-15287000000,,-92124000000,-556000000,-12605470000000,,1921000000,,,,,-10520000000,500000000,31006000000,-103408000000,,,,,,,,-12708878000000,82601567000000,84439000000,69977128000000
ACB,HOSE,bank,Q3-2022,2022,3,onnx@200+relax,pdf,2022-10-20,unaudited,direct,1000000,2,Q3-2022_bao_cao_tai_chinh_hop_nhat_quy_3_nam_2022.pdf,,,,28887587000000,-11413471000000,2599211000000,419706000000,,,-7301302000000,-1576254000000,12415327000000,,3630845000000,-2500539000000,159371000000,-40338393000000,-42872000000,-3933223000000,,34000000,-2563455000000,12102848000000,9500000000000,-21516000000,1900022000000,,-807000000,-9692358000000,-303659000000,2948000000,,,85364000000,,-10520000000,500000000,44077000000,-181290000000,,,,,,,,-9873648000000,82601567000000,166147000000,72894066000000
ACB,HOSE,bank,Q4-2022,2022,4,onnx@200,pdf,2023-02-28,audited,direct,1000000,2,FY-2022_bao_cao_tai_chinh_hop_nhat_nam_2022_da_kiem_toan.pdf,,,,,-16232032000000,3526244000000,,,786804000000,-10817313000000,,16413910000000,2848001000000,,-6448600000000,126473000000,,,-1946491000000,505876000000,,13446901000000,34032121000000,13749900000000,-25878000000,,1600161000000,-201463000000,21274539000000,,4741000000,,,85364000000,,-10520000000,6451000000,59599000000,-365878000000,,,,,,,,20908661000000,82601567000000,,103510228000000
ACB,HOSE,bank,Q1-2023,2023,1,onnx@200+relax,pdf,2023-04-19,unaudited,direct,1000000,2,Q1-2023_bao_cao_tai_chinh_hop_nhat_quy_1_nam_2023.pdf,,,,12893679000000,-4989671000000,627066000000,448042000000,,533489000000,-3487479000000,-2402677000000,3655575000000,,-6221350000000,-4050196000000,-294970000000,2417708000000,96000000,-977079000000,,-499766000000,,8802302000000,5850000000000,-4608000000,,317685000000,-300000000,-6426636000000,-149733000000,861000000,,,,,,,31051000000,-117821000000,,,,,,,,-6544457000000,103510231000000,-43527000000,96922247000000
ACB,HOSE,bank,Q2-2023,2023,2,onnx@200,pdf,2023-08-10,reviewed,direct,1000000,2,Q2-2023_bao_cao_tai_chinh_hop_nhat_quy_2_nam_2023_da_soat_xet.pdf,,,,,-11616292000000,1148119000000,1210264000000,,671495000000,-5470355000000,-3496214000000,9097474000000,2069140000000,,-439105000000,-13956000000,-20325702000000,,509545000000,-502955000000,,1116658000000,18457676000000,350000000000,-11006000000,,-1477255000000,-533000000,7991979000000,,2000000000,,,,,,,32205000000,,,,,,,,-3377435000000,4285206000000,103510228000000,-44922000000,107750512000000
ACB,HOSE,bank,Q3-2023,2023,3,onnx@200+pad6+relax+components,pdf,2023-10-20,unaudited,direct,1000000,2,Q3-2023_bao_cao_tai_chinh_hop_nhat_quy_3_nam_2023.pdf,,,,39916705000000,-18147814000000,1770039000000,2493525000000,,769418000000,435000000,732000000,15055342000000,,-329764000000,5098770000000,20862000000,-36045401000000,144000000,153106000000,-487324000000,,,31547056000000,549530000000,-14939000000,,-1456960000000,-717000000,13146103000000,-507629000000,467000000,,,,,,,69115000000,-436047000000,,435000000,,,,,-3377435000000,9332621000000,103510228000000,-124393000000,112718456000000
ACB,HOSE,bank,Q4-2023,2023,4,onnx@200,pdf,2024-02-26,audited,direct,1000000,2,FY-2023_bao_cao_tai_chinh_hop_nhat_nam_2023_da_kiem_toan.pdf,,,,,-25262835000000,2357768000000,3882434000000,,880179000000,-10567861000000,,19421985000000,127308000000,,-3695212000000,100072000000,-73896868000000,-1287015000000,-50243000000,-505788000000,,21665822000000,68749941000000,8099170000000,-18654000000,117126000000,-1689943000000,-1500000000,37136201000000,,4038000000,,,,,,,74955000000,-1197256000000,,,,,,,-3377435000000,32561510000000,103510228000000,,136071738000000
ACB,HOSE,bank,Q1-2024,2024,1,onnx@300+relax,pdf,2024-04-24,unaudited,direct,1000000,2,Q1-2024_bao_cao_tai_chinh_hop_nhat_quy_1_nam_2024.pdf,,,,12038272000000,-6529929000000,603535000000,578655000000,,175657000000,-3460632000000,-2390569000000,901606000000,,-6323019000000,6085376000000,,-18510364000000,-106647000000,250707000000,,66495000000,,10101665000000,-3400000000000,-4213000000,,1214770000000,-150000000,-9470390000000,-34725000000,154000000,,,,,5087000000,,,-29484000000,,,,,,,,-9499874000000,136071738000000,-70648000000,126501216000000
ACB,HOSE,bank,Q2-2024,2024,2,onnx@200,pdf,2024-08-12,reviewed,direct,1000000,2,Q2-2024_bao_cao_tai_chinh_hop_nhat_quy_2_nam_2024_da_soat_xet.pdf,,,,,-11934653000000,1339438000000,982122000000,,325185000000,-5569684000000,-2510781000000,7417337000000,-4262359000000,,-2776514000000,,-62570441000000,-148064000000,508547000000,15857000000,,4253956000000,28993045000000,14539810000000,-8359000000,,1472295000000,-246000000,-12620430000000,,79796000000,,,,,,,11833000000,-290397000000,,,,,,,-3884051000000,-16794878000000,136071738000000,-253241000000,119023619000000
ACB,HOSE,bank,Q3-2024,2024,3,onnx@200+relax,pdf,2024-10-22,unaudited,direct,1000000,2,Q3-2024_bao_cao_tai_chinh_hop_nhat_quy_3_nam_2024.pdf,,,,37740306000000,-17937009000000,1944960000000,1244720000000,,516793000000,-7960219000000,-2547654000000,13005331000000,,680339000000,-27371144000000,-267873000000,-67306622000000,-164512000000,581967000000,,19064000000,,29420938000000,37950642000000,-9893000000,-117126000000,417293000000,-726000000,,-500790000000,80571000000,,,,,3507000000,,21896000000,-394816000000,,-3884051000000,,,,,-3884051000000,-33428200000000,136071738000000,-62053000000,102581485000000
ACB,HOSE,bank,Q4-2024,2024,4,onnx@200,pdf,2025-02-24,audited,direct,1000000,2,FY-2024_bao_cao_tai_chinh_hop_nhat_nam_2024_da_kiem_toan.pdf,,,,,-23737584000000,2672118000000,1822938000000,,740938000000,-10747138000000,,16709886000000,-5521656000000,,-43561371000000,-55992000000,-93084396000000,,271010000000,7954765000000,,22085006000000,54601847000000,49233145000000,-13526000000,-117126000000,102768000000,-1249000000,8370231000000,,147865000000,,,,,,3507000000,35058000000,-733310000000,,,,,,,-3884051000000,3752870000000,136071738000000,,139824608000000
ACB,HOSE,bank,Q1-2025,2025,1,onnx@300+relax,pdf,2025-04-21,unaudited,direct,1000000,2,Q1-2025_bao_cao_tai_chinh_hop_nhat_quy_1_nam_2025.pdf,,,,12525872000000,-6108286000000,730646000000,522084000000,,63146000000,-3197274000000,-2450967000000,2203592000000,,-3366186000000,-10338634000000,55992000000,-18119618000000,-1040908000000,821766000000,,10688434000000,,13070442000000,12400000000000,-1283000000,171338000000,-533200000000,-13847000000,-4309694000000,-180662000000,869000000,,,,,2856000000,,,-176937000000,,,,,,,,-4486631000000,139824608000000,-65367000000,135272610000000
ACB,HOSE,bank,Q2-2025,2025,2,onnx@200,pdf,2025-08-12,reviewed,direct,1000000,2,Q2-2025_bao_cao_tai_chinh_hop_nhat_quy_2_nam_2025_da_soat_xet.pdf,,,,,-13005627000000,1173710000000,1704286000000,,689850000000,-5584991000000,-3419335000000,8594951000000,-3894445000000,,-25364033000000,55992000000,-53062435000000,-1793325000000,-422012000000,13071925000000,,-15332394000000,30102282000000,37899600000000,-3461000000,318849000000,50650000000,-22434000000,-9800290000000,,71966000000,,-80950000000,5000000000,,,,62643000000,-223472000000,,,,,,,-4466658000000,-14490420000000,139824608000000,-243816000000,125090372000000
ACB,HOSE,bank,Q3-2025,2025,3,onnx@200+relax,pdf,2025-10-02,unaudited,direct,1000000,2,Q3-2025_bao_cao_tai_chinh_hop_nhat_quy_3_nam_2025.pdf,,,,41460186000000,-21171994000000,1827470000000,2473282000000,,921236000000,-7878395000000,-4315845000000,13230263000000,,-3128166000000,-15712885000000,55992000000,-88501877000000,-2004301000000,-1584239000000,,12736716000000,,33724374000000,11732350000000,-5552000000,123668000000,594208000000,-35882000000,,-378759000000,72060000000,,-110544000000,247634000000,,,,79067000000,-90542000000,,-4466658000000,,,,,-4466658000000,-25748110000000,139824608000000,-319534000000,113756964000000
ACB,HOSE,bank,Q4-2025,2025,4,onnx@300,pdf,2026-02-24,audited,direct,1000000,2,FY-2025_bao_cao_tai_chinh_hop_nhat_nam_2025_da_kiem_toan.pdf,,,,,-29920751000000,2580073000000,2636825000000,,1084336000000,-10615757000000,,18097000000000,-1952539000000,,-26764393000000,-268306000000,-106091104000000,-2500269000000,-2365518000000,25021286000000,,43407871000000,47875597000000,31638310000000,-8929000000,,2200942000000,-129874000000,28160074000000,,72205000000,,-110808000000,265000000000,,,52078000000,119157000000,-304232000000,,,,,,,-4466658000000,23389184000000,139824608000000,,163213792000000
ACB,HOSE,bank,Q1-2026,2026,1,onnx@200+relax,pdf,2026-04-20,unaudited,direct,1000000,2,Q1-2026_bao_cao_tai_chinh_hop_nhat_quy_1_nam_2026.pdf,,,,16681975000000,-8404855000000,851243000000,674347000000,,66237000000,-3047926000000,-2033121000000,4954104000000,,-3528746000000,-2488011000000,324298000000,-22248716000000,-496369000000,1609607000000,,-649504000000,,-16070567000000,22646862000000,-1842000000,12990000000,-2080421000000,-10059000000,-21438814000000,-351773000000,35000000,,-11246000000,,,26492000000,,,-336492000000,,,,,,,,-21775306000000,163213792000000,-89055000000,141349431000000
ACB,HOSE,bank,Q2-2026,2026,2,,cafef,,,,,,,,,,36350924000000,-21511556000000,1535010000000,989305000000,149863000000,258133000000,-5625860000000,-3102702000000,9043117000000,0,-6910625000000,-21338651000000,209387000000,-58981951000000,-1305430000000,1603062000000,0,-11957263000000,-6639321000000,-8576573000000,65715770000000,-4533000000,0,-3214962000000,-16861000000,-42374834000000,-446854000000,1247000000,0,-202188000000,0,0,0,0,59947000000,-587848000000,0,0,0,-3595660000000,0,0,-3595660000000,-46558342000000,163213792000000,-122407000000,116533043000000
